event_id,timestamp,source_type,source_asset,destination_asset,user_id,event_type,protocol,action,severity,indicator,details
EVT00001,2026-09-22 01:19:32,VPN,VPN-GW-01,VENDOR-DMZ-01,vendor_maint,LOGIN_SUCCESS,TLS,ALLOW,Low,,Routine vendor session
EVT00002,2026-09-22 03:54:20,VPN,VPN-GW-01,VENDOR-DMZ-01,vendor_maint,LOGIN_SUCCESS,TLS,ALLOW,Low,,Routine vendor session
EVT00003,2026-09-22 04:25:00,DNS,DNS-01,SOC-SIEM-01,system,DNS_QUERY,UDP/53,ALLOW,Low,ntp.pool.example,Normal name resolution
EVT00004,2026-09-22 04:33:53,FIREWALL,OT-JUMP-01,HIST-01,admin_katjiuongua,HTTPS_SESSION,TCP/443,ALLOW,Low,,Approved historian administration
EVT00005,2026-09-22 04:46:41,OT_IDS,HMI-01,PLC-SUB-01,system,MODBUS_READ,Modbus/TCP,ALLOW,Low,,Normal telemetry read
EVT00006,2026-09-22 05:00:38,EDR,ENG-WS-01,SOC-SIEM-01,eng_kavita,PROCESS_START,Local,ALLOW,Low,,Signed engineering utility
EVT00007,2026-09-22 05:05:29,DNS,DNS-01,SOC-SIEM-01,system,DNS_QUERY,UDP/53,ALLOW,Low,updates.microsoft.example,Normal name resolution
EVT00008,2026-09-22 05:14:40,FIREWALL,OT-JUMP-01,HIST-01,admin_katjiuongua,HTTPS_SESSION,TCP/443,ALLOW,Low,,Approved historian administration
EVT00009,2026-09-22 06:03:50,FIREWALL,OT-JUMP-01,HIST-01,admin_katjiuongua,HTTPS_SESSION,TCP/443,ALLOW,Low,,Approved historian administration
EVT00010,2026-09-22 06:46:51,OT_IDS,HMI-01,PLC-SUB-01,system,MODBUS_READ,Modbus/TCP,ALLOW,Low,,Normal telemetry read
EVT00011,2026-09-22 07:16:43,WINDOWS,OT-JUMP-01,IDP-01,admin_katjiuongua,AUTH_SUCCESS,Kerberos,ALLOW,Low,,Approved privileged access
EVT00012,2026-09-22 07:22:05,OT_IDS,HMI-01,PLC-SUB-01,system,MODBUS_READ,Modbus/TCP,ALLOW,Low,,Normal telemetry read
EVT00013,2026-09-22 07:24:48,WINDOWS,OT-JUMP-01,IDP-01,admin_katjiuongua,AUTH_SUCCESS,Kerberos,ALLOW,Low,,Approved privileged access
EVT00014,2026-09-22 07:38:19,WINDOWS,OT-JUMP-01,IDP-01,admin_katjiuongua,AUTH_SUCCESS,Kerberos,ALLOW,Low,,Approved privileged access
EVT00015,2026-09-22 07:41:02,EDR,ENG-WS-01,SOC-SIEM-01,eng_kavita,PROCESS_START,Local,ALLOW,Low,,Signed engineering utility
EVT00016,2026-09-22 08:03:28,FIREWALL,OT-JUMP-01,HIST-01,admin_katjiuongua,HTTPS_SESSION,TCP/443,ALLOW,Low,,Approved historian administration
EVT00017,2026-09-22 08:13:34,DNS,DNS-01,SOC-SIEM-01,system,DNS_QUERY,UDP/53,ALLOW,Low,ntp.pool.example,Normal name resolution
EVT00018,2026-09-22 08:38:09,FIREWALL,OT-JUMP-01,HIST-01,admin_katjiuongua,HTTPS_SESSION,TCP/443,ALLOW,Low,,Approved historian administration
EVT00019,2026-09-22 08:50:53,VPN,VPN-GW-01,VENDOR-DMZ-01,vendor_maint,LOGIN_SUCCESS,TLS,ALLOW,Low,,Routine vendor session
EVT00020,2026-09-22 09:05:35,DNS,DNS-01,SOC-SIEM-01,system,DNS_QUERY,UDP/53,ALLOW,Low,updates.microsoft.example,Normal name resolution
EVT00021,2026-09-22 09:15:18,WINDOWS,OT-JUMP-01,IDP-01,admin_katjiuongua,AUTH_SUCCESS,Kerberos,ALLOW,Low,,Approved privileged access
EVT00022,2026-09-22 09:21:01,VPN,VPN-GW-01,VENDOR-DMZ-01,vendor_maint,LOGIN_SUCCESS,TLS,ALLOW,Low,,Routine vendor session
EVT00023,2026-09-22 09:34:06,OT_IDS,HMI-01,PLC-SUB-01,system,MODBUS_READ,Modbus/TCP,ALLOW,Low,,Normal telemetry read
EVT00024,2026-09-22 10:00:33,EDR,ENG-WS-01,SOC-SIEM-01,eng_kavita,PROCESS_START,Local,ALLOW,Low,,Signed engineering utility
EVT00025,2026-09-22 10:16:03,DNS,DNS-01,SOC-SIEM-01,system,DNS_QUERY,UDP/53,ALLOW,Low,erp.egs.example,Normal name resolution
EVT00026,2026-09-22 10:35:33,OT_IDS,HMI-01,PLC-SUB-01,system,MODBUS_READ,Modbus/TCP,ALLOW,Low,,Normal telemetry read
EVT00027,2026-09-22 10:40:10,EDR,ENG-WS-01,SOC-SIEM-01,eng_kavita,PROCESS_START,Local,ALLOW,Low,,Signed engineering utility
EVT00028,2026-09-22 10:42:56,FIREWALL,OT-JUMP-01,HIST-01,admin_katjiuongua,HTTPS_SESSION,TCP/443,ALLOW,Low,,Approved historian administration
EVT00029,2026-09-22 11:00:08,FIREWALL,OT-JUMP-01,HIST-01,admin_katjiuongua,HTTPS_SESSION,TCP/443,ALLOW,Low,,Approved historian administration
EVT00030,2026-09-22 11:05:29,HISTORIAN,HIST-01,HIST-REPLICA-01,system,REPLICATION,HTTPS,ALLOW,Low,,Scheduled historian replication
EVT00031,2026-09-22 11:05:34,VPN,VPN-GW-01,VENDOR-DMZ-01,vendor_maint,LOGIN_SUCCESS,TLS,ALLOW,Low,,Routine vendor session
EVT00032,2026-09-22 11:16:26,EDR,ENG-WS-01,SOC-SIEM-01,eng_kavita,PROCESS_START,Local,ALLOW,Low,,Signed engineering utility
EVT00033,2026-09-22 11:27:50,HISTORIAN,HIST-01,HIST-REPLICA-01,system,REPLICATION,HTTPS,ALLOW,Low,,Scheduled historian replication
EVT00034,2026-09-22 11:33:42,HISTORIAN,HIST-01,HIST-REPLICA-01,system,REPLICATION,HTTPS,ALLOW,Low,,Scheduled historian replication
EVT00035,2026-09-22 11:43:53,FIREWALL,OT-JUMP-01,HIST-01,admin_katjiuongua,HTTPS_SESSION,TCP/443,ALLOW,Low,,Approved historian administration
EVT00036,2026-09-22 11:44:52,EDR,ENG-WS-01,SOC-SIEM-01,eng_kavita,PROCESS_START,Local,ALLOW,Low,,Signed engineering utility
EVT00037,2026-09-22 11:45:53,EDR,ENG-WS-01,SOC-SIEM-01,eng_kavita,PROCESS_START,Local,ALLOW,Low,,Signed engineering utility
EVT00038,2026-09-22 12:35:01,OT_IDS,HMI-01,PLC-SUB-01,system,MODBUS_READ,Modbus/TCP,ALLOW,Low,,Normal telemetry read
EVT00039,2026-09-22 12:45:16,WINDOWS,OT-JUMP-01,IDP-01,admin_katjiuongua,AUTH_SUCCESS,Kerberos,ALLOW,Low,,Approved privileged access
EVT00040,2026-09-22 12:45:43,OT_IDS,HMI-01,PLC-SUB-01,system,MODBUS_READ,Modbus/TCP,ALLOW,Low,,Normal telemetry read
EVT00041,2026-09-22 12:53:45,FIREWALL,OT-JUMP-01,HIST-01,admin_katjiuongua,HTTPS_SESSION,TCP/443,ALLOW,Low,,Approved historian administration
EVT00042,2026-09-22 13:13:18,WINDOWS,OT-JUMP-01,IDP-01,admin_katjiuongua,AUTH_SUCCESS,Kerberos,ALLOW,Low,,Approved privileged access
EVT00043,2026-09-22 13:23:53,VPN,VPN-GW-01,VENDOR-DMZ-01,vendor_maint,LOGIN_SUCCESS,TLS,ALLOW,Low,,Routine vendor session
EVT00044,2026-09-22 14:18:58,EDR,ENG-WS-01,SOC-SIEM-01,eng_kavita,PROCESS_START,Local,ALLOW,Low,,Signed engineering utility
EVT00045,2026-09-22 14:24:15,OT_IDS,HMI-01,PLC-SUB-01,system,MODBUS_READ,Modbus/TCP,ALLOW,Low,,Normal telemetry read
EVT00046,2026-09-22 14:37:03,FIREWALL,OT-JUMP-01,HIST-01,admin_katjiuongua,HTTPS_SESSION,TCP/443,ALLOW,Low,,Approved historian administration
EVT00047,2026-09-22 15:01:52,VPN,VPN-GW-01,VENDOR-DMZ-01,vendor_maint,LOGIN_SUCCESS,TLS,ALLOW,Low,,Routine vendor session
EVT00048,2026-09-22 15:26:34,HISTORIAN,HIST-01,HIST-REPLICA-01,system,REPLICATION,HTTPS,ALLOW,Low,,Scheduled historian replication
EVT00049,2026-09-22 15:30:03,WINDOWS,OT-JUMP-01,IDP-01,admin_katjiuongua,AUTH_SUCCESS,Kerberos,ALLOW,Low,,Approved privileged access
EVT00050,2026-09-22 15:32:45,OT_IDS,HMI-01,PLC-SUB-01,system,MODBUS_READ,Modbus/TCP,ALLOW,Low,,Normal telemetry read
EVT00051,2026-09-22 16:13:35,VPN,VPN-GW-01,VENDOR-DMZ-01,vendor_maint,LOGIN_SUCCESS,TLS,ALLOW,Low,,Routine vendor session
EVT00052,2026-09-22 16:49:26,VPN,VPN-GW-01,VENDOR-DMZ-01,vendor_maint,LOGIN_SUCCESS,TLS,ALLOW,Low,,Routine vendor session
EVT00053,2026-09-22 16:52:31,OT_IDS,HMI-01,PLC-SUB-01,system,MODBUS_READ,Modbus/TCP,ALLOW,Low,,Normal telemetry read
EVT00054,2026-09-22 17:01:56,HISTORIAN,HIST-01,HIST-REPLICA-01,system,REPLICATION,HTTPS,ALLOW,Low,,Scheduled historian replication
EVT00055,2026-09-22 17:43:52,FIREWALL,OT-JUMP-01,HIST-01,admin_katjiuongua,HTTPS_SESSION,TCP/443,ALLOW,Low,,Approved historian administration
EVT00056,2026-09-22 17:45:12,FIREWALL,OT-JUMP-01,HIST-01,admin_katjiuongua,HTTPS_SESSION,TCP/443,ALLOW,Low,,Approved historian administration
EVT00057,2026-09-22 18:03:58,OT_IDS,HMI-01,PLC-SUB-01,system,MODBUS_READ,Modbus/TCP,ALLOW,Low,,Normal telemetry read
EVT00058,2026-09-22 18:08:30,EDR,ENG-WS-01,SOC-SIEM-01,eng_kavita,PROCESS_START,Local,ALLOW,Low,,Signed engineering utility
EVT00059,2026-09-22 18:34:54,EDR,ENG-WS-01,SOC-SIEM-01,eng_kavita,PROCESS_START,Local,ALLOW,Low,,Signed engineering utility
EVT00060,2026-09-22 18:47:03,FIREWALL,OT-JUMP-01,HIST-01,admin_katjiuongua,HTTPS_SESSION,TCP/443,ALLOW,Low,,Approved historian administration
EVT00061,2026-09-22 19:58:52,OT_IDS,HMI-01,PLC-SUB-01,system,MODBUS_READ,Modbus/TCP,ALLOW,Low,,Normal telemetry read
EVT00062,2026-09-22 22:06:45,OT_IDS,HMI-01,PLC-SUB-01,system,MODBUS_READ,Modbus/TCP,ALLOW,Low,,Normal telemetry read
EVT00063,2026-09-22 22:24:21,DNS,DNS-01,SOC-SIEM-01,system,DNS_QUERY,UDP/53,ALLOW,Low,updates.microsoft.example,Normal name resolution
EVT00064,2026-09-22 23:52:34,WINDOWS,OT-JUMP-01,IDP-01,admin_katjiuongua,AUTH_SUCCESS,Kerberos,ALLOW,Low,,Approved privileged access
EVT00065,2026-09-23 01:08:26,VPN,VPN-GW-01,VENDOR-DMZ-01,vendor_maint,LOGIN_SUCCESS,TLS,ALLOW,Low,,Routine vendor session
EVT00066,2026-09-23 02:27:05,DNS,DNS-01,SOC-SIEM-01,system,DNS_QUERY,UDP/53,ALLOW,Low,updates.microsoft.example,Normal name resolution
EVT00067,2026-09-23 04:34:45,OT_IDS,HMI-01,PLC-SUB-01,system,MODBUS_READ,Modbus/TCP,ALLOW,Low,,Normal telemetry read
EVT00068,2026-09-23 05:17:41,WINDOWS,OT-JUMP-01,IDP-01,admin_katjiuongua,AUTH_SUCCESS,Kerberos,ALLOW,Low,,Approved privileged access
EVT00069,2026-09-23 06:03:45,HISTORIAN,HIST-01,HIST-REPLICA-01,system,REPLICATION,HTTPS,ALLOW,Low,,Scheduled historian replication
EVT00070,2026-09-23 06:41:48,DNS,DNS-01,SOC-SIEM-01,system,DNS_QUERY,UDP/53,ALLOW,Low,updates.microsoft.example,Normal name resolution
EVT00071,2026-09-23 07:22:08,HISTORIAN,HIST-01,HIST-REPLICA-01,system,REPLICATION,HTTPS,ALLOW,Low,,Scheduled historian replication
EVT00072,2026-09-23 07:44:47,HISTORIAN,HIST-01,HIST-REPLICA-01,system,REPLICATION,HTTPS,ALLOW,Low,,Scheduled historian replication
EVT00073,2026-09-23 08:01:48,WINDOWS,OT-JUMP-01,IDP-01,admin_katjiuongua,AUTH_SUCCESS,Kerberos,ALLOW,Low,,Approved privileged access
EVT00074,2026-09-23 08:22:42,FIREWALL,OT-JUMP-01,HIST-01,admin_katjiuongua,HTTPS_SESSION,TCP/443,ALLOW,Low,,Approved historian administration
EVT00075,2026-09-23 08:26:54,EDR,ENG-WS-01,SOC-SIEM-01,eng_kavita,PROCESS_START,Local,ALLOW,Low,,Signed engineering utility
EVT00076,2026-09-23 08:27:57,VPN,VPN-GW-01,VENDOR-DMZ-01,vendor_maint,LOGIN_SUCCESS,TLS,ALLOW,Low,,Routine vendor session
EVT00077,2026-09-23 08:46:45,HISTORIAN,HIST-01,HIST-REPLICA-01,system,REPLICATION,HTTPS,ALLOW,Low,,Scheduled historian replication
EVT00078,2026-09-23 08:54:40,EDR,ENG-WS-01,SOC-SIEM-01,eng_kavita,PROCESS_START,Local,ALLOW,Low,,Signed engineering utility
EVT00079,2026-09-23 09:02:27,DNS,DNS-01,SOC-SIEM-01,system,DNS_QUERY,UDP/53,ALLOW,Low,weather.example,Normal name resolution
EVT00080,2026-09-23 09:06:29,HISTORIAN,HIST-01,HIST-REPLICA-01,system,REPLICATION,HTTPS,ALLOW,Low,,Scheduled historian replication
EVT00081,2026-09-23 09:08:58,OT_IDS,HMI-01,PLC-SUB-01,system,MODBUS_READ,Modbus/TCP,ALLOW,Low,,Normal telemetry read
EVT00082,2026-09-23 09:40:28,WINDOWS,OT-JUMP-01,IDP-01,admin_katjiuongua,AUTH_SUCCESS,Kerberos,ALLOW,Low,,Approved privileged access
EVT00083,2026-09-23 10:04:58,EDR,ENG-WS-01,SOC-SIEM-01,eng_kavita,PROCESS_START,Local,ALLOW,Low,,Signed engineering utility
EVT00084,2026-09-23 10:06:02,EDR,ENG-WS-01,SOC-SIEM-01,eng_kavita,PROCESS_START,Local,ALLOW,Low,,Signed engineering utility
EVT00085,2026-09-23 10:08:36,DNS,DNS-01,SOC-SIEM-01,system,DNS_QUERY,UDP/53,ALLOW,Low,ntp.pool.example,Normal name resolution
EVT00086,2026-09-23 10:10:40,FIREWALL,OT-JUMP-01,HIST-01,admin_katjiuongua,HTTPS_SESSION,TCP/443,ALLOW,Low,,Approved historian administration
EVT00087,2026-09-23 10:19:01,WINDOWS,OT-JUMP-01,IDP-01,admin_katjiuongua,AUTH_SUCCESS,Kerberos,ALLOW,Low,,Approved privileged access
EVT00088,2026-09-23 10:23:33,FIREWALL,OT-JUMP-01,HIST-01,admin_katjiuongua,HTTPS_SESSION,TCP/443,ALLOW,Low,,Approved historian administration
EVT00089,2026-09-23 10:37:30,FIREWALL,OT-JUMP-01,HIST-01,admin_katjiuongua,HTTPS_SESSION,TCP/443,ALLOW,Low,,Approved historian administration
EVT00090,2026-09-23 10:39:12,EDR,ENG-WS-01,SOC-SIEM-01,eng_kavita,PROCESS_START,Local,ALLOW,Low,,Signed engineering utility
EVT00091,2026-09-23 10:41:27,VPN,VPN-GW-01,VENDOR-DMZ-01,vendor_maint,LOGIN_SUCCESS,TLS,ALLOW,Low,,Routine vendor session
EVT00092,2026-09-23 11:31:10,EDR,ENG-WS-01,SOC-SIEM-01,eng_kavita,PROCESS_START,Local,ALLOW,Low,,Signed engineering utility
EVT00093,2026-09-23 11:51:00,WINDOWS,OT-JUMP-01,IDP-01,admin_katjiuongua,AUTH_SUCCESS,Kerberos,ALLOW,Low,,Approved privileged access
EVT00094,2026-09-23 12:02:35,EDR,ENG-WS-01,SOC-SIEM-01,eng_kavita,PROCESS_START,Local,ALLOW,Low,,Signed engineering utility
EVT00095,2026-09-23 12:03:09,OT_IDS,HMI-01,PLC-SUB-01,system,MODBUS_READ,Modbus/TCP,ALLOW,Low,,Normal telemetry read
EVT00096,2026-09-23 12:34:16,HISTORIAN,HIST-01,HIST-REPLICA-01,system,REPLICATION,HTTPS,ALLOW,Low,,Scheduled historian replication
EVT00097,2026-09-23 12:34:32,HISTORIAN,HIST-01,HIST-REPLICA-01,system,REPLICATION,HTTPS,ALLOW,Low,,Scheduled historian replication
EVT00098,2026-09-23 12:47:06,DNS,DNS-01,SOC-SIEM-01,system,DNS_QUERY,UDP/53,ALLOW,Low,updates.microsoft.example,Normal name resolution
EVT00099,2026-09-23 12:47:26,EDR,ENG-WS-01,SOC-SIEM-01,eng_kavita,PROCESS_START,Local,ALLOW,Low,,Signed engineering utility
EVT00100,2026-09-23 12:56:11,OT_IDS,HMI-01,PLC-SUB-01,system,MODBUS_READ,Modbus/TCP,ALLOW,Low,,Normal telemetry read
EVT00101,2026-09-23 13:01:59,FIREWALL,OT-JUMP-01,HIST-01,admin_katjiuongua,HTTPS_SESSION,TCP/443,ALLOW,Low,,Approved historian administration
EVT00102,2026-09-23 13:08:06,VPN,VPN-GW-01,VENDOR-DMZ-01,vendor_maint,LOGIN_SUCCESS,TLS,ALLOW,Low,,Routine vendor session
EVT00103,2026-09-23 13:08:35,DNS,DNS-01,SOC-SIEM-01,system,DNS_QUERY,UDP/53,ALLOW,Low,weather.example,Normal name resolution
EVT00104,2026-09-23 13:10:04,EDR,ENG-WS-01,SOC-SIEM-01,eng_kavita,PROCESS_START,Local,ALLOW,Low,,Signed engineering utility
EVT00105,2026-09-23 14:11:00,EDR,ENG-WS-01,SOC-SIEM-01,eng_kavita,PROCESS_START,Local,ALLOW,Low,,Signed engineering utility
EVT00106,2026-09-23 14:30:59,DNS,DNS-01,SOC-SIEM-01,system,DNS_QUERY,UDP/53,ALLOW,Low,ntp.pool.example,Normal name resolution
EVT00107,2026-09-23 14:39:07,DNS,DNS-01,SOC-SIEM-01,system,DNS_QUERY,UDP/53,ALLOW,Low,updates.microsoft.example,Normal name resolution
EVT00108,2026-09-23 14:42:11,HISTORIAN,HIST-01,HIST-REPLICA-01,system,REPLICATION,HTTPS,ALLOW,Low,,Scheduled historian replication
EVT00109,2026-09-23 14:52:39,WINDOWS,OT-JUMP-01,IDP-01,admin_katjiuongua,AUTH_SUCCESS,Kerberos,ALLOW,Low,,Approved privileged access
EVT00110,2026-09-23 15:41:07,OT_IDS,HMI-01,PLC-SUB-01,system,MODBUS_READ,Modbus/TCP,ALLOW,Low,,Normal telemetry read
EVT00111,2026-09-23 15:57:42,HISTORIAN,HIST-01,HIST-REPLICA-01,system,REPLICATION,HTTPS,ALLOW,Low,,Scheduled historian replication
EVT00112,2026-09-23 16:15:33,DNS,DNS-01,SOC-SIEM-01,system,DNS_QUERY,UDP/53,ALLOW,Low,weather.example,Normal name resolution
EVT00113,2026-09-23 16:30:42,WINDOWS,OT-JUMP-01,IDP-01,admin_katjiuongua,AUTH_SUCCESS,Kerberos,ALLOW,Low,,Approved privileged access
EVT00114,2026-09-23 16:51:24,FIREWALL,OT-JUMP-01,HIST-01,admin_katjiuongua,HTTPS_SESSION,TCP/443,ALLOW,Low,,Approved historian administration
EVT00115,2026-09-23 17:16:14,EDR,ENG-WS-01,SOC-SIEM-01,eng_kavita,PROCESS_START,Local,ALLOW,Low,,Signed engineering utility
EVT00116,2026-09-23 17:30:08,HISTORIAN,HIST-01,HIST-REPLICA-01,system,REPLICATION,HTTPS,ALLOW,Low,,Scheduled historian replication
EVT00117,2026-09-23 17:47:00,WINDOWS,OT-JUMP-01,IDP-01,admin_katjiuongua,AUTH_SUCCESS,Kerberos,ALLOW,Low,,Approved privileged access
EVT00118,2026-09-23 18:22:54,DNS,DNS-01,SOC-SIEM-01,system,DNS_QUERY,UDP/53,ALLOW,Low,ntp.pool.example,Normal name resolution
EVT00119,2026-09-23 18:53:56,HISTORIAN,HIST-01,HIST-REPLICA-01,system,REPLICATION,HTTPS,ALLOW,Low,,Scheduled historian replication
EVT00120,2026-09-23 19:51:54,WINDOWS,OT-JUMP-01,IDP-01,admin_katjiuongua,AUTH_SUCCESS,Kerberos,ALLOW,Low,,Approved privileged access
EVT00121,2026-09-24 01:38:32,HISTORIAN,HIST-01,HIST-REPLICA-01,system,REPLICATION,HTTPS,ALLOW,Low,,Scheduled historian replication
EVT00122,2026-09-24 04:36:40,WINDOWS,OT-JUMP-01,IDP-01,admin_katjiuongua,AUTH_SUCCESS,Kerberos,ALLOW,Low,,Approved privileged access
EVT00123,2026-09-24 04:52:37,VPN,VPN-GW-01,VENDOR-DMZ-01,vendor_maint,LOGIN_SUCCESS,TLS,ALLOW,Low,,Routine vendor session
EVT00124,2026-09-24 05:33:16,EDR,ENG-WS-01,SOC-SIEM-01,eng_kavita,PROCESS_START,Local,ALLOW,Low,,Signed engineering utility
EVT00125,2026-09-24 05:52:34,EDR,ENG-WS-01,SOC-SIEM-01,eng_kavita,PROCESS_START,Local,ALLOW,Low,,Signed engineering utility
EVT00126,2026-09-24 06:12:32,VPN,VPN-GW-01,VENDOR-DMZ-01,vendor_maint,LOGIN_SUCCESS,TLS,ALLOW,Low,,Routine vendor session
EVT00127,2026-09-24 06:12:35,OT_IDS,HMI-01,PLC-SUB-01,system,MODBUS_READ,Modbus/TCP,ALLOW,Low,,Normal telemetry read
EVT00128,2026-09-24 06:25:36,VPN,VPN-GW-01,VENDOR-DMZ-01,vendor_maint,LOGIN_SUCCESS,TLS,ALLOW,Low,,Routine vendor session
EVT00129,2026-09-24 06:36:40,DNS,DNS-01,SOC-SIEM-01,system,DNS_QUERY,UDP/53,ALLOW,Low,ntp.pool.example,Normal name resolution
EVT00130,2026-09-24 07:25:40,HISTORIAN,HIST-01,HIST-REPLICA-01,system,REPLICATION,HTTPS,ALLOW,Low,,Scheduled historian replication
EVT00131,2026-09-24 07:26:33,EDR,ENG-WS-01,SOC-SIEM-01,eng_kavita,PROCESS_START,Local,ALLOW,Low,,Signed engineering utility
EVT00132,2026-09-24 07:50:06,VPN,VPN-GW-01,VENDOR-DMZ-01,vendor_maint,LOGIN_SUCCESS,TLS,ALLOW,Low,,Routine vendor session
EVT00133,2026-09-24 07:51:51,OT_IDS,HMI-01,PLC-SUB-01,system,MODBUS_READ,Modbus/TCP,ALLOW,Low,,Normal telemetry read
EVT00134,2026-09-24 07:53:45,HISTORIAN,HIST-01,HIST-REPLICA-01,system,REPLICATION,HTTPS,ALLOW,Low,,Scheduled historian replication
EVT00135,2026-09-24 08:06:47,HISTORIAN,HIST-01,HIST-REPLICA-01,system,REPLICATION,HTTPS,ALLOW,Low,,Scheduled historian replication
EVT00136,2026-09-24 08:09:49,EDR,ENG-WS-01,SOC-SIEM-01,eng_kavita,PROCESS_START,Local,ALLOW,Low,,Signed engineering utility
EVT00137,2026-09-24 08:25:27,VPN,VPN-GW-01,VENDOR-DMZ-01,vendor_maint,LOGIN_SUCCESS,TLS,ALLOW,Low,,Routine vendor session
EVT00138,2026-09-24 08:33:21,OT_IDS,HMI-01,PLC-SUB-01,system,MODBUS_READ,Modbus/TCP,ALLOW,Low,,Normal telemetry read
EVT00139,2026-09-24 08:36:52,OT_IDS,HMI-01,PLC-SUB-01,system,MODBUS_READ,Modbus/TCP,ALLOW,Low,,Normal telemetry read
EVT00140,2026-09-24 08:47:40,WINDOWS,OT-JUMP-01,IDP-01,admin_katjiuongua,AUTH_SUCCESS,Kerberos,ALLOW,Low,,Approved privileged access
EVT00141,2026-09-24 08:51:23,VPN,VPN-GW-01,VENDOR-DMZ-01,vendor_maint,LOGIN_SUCCESS,TLS,ALLOW,Low,,Routine vendor session
EVT00142,2026-09-24 09:24:06,FIREWALL,OT-JUMP-01,HIST-01,admin_katjiuongua,HTTPS_SESSION,TCP/443,ALLOW,Low,,Approved historian administration
EVT00143,2026-09-24 09:43:46,HISTORIAN,HIST-01,HIST-REPLICA-01,system,REPLICATION,HTTPS,ALLOW,Low,,Scheduled historian replication
EVT00144,2026-09-24 09:44:46,FIREWALL,OT-JUMP-01,HIST-01,admin_katjiuongua,HTTPS_SESSION,TCP/443,ALLOW,Low,,Approved historian administration
EVT00145,2026-09-24 09:47:22,VPN,VPN-GW-01,VENDOR-DMZ-01,vendor_maint,LOGIN_SUCCESS,TLS,ALLOW,Low,,Routine vendor session
EVT00146,2026-09-24 10:09:18,EDR,ENG-WS-01,SOC-SIEM-01,eng_kavita,PROCESS_START,Local,ALLOW,Low,,Signed engineering utility
EVT00147,2026-09-24 10:22:29,VPN,VPN-GW-01,VENDOR-DMZ-01,vendor_maint,LOGIN_SUCCESS,TLS,ALLOW,Low,,Routine vendor session
EVT00148,2026-09-24 10:27:23,VPN,VPN-GW-01,VENDOR-DMZ-01,vendor_maint,LOGIN_SUCCESS,TLS,ALLOW,Low,,Routine vendor session
EVT00149,2026-09-24 10:33:05,OT_IDS,HMI-01,PLC-SUB-01,system,MODBUS_READ,Modbus/TCP,ALLOW,Low,,Normal telemetry read
EVT00150,2026-09-24 10:55:26,OT_IDS,HMI-01,PLC-SUB-01,system,MODBUS_READ,Modbus/TCP,ALLOW,Low,,Normal telemetry read
EVT00151,2026-09-24 11:10:03,HISTORIAN,HIST-01,HIST-REPLICA-01,system,REPLICATION,HTTPS,ALLOW,Low,,Scheduled historian replication
EVT00152,2026-09-24 11:39:38,FIREWALL,OT-JUMP-01,HIST-01,admin_katjiuongua,HTTPS_SESSION,TCP/443,ALLOW,Low,,Approved historian administration
EVT00153,2026-09-24 11:58:04,HISTORIAN,HIST-01,HIST-REPLICA-01,system,REPLICATION,HTTPS,ALLOW,Low,,Scheduled historian replication
EVT00154,2026-09-24 12:10:49,EDR,ENG-WS-01,SOC-SIEM-01,eng_kavita,PROCESS_START,Local,ALLOW,Low,,Signed engineering utility
EVT00155,2026-09-24 12:11:02,HISTORIAN,HIST-01,HIST-REPLICA-01,system,REPLICATION,HTTPS,ALLOW,Low,,Scheduled historian replication
EVT00156,2026-09-24 12:26:00,WINDOWS,OT-JUMP-01,IDP-01,admin_katjiuongua,AUTH_SUCCESS,Kerberos,ALLOW,Low,,Approved privileged access
EVT00157,2026-09-24 12:27:06,OT_IDS,HMI-01,PLC-SUB-01,system,MODBUS_READ,Modbus/TCP,ALLOW,Low,,Normal telemetry read
EVT00158,2026-09-24 12:32:03,EDR,ENG-WS-01,SOC-SIEM-01,eng_kavita,PROCESS_START,Local,ALLOW,Low,,Signed engineering utility
EVT00159,2026-09-24 12:37:21,HISTORIAN,HIST-01,HIST-REPLICA-01,system,REPLICATION,HTTPS,ALLOW,Low,,Scheduled historian replication
EVT00160,2026-09-24 12:38:53,WINDOWS,OT-JUMP-01,IDP-01,admin_katjiuongua,AUTH_SUCCESS,Kerberos,ALLOW,Low,,Approved privileged access
EVT00161,2026-09-24 12:39:59,VPN,VPN-GW-01,VENDOR-DMZ-01,vendor_maint,LOGIN_SUCCESS,TLS,ALLOW,Low,,Routine vendor session
EVT00162,2026-09-24 12:44:57,OT_IDS,HMI-01,PLC-SUB-01,system,MODBUS_READ,Modbus/TCP,ALLOW,Low,,Normal telemetry read
EVT00163,2026-09-24 12:51:57,OT_IDS,HMI-01,PLC-SUB-01,system,MODBUS_READ,Modbus/TCP,ALLOW,Low,,Normal telemetry read
EVT00164,2026-09-24 12:53:52,OT_IDS,HMI-01,PLC-SUB-01,system,MODBUS_READ,Modbus/TCP,ALLOW,Low,,Normal telemetry read
EVT00165,2026-09-24 13:03:18,HISTORIAN,HIST-01,HIST-REPLICA-01,system,REPLICATION,HTTPS,ALLOW,Low,,Scheduled historian replication
EVT00166,2026-09-24 13:19:17,OT_IDS,HMI-01,PLC-SUB-01,system,MODBUS_READ,Modbus/TCP,ALLOW,Low,,Normal telemetry read
EVT00167,2026-09-24 13:21:24,DNS,DNS-01,SOC-SIEM-01,system,DNS_QUERY,UDP/53,ALLOW,Low,weather.example,Normal name resolution
EVT00168,2026-09-24 13:28:05,VPN,VPN-GW-01,VENDOR-DMZ-01,vendor_maint,LOGIN_SUCCESS,TLS,ALLOW,Low,,Routine vendor session
EVT00169,2026-09-24 13:32:12,FIREWALL,OT-JUMP-01,HIST-01,admin_katjiuongua,HTTPS_SESSION,TCP/443,ALLOW,Low,,Approved historian administration
EVT00170,2026-09-24 14:12:38,EDR,ENG-WS-01,SOC-SIEM-01,eng_kavita,PROCESS_START,Local,ALLOW,Low,,Signed engineering utility
EVT00171,2026-09-24 14:15:24,HISTORIAN,HIST-01,HIST-REPLICA-01,system,REPLICATION,HTTPS,ALLOW,Low,,Scheduled historian replication
EVT00172,2026-09-24 14:35:44,HISTORIAN,HIST-01,HIST-REPLICA-01,system,REPLICATION,HTTPS,ALLOW,Low,,Scheduled historian replication
EVT00173,2026-09-24 14:51:23,VPN,VPN-GW-01,VENDOR-DMZ-01,vendor_maint,LOGIN_SUCCESS,TLS,ALLOW,Low,,Routine vendor session
EVT00174,2026-09-24 15:08:18,OT_IDS,HMI-01,PLC-SUB-01,system,MODBUS_READ,Modbus/TCP,ALLOW,Low,,Normal telemetry read
EVT00175,2026-09-24 15:11:07,EDR,ENG-WS-01,SOC-SIEM-01,eng_kavita,PROCESS_START,Local,ALLOW,Low,,Signed engineering utility
EVT00176,2026-09-24 15:25:19,EDR,ENG-WS-01,SOC-SIEM-01,eng_kavita,PROCESS_START,Local,ALLOW,Low,,Signed engineering utility
EVT00177,2026-09-24 15:49:08,DNS,DNS-01,SOC-SIEM-01,system,DNS_QUERY,UDP/53,ALLOW,Low,weather.example,Normal name resolution
EVT00178,2026-09-24 16:09:49,VPN,VPN-GW-01,VENDOR-DMZ-01,vendor_maint,LOGIN_SUCCESS,TLS,ALLOW,Low,,Routine vendor session
EVT00179,2026-09-24 16:26:22,HISTORIAN,HIST-01,HIST-REPLICA-01,system,REPLICATION,HTTPS,ALLOW,Low,,Scheduled historian replication
EVT00180,2026-09-24 16:42:49,EDR,ENG-WS-01,SOC-SIEM-01,eng_kavita,PROCESS_START,Local,ALLOW,Low,,Signed engineering utility
EVT00181,2026-09-24 16:58:57,WINDOWS,OT-JUMP-01,IDP-01,admin_katjiuongua,AUTH_SUCCESS,Kerberos,ALLOW,Low,,Approved privileged access
EVT00182,2026-09-24 17:35:48,HISTORIAN,HIST-01,HIST-REPLICA-01,system,REPLICATION,HTTPS,ALLOW,Low,,Scheduled historian replication
EVT00183,2026-09-24 17:38:27,HISTORIAN,HIST-01,HIST-REPLICA-01,system,REPLICATION,HTTPS,ALLOW,Low,,Scheduled historian replication
EVT00184,2026-09-24 17:40:20,OT_IDS,HMI-01,PLC-SUB-01,system,MODBUS_READ,Modbus/TCP,ALLOW,Low,,Normal telemetry read
EVT00185,2026-09-24 17:41:29,FIREWALL,OT-JUMP-01,HIST-01,admin_katjiuongua,HTTPS_SESSION,TCP/443,ALLOW,Low,,Approved historian administration
EVT00186,2026-09-24 17:46:49,DNS,DNS-01,SOC-SIEM-01,system,DNS_QUERY,UDP/53,ALLOW,Low,erp.egs.example,Normal name resolution
EVT00187,2026-09-24 17:50:05,WINDOWS,OT-JUMP-01,IDP-01,admin_katjiuongua,AUTH_SUCCESS,Kerberos,ALLOW,Low,,Approved privileged access
EVT00188,2026-09-24 17:56:07,VPN,VPN-GW-01,VENDOR-DMZ-01,vendor_maint,LOGIN_SUCCESS,TLS,ALLOW,Low,,Routine vendor session
EVT00189,2026-09-24 18:00:24,HISTORIAN,HIST-01,HIST-REPLICA-01,system,REPLICATION,HTTPS,ALLOW,Low,,Scheduled historian replication
EVT00190,2026-09-24 22:17:09,DNS,DNS-01,SOC-SIEM-01,system,DNS_QUERY,UDP/53,ALLOW,Low,weather.example,Normal name resolution
EVT00191,2026-09-24 22:52:55,EDR,ENG-WS-01,SOC-SIEM-01,eng_kavita,PROCESS_START,Local,ALLOW,Low,,Signed engineering utility
EVT00192,2026-09-25 00:46:38,WINDOWS,OT-JUMP-01,IDP-01,admin_katjiuongua,AUTH_SUCCESS,Kerberos,ALLOW,Low,,Approved privileged access
EVT00193,2026-09-25 02:52:31,DNS,DNS-01,SOC-SIEM-01,system,DNS_QUERY,UDP/53,ALLOW,Low,weather.example,Normal name resolution
EVT00194,2026-09-25 04:19:37,OT_IDS,HMI-01,PLC-SUB-01,system,MODBUS_READ,Modbus/TCP,ALLOW,Low,,Normal telemetry read
EVT00195,2026-09-25 05:31:59,WINDOWS,OT-JUMP-01,IDP-01,admin_katjiuongua,AUTH_SUCCESS,Kerberos,ALLOW,Low,,Approved privileged access
EVT00196,2026-09-25 05:52:06,HISTORIAN,HIST-01,HIST-REPLICA-01,system,REPLICATION,HTTPS,ALLOW,Low,,Scheduled historian replication
EVT00197,2026-09-25 05:59:55,HISTORIAN,HIST-01,HIST-REPLICA-01,system,REPLICATION,HTTPS,ALLOW,Low,,Scheduled historian replication
EVT00198,2026-09-25 06:06:43,VPN,VPN-GW-01,VENDOR-DMZ-01,vendor_maint,LOGIN_SUCCESS,TLS,ALLOW,Low,,Routine vendor session
EVT00199,2026-09-25 06:31:45,HISTORIAN,HIST-01,HIST-REPLICA-01,system,REPLICATION,HTTPS,ALLOW,Low,,Scheduled historian replication
EVT00200,2026-09-25 06:57:09,HISTORIAN,HIST-01,HIST-REPLICA-01,system,REPLICATION,HTTPS,ALLOW,Low,,Scheduled historian replication
EVT00201,2026-09-25 06:57:27,OT_IDS,HMI-01,PLC-SUB-01,system,MODBUS_READ,Modbus/TCP,ALLOW,Low,,Normal telemetry read
EVT00202,2026-09-25 07:00:42,VPN,VPN-GW-01,VENDOR-DMZ-01,vendor_maint,LOGIN_SUCCESS,TLS,ALLOW,Low,,Routine vendor session
EVT00203,2026-09-25 07:11:29,FIREWALL,OT-JUMP-01,HIST-01,admin_katjiuongua,HTTPS_SESSION,TCP/443,ALLOW,Low,,Approved historian administration
EVT00204,2026-09-25 07:39:24,OT_IDS,HMI-01,PLC-SUB-01,system,MODBUS_READ,Modbus/TCP,ALLOW,Low,,Normal telemetry read
EVT00205,2026-09-25 07:50:44,OT_IDS,HMI-01,PLC-SUB-01,system,MODBUS_READ,Modbus/TCP,ALLOW,Low,,Normal telemetry read
EVT00206,2026-09-25 07:58:15,EDR,ENG-WS-01,SOC-SIEM-01,eng_kavita,PROCESS_START,Local,ALLOW,Low,,Signed engineering utility
EVT00207,2026-09-25 08:02:48,FIREWALL,OT-JUMP-01,HIST-01,admin_katjiuongua,HTTPS_SESSION,TCP/443,ALLOW,Low,,Approved historian administration
EVT00208,2026-09-25 08:09:24,WINDOWS,OT-JUMP-01,IDP-01,admin_katjiuongua,AUTH_SUCCESS,Kerberos,ALLOW,Low,,Approved privileged access
EVT00209,2026-09-25 08:14:01,OT_IDS,HMI-01,PLC-SUB-01,system,MODBUS_READ,Modbus/TCP,ALLOW,Low,,Normal telemetry read
EVT00210,2026-09-25 08:44:45,DNS,DNS-01,SOC-SIEM-01,system,DNS_QUERY,UDP/53,ALLOW,Low,updates.microsoft.example,Normal name resolution
EVT00211,2026-09-25 09:09:00,VPN,VPN-GW-01,VENDOR-DMZ-01,vendor_maint,LOGIN_SUCCESS,TLS,ALLOW,Low,,Routine vendor session
EVT00212,2026-09-25 09:21:35,OT_IDS,HMI-01,PLC-SUB-01,system,MODBUS_READ,Modbus/TCP,ALLOW,Low,,Normal telemetry read
EVT00213,2026-09-25 09:22:31,WINDOWS,OT-JUMP-01,IDP-01,admin_katjiuongua,AUTH_SUCCESS,Kerberos,ALLOW,Low,,Approved privileged access
EVT00214,2026-09-25 09:29:52,WINDOWS,OT-JUMP-01,IDP-01,admin_katjiuongua,AUTH_SUCCESS,Kerberos,ALLOW,Low,,Approved privileged access
EVT00215,2026-09-25 09:59:54,HISTORIAN,HIST-01,HIST-REPLICA-01,system,REPLICATION,HTTPS,ALLOW,Low,,Scheduled historian replication
EVT00216,2026-09-25 10:13:54,OT_IDS,HMI-01,PLC-SUB-01,system,MODBUS_READ,Modbus/TCP,ALLOW,Low,,Normal telemetry read
EVT00217,2026-09-25 10:19:43,EDR,ENG-WS-01,SOC-SIEM-01,eng_kavita,PROCESS_START,Local,ALLOW,Low,,Signed engineering utility
EVT00218,2026-09-25 10:24:56,FIREWALL,OT-JUMP-01,HIST-01,admin_katjiuongua,HTTPS_SESSION,TCP/443,ALLOW,Low,,Approved historian administration
EVT00219,2026-09-25 10:37:29,EDR,ENG-WS-01,SOC-SIEM-01,eng_kavita,PROCESS_START,Local,ALLOW,Low,,Signed engineering utility
EVT00220,2026-09-25 10:53:34,WINDOWS,OT-JUMP-01,IDP-01,admin_katjiuongua,AUTH_SUCCESS,Kerberos,ALLOW,Low,,Approved privileged access
EVT00221,2026-09-25 10:55:42,DNS,DNS-01,SOC-SIEM-01,system,DNS_QUERY,UDP/53,ALLOW,Low,updates.microsoft.example,Normal name resolution
EVT00222,2026-09-25 11:25:42,VPN,VPN-GW-01,VENDOR-DMZ-01,vendor_maint,LOGIN_SUCCESS,TLS,ALLOW,Low,,Routine vendor session
EVT00223,2026-09-25 11:46:50,EDR,ENG-WS-01,SOC-SIEM-01,eng_kavita,PROCESS_START,Local,ALLOW,Low,,Signed engineering utility
EVT00224,2026-09-25 11:50:54,EDR,ENG-WS-01,SOC-SIEM-01,eng_kavita,PROCESS_START,Local,ALLOW,Low,,Signed engineering utility
EVT00225,2026-09-25 11:52:28,OT_IDS,HMI-01,PLC-SUB-01,system,MODBUS_READ,Modbus/TCP,ALLOW,Low,,Normal telemetry read
EVT00226,2026-09-25 11:52:32,OT_IDS,HMI-01,PLC-SUB-01,system,MODBUS_READ,Modbus/TCP,ALLOW,Low,,Normal telemetry read
EVT00227,2026-09-25 12:12:58,FIREWALL,OT-JUMP-01,HIST-01,admin_katjiuongua,HTTPS_SESSION,TCP/443,ALLOW,Low,,Approved historian administration
EVT00228,2026-09-25 12:27:42,DNS,DNS-01,SOC-SIEM-01,system,DNS_QUERY,UDP/53,ALLOW,Low,updates.microsoft.example,Normal name resolution
EVT00229,2026-09-25 12:31:00,OT_IDS,HMI-01,PLC-SUB-01,system,MODBUS_READ,Modbus/TCP,ALLOW,Low,,Normal telemetry read
EVT00230,2026-09-25 13:01:08,DNS,DNS-01,SOC-SIEM-01,system,DNS_QUERY,UDP/53,ALLOW,Low,weather.example,Normal name resolution
EVT00231,2026-09-25 13:03:38,VPN,VPN-GW-01,VENDOR-DMZ-01,vendor_maint,LOGIN_SUCCESS,TLS,ALLOW,Low,,Routine vendor session
EVT00232,2026-09-25 13:11:11,EDR,ENG-WS-01,SOC-SIEM-01,eng_kavita,PROCESS_START,Local,ALLOW,Low,,Signed engineering utility
EVT00233,2026-09-25 13:27:48,FIREWALL,OT-JUMP-01,HIST-01,admin_katjiuongua,HTTPS_SESSION,TCP/443,ALLOW,Low,,Approved historian administration
EVT00234,2026-09-25 13:46:23,OT_IDS,HMI-01,PLC-SUB-01,system,MODBUS_READ,Modbus/TCP,ALLOW,Low,,Normal telemetry read
EVT00235,2026-09-25 13:55:05,FIREWALL,OT-JUMP-01,HIST-01,admin_katjiuongua,HTTPS_SESSION,TCP/443,ALLOW,Low,,Approved historian administration
EVT00236,2026-09-25 13:56:17,OT_IDS,HMI-01,PLC-SUB-01,system,MODBUS_READ,Modbus/TCP,ALLOW,Low,,Normal telemetry read
EVT00237,2026-09-25 14:02:16,VPN,VPN-GW-01,VENDOR-DMZ-01,vendor_maint,LOGIN_SUCCESS,TLS,ALLOW,Low,,Routine vendor session
EVT00238,2026-09-25 14:29:08,OT_IDS,HMI-01,PLC-SUB-01,system,MODBUS_READ,Modbus/TCP,ALLOW,Low,,Normal telemetry read
EVT00239,2026-09-25 14:40:02,WINDOWS,OT-JUMP-01,IDP-01,admin_katjiuongua,AUTH_SUCCESS,Kerberos,ALLOW,Low,,Approved privileged access
EVT00240,2026-09-25 14:44:36,HISTORIAN,HIST-01,HIST-REPLICA-01,system,REPLICATION,HTTPS,ALLOW,Low,,Scheduled historian replication
EVT00241,2026-09-25 14:59:10,HISTORIAN,HIST-01,HIST-REPLICA-01,system,REPLICATION,HTTPS,ALLOW,Low,,Scheduled historian replication
EVT00242,2026-09-25 15:02:45,HISTORIAN,HIST-01,HIST-REPLICA-01,system,REPLICATION,HTTPS,ALLOW,Low,,Scheduled historian replication
EVT00243,2026-09-25 15:10:15,FIREWALL,OT-JUMP-01,HIST-01,admin_katjiuongua,HTTPS_SESSION,TCP/443,ALLOW,Low,,Approved historian administration
EVT00244,2026-09-25 15:42:08,VPN,VPN-GW-01,VENDOR-DMZ-01,vendor_maint,LOGIN_SUCCESS,TLS,ALLOW,Low,,Routine vendor session
EVT00245,2026-09-25 15:49:52,VPN,VPN-GW-01,VENDOR-DMZ-01,vendor_maint,LOGIN_SUCCESS,TLS,ALLOW,Low,,Routine vendor session
EVT00246,2026-09-25 16:08:46,VPN,VPN-GW-01,VENDOR-DMZ-01,vendor_maint,LOGIN_SUCCESS,TLS,ALLOW,Low,,Routine vendor session
EVT00247,2026-09-25 16:13:58,EDR,ENG-WS-01,SOC-SIEM-01,eng_kavita,PROCESS_START,Local,ALLOW,Low,,Signed engineering utility
EVT00248,2026-09-25 16:16:05,OT_IDS,HMI-01,PLC-SUB-01,system,MODBUS_READ,Modbus/TCP,ALLOW,Low,,Normal telemetry read
EVT00249,2026-09-25 16:28:34,VPN,VPN-GW-01,VENDOR-DMZ-01,vendor_maint,LOGIN_SUCCESS,TLS,ALLOW,Low,,Routine vendor session
EVT00250,2026-09-25 16:45:55,FIREWALL,OT-JUMP-01,HIST-01,admin_katjiuongua,HTTPS_SESSION,TCP/443,ALLOW,Low,,Approved historian administration
EVT00251,2026-09-25 16:52:30,DNS,DNS-01,SOC-SIEM-01,system,DNS_QUERY,UDP/53,ALLOW,Low,weather.example,Normal name resolution
EVT00252,2026-09-25 17:31:30,DNS,DNS-01,SOC-SIEM-01,system,DNS_QUERY,UDP/53,ALLOW,Low,weather.example,Normal name resolution
EVT00253,2026-09-25 18:33:39,HISTORIAN,HIST-01,HIST-REPLICA-01,system,REPLICATION,HTTPS,ALLOW,Low,,Scheduled historian replication
EVT00254,2026-09-25 18:37:49,FIREWALL,OT-JUMP-01,HIST-01,admin_katjiuongua,HTTPS_SESSION,TCP/443,ALLOW,Low,,Approved historian administration
EVT00255,2026-09-25 18:59:16,EDR,ENG-WS-01,SOC-SIEM-01,eng_kavita,PROCESS_START,Local,ALLOW,Low,,Signed engineering utility
EVT00256,2026-09-25 20:21:11,FIREWALL,OT-JUMP-01,HIST-01,admin_katjiuongua,HTTPS_SESSION,TCP/443,ALLOW,Low,,Approved historian administration
EVT00257,2026-09-25 21:01:31,EDR,ENG-WS-01,SOC-SIEM-01,eng_kavita,PROCESS_START,Local,ALLOW,Low,,Signed engineering utility
EVT00258,2026-09-25 22:13:44,EDR,ENG-WS-01,SOC-SIEM-01,eng_kavita,PROCESS_START,Local,ALLOW,Low,,Signed engineering utility
EVT00259,2026-09-25 22:34:57,FIREWALL,OT-JUMP-01,HIST-01,admin_katjiuongua,HTTPS_SESSION,TCP/443,ALLOW,Low,,Approved historian administration
EVT00260,2026-09-26 03:01:39,FIREWALL,OT-JUMP-01,HIST-01,admin_katjiuongua,HTTPS_SESSION,TCP/443,ALLOW,Low,,Approved historian administration
EVT00261,2026-09-26 03:27:51,FIREWALL,OT-JUMP-01,HIST-01,admin_katjiuongua,HTTPS_SESSION,TCP/443,ALLOW,Low,,Approved historian administration
EVT00262,2026-09-26 03:44:50,OT_IDS,HMI-01,PLC-SUB-01,system,MODBUS_READ,Modbus/TCP,ALLOW,Low,,Normal telemetry read
EVT00263,2026-09-26 04:35:11,VPN,VPN-GW-01,VENDOR-DMZ-01,vendor_maint,LOGIN_SUCCESS,TLS,ALLOW,Low,,Routine vendor session
EVT00264,2026-09-26 04:47:33,FIREWALL,OT-JUMP-01,HIST-01,admin_katjiuongua,HTTPS_SESSION,TCP/443,ALLOW,Low,,Approved historian administration
EVT00265,2026-09-26 05:02:00,EDR,ENG-WS-01,SOC-SIEM-01,eng_kavita,PROCESS_START,Local,ALLOW,Low,,Signed engineering utility
EVT00266,2026-09-26 05:14:36,WINDOWS,OT-JUMP-01,IDP-01,admin_katjiuongua,AUTH_SUCCESS,Kerberos,ALLOW,Low,,Approved privileged access
EVT00267,2026-09-26 05:35:49,HISTORIAN,HIST-01,HIST-REPLICA-01,system,REPLICATION,HTTPS,ALLOW,Low,,Scheduled historian replication
EVT00268,2026-09-26 05:43:57,FIREWALL,OT-JUMP-01,HIST-01,admin_katjiuongua,HTTPS_SESSION,TCP/443,ALLOW,Low,,Approved historian administration
EVT00269,2026-09-26 05:44:00,WINDOWS,OT-JUMP-01,IDP-01,admin_katjiuongua,AUTH_SUCCESS,Kerberos,ALLOW,Low,,Approved privileged access
EVT00270,2026-09-26 05:56:01,OT_IDS,HMI-01,PLC-SUB-01,system,MODBUS_READ,Modbus/TCP,ALLOW,Low,,Normal telemetry read
EVT00271,2026-09-26 06:26:38,WINDOWS,OT-JUMP-01,IDP-01,admin_katjiuongua,AUTH_SUCCESS,Kerberos,ALLOW,Low,,Approved privileged access
EVT00272,2026-09-26 06:29:01,DNS,DNS-01,SOC-SIEM-01,system,DNS_QUERY,UDP/53,ALLOW,Low,updates.microsoft.example,Normal name resolution
EVT00273,2026-09-26 06:40:32,FIREWALL,OT-JUMP-01,HIST-01,admin_katjiuongua,HTTPS_SESSION,TCP/443,ALLOW,Low,,Approved historian administration
EVT00274,2026-09-26 06:50:34,FIREWALL,OT-JUMP-01,HIST-01,admin_katjiuongua,HTTPS_SESSION,TCP/443,ALLOW,Low,,Approved historian administration
EVT00275,2026-09-26 07:11:03,DNS,DNS-01,SOC-SIEM-01,system,DNS_QUERY,UDP/53,ALLOW,Low,ntp.pool.example,Normal name resolution
EVT00276,2026-09-26 07:19:50,DNS,DNS-01,SOC-SIEM-01,system,DNS_QUERY,UDP/53,ALLOW,Low,weather.example,Normal name resolution
EVT00277,2026-09-26 07:26:35,HISTORIAN,HIST-01,HIST-REPLICA-01,system,REPLICATION,HTTPS,ALLOW,Low,,Scheduled historian replication
EVT00278,2026-09-26 07:27:47,EDR,ENG-WS-01,SOC-SIEM-01,eng_kavita,PROCESS_START,Local,ALLOW,Low,,Signed engineering utility
EVT00279,2026-09-26 07:37:15,VPN,VPN-GW-01,VENDOR-DMZ-01,vendor_maint,LOGIN_SUCCESS,TLS,ALLOW,Low,,Routine vendor session
EVT00280,2026-09-26 07:58:04,WINDOWS,OT-JUMP-01,IDP-01,admin_katjiuongua,AUTH_SUCCESS,Kerberos,ALLOW,Low,,Approved privileged access
EVT00281,2026-09-26 08:08:34,OT_IDS,HMI-01,PLC-SUB-01,system,MODBUS_READ,Modbus/TCP,ALLOW,Low,,Normal telemetry read
EVT00282,2026-09-26 08:27:15,EDR,ENG-WS-01,SOC-SIEM-01,eng_kavita,PROCESS_START,Local,ALLOW,Low,,Signed engineering utility
EVT00283,2026-09-26 08:36:18,FIREWALL,OT-JUMP-01,HIST-01,admin_katjiuongua,HTTPS_SESSION,TCP/443,ALLOW,Low,,Approved historian administration
EVT00284,2026-09-26 08:36:23,WINDOWS,OT-JUMP-01,IDP-01,admin_katjiuongua,AUTH_SUCCESS,Kerberos,ALLOW,Low,,Approved privileged access
EVT00285,2026-09-26 08:36:43,WINDOWS,OT-JUMP-01,IDP-01,admin_katjiuongua,AUTH_SUCCESS,Kerberos,ALLOW,Low,,Approved privileged access
EVT00286,2026-09-26 08:43:23,EDR,ENG-WS-01,SOC-SIEM-01,eng_kavita,PROCESS_START,Local,ALLOW,Low,,Signed engineering utility
EVT00287,2026-09-26 08:51:49,EDR,ENG-WS-01,SOC-SIEM-01,eng_kavita,PROCESS_START,Local,ALLOW,Low,,Signed engineering utility
EVT00288,2026-09-26 09:00:19,WINDOWS,OT-JUMP-01,IDP-01,admin_katjiuongua,AUTH_SUCCESS,Kerberos,ALLOW,Low,,Approved privileged access
EVT00289,2026-09-26 09:06:04,WINDOWS,OT-JUMP-01,IDP-01,admin_katjiuongua,AUTH_SUCCESS,Kerberos,ALLOW,Low,,Approved privileged access
EVT00290,2026-09-26 09:17:50,VPN,VPN-GW-01,VENDOR-DMZ-01,vendor_maint,LOGIN_SUCCESS,TLS,ALLOW,Low,,Routine vendor session
EVT00291,2026-09-26 09:21:20,DNS,DNS-01,SOC-SIEM-01,system,DNS_QUERY,UDP/53,ALLOW,Low,erp.egs.example,Normal name resolution
EVT00292,2026-09-26 09:28:05,OT_IDS,HMI-01,PLC-SUB-01,system,MODBUS_READ,Modbus/TCP,ALLOW,Low,,Normal telemetry read
EVT00293,2026-09-26 09:39:40,WINDOWS,OT-JUMP-01,IDP-01,admin_katjiuongua,AUTH_SUCCESS,Kerberos,ALLOW,Low,,Approved privileged access
EVT00294,2026-09-26 09:48:36,FIREWALL,OT-JUMP-01,HIST-01,admin_katjiuongua,HTTPS_SESSION,TCP/443,ALLOW,Low,,Approved historian administration
EVT00295,2026-09-26 10:11:41,EDR,ENG-WS-01,SOC-SIEM-01,eng_kavita,PROCESS_START,Local,ALLOW,Low,,Signed engineering utility
EVT00296,2026-09-26 10:12:20,FIREWALL,OT-JUMP-01,HIST-01,admin_katjiuongua,HTTPS_SESSION,TCP/443,ALLOW,Low,,Approved historian administration
EVT00297,2026-09-26 10:14:19,HISTORIAN,HIST-01,HIST-REPLICA-01,system,REPLICATION,HTTPS,ALLOW,Low,,Scheduled historian replication
EVT00298,2026-09-26 10:21:01,EDR,ENG-WS-01,SOC-SIEM-01,eng_kavita,PROCESS_START,Local,ALLOW,Low,,Signed engineering utility
EVT00299,2026-09-26 10:28:13,WINDOWS,OT-JUMP-01,IDP-01,admin_katjiuongua,AUTH_SUCCESS,Kerberos,ALLOW,Low,,Approved privileged access
EVT00300,2026-09-26 10:31:49,WINDOWS,OT-JUMP-01,IDP-01,admin_katjiuongua,AUTH_SUCCESS,Kerberos,ALLOW,Low,,Approved privileged access
EVT00301,2026-09-26 10:33:01,HISTORIAN,HIST-01,HIST-REPLICA-01,system,REPLICATION,HTTPS,ALLOW,Low,,Scheduled historian replication
EVT00302,2026-09-26 10:54:03,OT_IDS,HMI-01,PLC-SUB-01,system,MODBUS_READ,Modbus/TCP,ALLOW,Low,,Normal telemetry read
EVT00303,2026-09-26 11:00:53,FIREWALL,OT-JUMP-01,HIST-01,admin_katjiuongua,HTTPS_SESSION,TCP/443,ALLOW,Low,,Approved historian administration
EVT00304,2026-09-26 11:18:59,FIREWALL,OT-JUMP-01,HIST-01,admin_katjiuongua,HTTPS_SESSION,TCP/443,ALLOW,Low,,Approved historian administration
EVT00305,2026-09-26 11:31:35,HISTORIAN,HIST-01,HIST-REPLICA-01,system,REPLICATION,HTTPS,ALLOW,Low,,Scheduled historian replication
EVT00306,2026-09-26 11:31:36,WINDOWS,OT-JUMP-01,IDP-01,admin_katjiuongua,AUTH_SUCCESS,Kerberos,ALLOW,Low,,Approved privileged access
EVT00307,2026-09-26 11:40:35,EDR,ENG-WS-01,SOC-SIEM-01,eng_kavita,PROCESS_START,Local,ALLOW,Low,,Signed engineering utility
EVT00308,2026-09-26 12:02:57,EDR,ENG-WS-01,SOC-SIEM-01,eng_kavita,PROCESS_START,Local,ALLOW,Low,,Signed engineering utility
EVT00309,2026-09-26 12:06:30,EDR,ENG-WS-01,SOC-SIEM-01,eng_kavita,PROCESS_START,Local,ALLOW,Low,,Signed engineering utility
EVT00310,2026-09-26 12:18:07,OT_IDS,HMI-01,PLC-SUB-01,system,MODBUS_READ,Modbus/TCP,ALLOW,Low,,Normal telemetry read
EVT00311,2026-09-26 12:20:28,FIREWALL,OT-JUMP-01,HIST-01,admin_katjiuongua,HTTPS_SESSION,TCP/443,ALLOW,Low,,Approved historian administration
EVT00312,2026-09-26 12:23:26,FIREWALL,OT-JUMP-01,HIST-01,admin_katjiuongua,HTTPS_SESSION,TCP/443,ALLOW,Low,,Approved historian administration
EVT00313,2026-09-26 12:24:24,EDR,ENG-WS-01,SOC-SIEM-01,eng_kavita,PROCESS_START,Local,ALLOW,Low,,Signed engineering utility
EVT00314,2026-09-26 12:55:20,OT_IDS,HMI-01,PLC-SUB-01,system,MODBUS_READ,Modbus/TCP,ALLOW,Low,,Normal telemetry read
EVT00315,2026-09-26 13:56:14,DNS,DNS-01,SOC-SIEM-01,system,DNS_QUERY,UDP/53,ALLOW,Low,weather.example,Normal name resolution
EVT00316,2026-09-26 14:07:40,EDR,ENG-WS-01,SOC-SIEM-01,eng_kavita,PROCESS_START,Local,ALLOW,Low,,Signed engineering utility
EVT00317,2026-09-26 14:20:44,WINDOWS,OT-JUMP-01,IDP-01,admin_katjiuongua,AUTH_SUCCESS,Kerberos,ALLOW,Low,,Approved privileged access
EVT00318,2026-09-26 14:27:38,OT_IDS,HMI-01,PLC-SUB-01,system,MODBUS_READ,Modbus/TCP,ALLOW,Low,,Normal telemetry read
EVT00319,2026-09-26 15:22:45,VPN,VPN-GW-01,VENDOR-DMZ-01,vendor_maint,LOGIN_SUCCESS,TLS,ALLOW,Low,,Routine vendor session
EVT00320,2026-09-26 15:40:44,HISTORIAN,HIST-01,HIST-REPLICA-01,system,REPLICATION,HTTPS,ALLOW,Low,,Scheduled historian replication
EVT00321,2026-09-26 16:01:37,WINDOWS,OT-JUMP-01,IDP-01,admin_katjiuongua,AUTH_SUCCESS,Kerberos,ALLOW,Low,,Approved privileged access
EVT00322,2026-09-26 16:22:59,OT_IDS,HMI-01,PLC-SUB-01,system,MODBUS_READ,Modbus/TCP,ALLOW,Low,,Normal telemetry read
EVT00323,2026-09-26 16:26:26,HISTORIAN,HIST-01,HIST-REPLICA-01,system,REPLICATION,HTTPS,ALLOW,Low,,Scheduled historian replication
EVT00324,2026-09-26 16:58:37,HISTORIAN,HIST-01,HIST-REPLICA-01,system,REPLICATION,HTTPS,ALLOW,Low,,Scheduled historian replication
EVT00325,2026-09-26 17:36:36,EDR,ENG-WS-01,SOC-SIEM-01,eng_kavita,PROCESS_START,Local,ALLOW,Low,,Signed engineering utility
EVT00326,2026-09-26 17:58:34,FIREWALL,OT-JUMP-01,HIST-01,admin_katjiuongua,HTTPS_SESSION,TCP/443,ALLOW,Low,,Approved historian administration
EVT00327,2026-09-26 18:24:01,HISTORIAN,HIST-01,HIST-REPLICA-01,system,REPLICATION,HTTPS,ALLOW,Low,,Scheduled historian replication
EVT00328,2026-09-26 20:26:29,DNS,DNS-01,SOC-SIEM-01,system,DNS_QUERY,UDP/53,ALLOW,Low,erp.egs.example,Normal name resolution
EVT00329,2026-09-27 00:34:08,VPN,VPN-GW-01,VENDOR-DMZ-01,vendor_maint,LOGIN_SUCCESS,TLS,ALLOW,Low,,Routine vendor session
EVT00330,2026-09-27 01:51:52,VPN,VPN-GW-01,VENDOR-DMZ-01,vendor_maint,LOGIN_SUCCESS,TLS,ALLOW,Low,,Routine vendor session
EVT00331,2026-09-27 04:30:27,HISTORIAN,HIST-01,HIST-REPLICA-01,system,REPLICATION,HTTPS,ALLOW,Low,,Scheduled historian replication
EVT00332,2026-09-27 05:05:15,DNS,DNS-01,SOC-SIEM-01,system,DNS_QUERY,UDP/53,ALLOW,Low,ntp.pool.example,Normal name resolution
EVT00333,2026-09-27 05:11:41,VPN,VPN-GW-01,VENDOR-DMZ-01,vendor_maint,LOGIN_SUCCESS,TLS,ALLOW,Low,,Routine vendor session
EVT00334,2026-09-27 05:48:23,EDR,ENG-WS-01,SOC-SIEM-01,eng_kavita,PROCESS_START,Local,ALLOW,Low,,Signed engineering utility
EVT00335,2026-09-27 06:41:20,HISTORIAN,HIST-01,HIST-REPLICA-01,system,REPLICATION,HTTPS,ALLOW,Low,,Scheduled historian replication
EVT00336,2026-09-27 07:10:16,EDR,ENG-WS-01,SOC-SIEM-01,eng_kavita,PROCESS_START,Local,ALLOW,Low,,Signed engineering utility
EVT00337,2026-09-27 07:10:29,VPN,VPN-GW-01,VENDOR-DMZ-01,vendor_maint,LOGIN_SUCCESS,TLS,ALLOW,Low,,Routine vendor session
EVT00338,2026-09-27 08:01:29,DNS,DNS-01,SOC-SIEM-01,system,DNS_QUERY,UDP/53,ALLOW,Low,weather.example,Normal name resolution
EVT00339,2026-09-27 08:05:43,DNS,DNS-01,SOC-SIEM-01,system,DNS_QUERY,UDP/53,ALLOW,Low,updates.microsoft.example,Normal name resolution
EVT00340,2026-09-27 08:09:53,HISTORIAN,HIST-01,HIST-REPLICA-01,system,REPLICATION,HTTPS,ALLOW,Low,,Scheduled historian replication
EVT00341,2026-09-27 08:14:00,FIREWALL,OT-JUMP-01,HIST-01,admin_katjiuongua,HTTPS_SESSION,TCP/443,ALLOW,Low,,Approved historian administration
EVT00342,2026-09-27 08:15:20,FIREWALL,OT-JUMP-01,HIST-01,admin_katjiuongua,HTTPS_SESSION,TCP/443,ALLOW,Low,,Approved historian administration
EVT00343,2026-09-27 08:36:57,VPN,VPN-GW-01,VENDOR-DMZ-01,vendor_maint,LOGIN_SUCCESS,TLS,ALLOW,Low,,Routine vendor session
EVT00344,2026-09-27 08:55:54,VPN,VPN-GW-01,VENDOR-DMZ-01,vendor_maint,LOGIN_SUCCESS,TLS,ALLOW,Low,,Routine vendor session
EVT00345,2026-09-27 08:59:57,VPN,VPN-GW-01,VENDOR-DMZ-01,vendor_maint,LOGIN_SUCCESS,TLS,ALLOW,Low,,Routine vendor session
EVT00346,2026-09-27 09:08:17,VPN,VPN-GW-01,VENDOR-DMZ-01,vendor_maint,LOGIN_SUCCESS,TLS,ALLOW,Low,,Routine vendor session
EVT00347,2026-09-27 09:08:37,WINDOWS,OT-JUMP-01,IDP-01,admin_katjiuongua,AUTH_SUCCESS,Kerberos,ALLOW,Low,,Approved privileged access
EVT00348,2026-09-27 09:13:31,HISTORIAN,HIST-01,HIST-REPLICA-01,system,REPLICATION,HTTPS,ALLOW,Low,,Scheduled historian replication
EVT00349,2026-09-27 10:04:20,VPN,VPN-GW-01,VENDOR-DMZ-01,vendor_maint,LOGIN_SUCCESS,TLS,ALLOW,Low,,Routine vendor session
EVT00350,2026-09-27 10:17:09,DNS,DNS-01,SOC-SIEM-01,system,DNS_QUERY,UDP/53,ALLOW,Low,ntp.pool.example,Normal name resolution
EVT00351,2026-09-27 10:24:33,OT_IDS,HMI-01,PLC-SUB-01,system,MODBUS_READ,Modbus/TCP,ALLOW,Low,,Normal telemetry read
EVT00352,2026-09-27 10:59:19,VPN,VPN-GW-01,VENDOR-DMZ-01,vendor_maint,LOGIN_SUCCESS,TLS,ALLOW,Low,,Routine vendor session
EVT00353,2026-09-27 11:01:00,DNS,DNS-01,SOC-SIEM-01,system,DNS_QUERY,UDP/53,ALLOW,Low,updates.microsoft.example,Normal name resolution
EVT00354,2026-09-27 11:01:30,WINDOWS,OT-JUMP-01,IDP-01,admin_katjiuongua,AUTH_SUCCESS,Kerberos,ALLOW,Low,,Approved privileged access
EVT00355,2026-09-27 11:01:42,WINDOWS,OT-JUMP-01,IDP-01,admin_katjiuongua,AUTH_SUCCESS,Kerberos,ALLOW,Low,,Approved privileged access
EVT00356,2026-09-27 11:20:45,EDR,ENG-WS-01,SOC-SIEM-01,eng_kavita,PROCESS_START,Local,ALLOW,Low,,Signed engineering utility
EVT00357,2026-09-27 12:29:28,OT_IDS,HMI-01,PLC-SUB-01,system,MODBUS_READ,Modbus/TCP,ALLOW,Low,,Normal telemetry read
EVT00358,2026-09-27 12:30:56,HISTORIAN,HIST-01,HIST-REPLICA-01,system,REPLICATION,HTTPS,ALLOW,Low,,Scheduled historian replication
EVT00359,2026-09-27 12:53:43,OT_IDS,HMI-01,PLC-SUB-01,system,MODBUS_READ,Modbus/TCP,ALLOW,Low,,Normal telemetry read
EVT00360,2026-09-27 13:09:57,VPN,VPN-GW-01,VENDOR-DMZ-01,vendor_maint,LOGIN_SUCCESS,TLS,ALLOW,Low,,Routine vendor session
EVT00361,2026-09-27 13:18:28,WINDOWS,OT-JUMP-01,IDP-01,admin_katjiuongua,AUTH_SUCCESS,Kerberos,ALLOW,Low,,Approved privileged access
EVT00362,2026-09-27 13:38:38,DNS,DNS-01,SOC-SIEM-01,system,DNS_QUERY,UDP/53,ALLOW,Low,erp.egs.example,Normal name resolution
EVT00363,2026-09-27 13:54:18,DNS,DNS-01,SOC-SIEM-01,system,DNS_QUERY,UDP/53,ALLOW,Low,ntp.pool.example,Normal name resolution
EVT00364,2026-09-27 13:58:51,WINDOWS,OT-JUMP-01,IDP-01,admin_katjiuongua,AUTH_SUCCESS,Kerberos,ALLOW,Low,,Approved privileged access
EVT00365,2026-09-27 14:01:45,EDR,ENG-WS-01,SOC-SIEM-01,eng_kavita,PROCESS_START,Local,ALLOW,Low,,Signed engineering utility
EVT00366,2026-09-27 14:19:40,DNS,DNS-01,SOC-SIEM-01,system,DNS_QUERY,UDP/53,ALLOW,Low,weather.example,Normal name resolution
EVT00367,2026-09-27 14:24:37,VPN,VPN-GW-01,VENDOR-DMZ-01,vendor_maint,LOGIN_SUCCESS,TLS,ALLOW,Low,,Routine vendor session
EVT00368,2026-09-27 14:30:04,EDR,ENG-WS-01,SOC-SIEM-01,eng_kavita,PROCESS_START,Local,ALLOW,Low,,Signed engineering utility
EVT00369,2026-09-27 14:34:55,DNS,DNS-01,SOC-SIEM-01,system,DNS_QUERY,UDP/53,ALLOW,Low,weather.example,Normal name resolution
EVT00370,2026-09-27 14:35:22,EDR,ENG-WS-01,SOC-SIEM-01,eng_kavita,PROCESS_START,Local,ALLOW,Low,,Signed engineering utility
EVT00371,2026-09-27 14:38:21,FIREWALL,OT-JUMP-01,HIST-01,admin_katjiuongua,HTTPS_SESSION,TCP/443,ALLOW,Low,,Approved historian administration
EVT00372,2026-09-27 14:44:16,FIREWALL,OT-JUMP-01,HIST-01,admin_katjiuongua,HTTPS_SESSION,TCP/443,ALLOW,Low,,Approved historian administration
EVT00373,2026-09-27 14:46:52,OT_IDS,HMI-01,PLC-SUB-01,system,MODBUS_READ,Modbus/TCP,ALLOW,Low,,Normal telemetry read
EVT00374,2026-09-27 14:55:11,FIREWALL,OT-JUMP-01,HIST-01,admin_katjiuongua,HTTPS_SESSION,TCP/443,ALLOW,Low,,Approved historian administration
EVT00375,2026-09-27 15:00:43,VPN,VPN-GW-01,VENDOR-DMZ-01,vendor_maint,LOGIN_SUCCESS,TLS,ALLOW,Low,,Routine vendor session
EVT00376,2026-09-27 15:07:06,OT_IDS,HMI-01,PLC-SUB-01,system,MODBUS_READ,Modbus/TCP,ALLOW,Low,,Normal telemetry read
EVT00377,2026-09-27 15:07:45,HISTORIAN,HIST-01,HIST-REPLICA-01,system,REPLICATION,HTTPS,ALLOW,Low,,Scheduled historian replication
EVT00378,2026-09-27 15:42:24,VPN,VPN-GW-01,VENDOR-DMZ-01,vendor_maint,LOGIN_SUCCESS,TLS,ALLOW,Low,,Routine vendor session
EVT00379,2026-09-27 16:19:09,FIREWALL,OT-JUMP-01,HIST-01,admin_katjiuongua,HTTPS_SESSION,TCP/443,ALLOW,Low,,Approved historian administration
EVT00380,2026-09-27 17:54:26,DNS,DNS-01,SOC-SIEM-01,system,DNS_QUERY,UDP/53,ALLOW,Low,weather.example,Normal name resolution
EVT00381,2026-09-27 17:58:45,DNS,DNS-01,SOC-SIEM-01,system,DNS_QUERY,UDP/53,ALLOW,Low,updates.microsoft.example,Normal name resolution
EVT00382,2026-09-27 18:49:10,HISTORIAN,HIST-01,HIST-REPLICA-01,system,REPLICATION,HTTPS,ALLOW,Low,,Scheduled historian replication
EVT00383,2026-09-27 19:02:12,FIREWALL,OT-JUMP-01,HIST-01,admin_katjiuongua,HTTPS_SESSION,TCP/443,ALLOW,Low,,Approved historian administration
EVT00384,2026-09-27 19:49:39,HISTORIAN,HIST-01,HIST-REPLICA-01,system,REPLICATION,HTTPS,ALLOW,Low,,Scheduled historian replication
EVT00385,2026-09-27 20:44:06,WINDOWS,OT-JUMP-01,IDP-01,admin_katjiuongua,AUTH_SUCCESS,Kerberos,ALLOW,Low,,Approved privileged access
EVT00386,2026-09-27 21:12:35,FIREWALL,OT-JUMP-01,HIST-01,admin_katjiuongua,HTTPS_SESSION,TCP/443,ALLOW,Low,,Approved historian administration
EVT00387,2026-09-27 21:56:46,OT_IDS,HMI-01,PLC-SUB-01,system,MODBUS_READ,Modbus/TCP,ALLOW,Low,,Normal telemetry read
EVT00388,2026-09-27 22:05:22,DNS,DNS-01,SOC-SIEM-01,system,DNS_QUERY,UDP/53,ALLOW,Low,updates.microsoft.example,Normal name resolution
EVT00389,2026-09-28 03:54:31,EDR,ENG-WS-01,SOC-SIEM-01,eng_kavita,PROCESS_START,Local,ALLOW,Low,,Signed engineering utility
EVT00390,2026-09-28 04:14:39,DNS,DNS-01,SOC-SIEM-01,system,DNS_QUERY,UDP/53,ALLOW,Low,erp.egs.example,Normal name resolution
EVT00391,2026-09-28 04:55:41,DNS,DNS-01,SOC-SIEM-01,system,DNS_QUERY,UDP/53,ALLOW,Low,weather.example,Normal name resolution
EVT00392,2026-09-28 05:09:37,EDR,ENG-WS-01,SOC-SIEM-01,eng_kavita,PROCESS_START,Local,ALLOW,Low,,Signed engineering utility
EVT00393,2026-09-28 06:07:39,EDR,ENG-WS-01,SOC-SIEM-01,eng_kavita,PROCESS_START,Local,ALLOW,Low,,Signed engineering utility
EVT00394,2026-09-28 06:23:14,DNS,DNS-01,SOC-SIEM-01,system,DNS_QUERY,UDP/53,ALLOW,Low,weather.example,Normal name resolution
EVT00395,2026-09-28 06:56:48,OT_IDS,HMI-01,PLC-SUB-01,system,MODBUS_READ,Modbus/TCP,ALLOW,Low,,Normal telemetry read
EVT00396,2026-09-28 07:17:34,DNS,DNS-01,SOC-SIEM-01,system,DNS_QUERY,UDP/53,ALLOW,Low,erp.egs.example,Normal name resolution
EVT00397,2026-09-28 08:13:56,HISTORIAN,HIST-01,HIST-REPLICA-01,system,REPLICATION,HTTPS,ALLOW,Low,,Scheduled historian replication
EVT00398,2026-09-28 08:14:18,EDR,ENG-WS-01,SOC-SIEM-01,eng_kavita,PROCESS_START,Local,ALLOW,Low,,Signed engineering utility
EVT00399,2026-09-28 08:29:17,HISTORIAN,HIST-01,HIST-REPLICA-01,system,REPLICATION,HTTPS,ALLOW,Low,,Scheduled historian replication
EVT00400,2026-09-28 08:34:59,FIREWALL,OT-JUMP-01,HIST-01,admin_katjiuongua,HTTPS_SESSION,TCP/443,ALLOW,Low,,Approved historian administration
EVT00401,2026-09-28 08:51:49,OT_IDS,HMI-01,PLC-SUB-01,system,MODBUS_READ,Modbus/TCP,ALLOW,Low,,Normal telemetry read
EVT00402,2026-09-28 08:55:40,FIREWALL,OT-JUMP-01,HIST-01,admin_katjiuongua,HTTPS_SESSION,TCP/443,ALLOW,Low,,Approved historian administration
EVT00403,2026-09-28 08:55:52,VPN,VPN-GW-01,VENDOR-DMZ-01,vendor_maint,LOGIN_SUCCESS,TLS,ALLOW,Low,,Routine vendor session
EVT00404,2026-09-28 08:57:47,DNS,DNS-01,SOC-SIEM-01,system,DNS_QUERY,UDP/53,ALLOW,Low,weather.example,Normal name resolution
EVT00405,2026-09-28 09:15:54,WINDOWS,OT-JUMP-01,IDP-01,admin_katjiuongua,AUTH_SUCCESS,Kerberos,ALLOW,Low,,Approved privileged access
EVT00406,2026-09-28 09:23:43,WINDOWS,OT-JUMP-01,IDP-01,admin_katjiuongua,AUTH_SUCCESS,Kerberos,ALLOW,Low,,Approved privileged access
EVT00407,2026-09-28 09:24:11,VPN,VPN-GW-01,VENDOR-DMZ-01,vendor_maint,LOGIN_SUCCESS,TLS,ALLOW,Low,,Routine vendor session
EVT00408,2026-09-28 09:34:43,WINDOWS,OT-JUMP-01,IDP-01,admin_katjiuongua,AUTH_SUCCESS,Kerberos,ALLOW,Low,,Approved privileged access
EVT00409,2026-09-28 09:37:23,WINDOWS,OT-JUMP-01,IDP-01,admin_katjiuongua,AUTH_SUCCESS,Kerberos,ALLOW,Low,,Approved privileged access
EVT00410,2026-09-28 09:43:40,FIREWALL,OT-JUMP-01,HIST-01,admin_katjiuongua,HTTPS_SESSION,TCP/443,ALLOW,Low,,Approved historian administration
EVT00411,2026-09-28 09:50:52,VPN,VPN-GW-01,VENDOR-DMZ-01,vendor_maint,LOGIN_SUCCESS,TLS,ALLOW,Low,,Routine vendor session
EVT00412,2026-09-28 10:04:50,EDR,ENG-WS-01,SOC-SIEM-01,eng_kavita,PROCESS_START,Local,ALLOW,Low,,Signed engineering utility
EVT00413,2026-09-28 10:17:46,EDR,ENG-WS-01,SOC-SIEM-01,eng_kavita,PROCESS_START,Local,ALLOW,Low,,Signed engineering utility
EVT00414,2026-09-28 10:23:01,EDR,ENG-WS-01,SOC-SIEM-01,eng_kavita,PROCESS_START,Local,ALLOW,Low,,Signed engineering utility
EVT00415,2026-09-28 10:28:53,OT_IDS,HMI-01,PLC-SUB-01,system,MODBUS_READ,Modbus/TCP,ALLOW,Low,,Normal telemetry read
EVT00416,2026-09-28 10:32:27,EDR,ENG-WS-01,SOC-SIEM-01,eng_kavita,PROCESS_START,Local,ALLOW,Low,,Signed engineering utility
EVT00417,2026-09-28 10:53:06,WINDOWS,OT-JUMP-01,IDP-01,admin_katjiuongua,AUTH_SUCCESS,Kerberos,ALLOW,Low,,Approved privileged access
EVT00418,2026-09-28 10:53:26,VPN,VPN-GW-01,VENDOR-DMZ-01,vendor_maint,LOGIN_SUCCESS,TLS,ALLOW,Low,,Routine vendor session
EVT00419,2026-09-28 11:00:02,WINDOWS,OT-JUMP-01,IDP-01,admin_katjiuongua,AUTH_SUCCESS,Kerberos,ALLOW,Low,,Approved privileged access
EVT00420,2026-09-28 11:14:29,VPN,VPN-GW-01,VENDOR-DMZ-01,vendor_maint,LOGIN_SUCCESS,TLS,ALLOW,Low,,Routine vendor session
EVT00421,2026-09-28 11:23:18,OT_IDS,HMI-01,PLC-SUB-01,system,MODBUS_READ,Modbus/TCP,ALLOW,Low,,Normal telemetry read
EVT00422,2026-09-28 11:24:37,WINDOWS,OT-JUMP-01,IDP-01,admin_katjiuongua,AUTH_SUCCESS,Kerberos,ALLOW,Low,,Approved privileged access
EVT00423,2026-09-28 11:27:18,EDR,ENG-WS-01,SOC-SIEM-01,eng_kavita,PROCESS_START,Local,ALLOW,Low,,Signed engineering utility
EVT00424,2026-09-28 11:36:15,VPN,VPN-GW-01,VENDOR-DMZ-01,vendor_maint,LOGIN_SUCCESS,TLS,ALLOW,Low,,Routine vendor session
EVT00425,2026-09-28 11:41:28,DNS,DNS-01,SOC-SIEM-01,system,DNS_QUERY,UDP/53,ALLOW,Low,ntp.pool.example,Normal name resolution
EVT00426,2026-09-28 12:06:54,FIREWALL,OT-JUMP-01,HIST-01,admin_katjiuongua,HTTPS_SESSION,TCP/443,ALLOW,Low,,Approved historian administration
EVT00427,2026-09-28 12:07:17,WINDOWS,OT-JUMP-01,IDP-01,admin_katjiuongua,AUTH_SUCCESS,Kerberos,ALLOW,Low,,Approved privileged access
EVT00428,2026-09-28 12:26:32,FIREWALL,OT-JUMP-01,HIST-01,admin_katjiuongua,HTTPS_SESSION,TCP/443,ALLOW,Low,,Approved historian administration
EVT00429,2026-09-28 13:00:59,HISTORIAN,HIST-01,HIST-REPLICA-01,system,REPLICATION,HTTPS,ALLOW,Low,,Scheduled historian replication
EVT00430,2026-09-28 13:09:01,DNS,DNS-01,SOC-SIEM-01,system,DNS_QUERY,UDP/53,ALLOW,Low,weather.example,Normal name resolution
EVT00431,2026-09-28 13:14:16,VPN,VPN-GW-01,VENDOR-DMZ-01,vendor_maint,LOGIN_SUCCESS,TLS,ALLOW,Low,,Routine vendor session
EVT00432,2026-09-28 13:40:26,HISTORIAN,HIST-01,HIST-REPLICA-01,system,REPLICATION,HTTPS,ALLOW,Low,,Scheduled historian replication
EVT00433,2026-09-28 13:53:41,DNS,DNS-01,SOC-SIEM-01,system,DNS_QUERY,UDP/53,ALLOW,Low,weather.example,Normal name resolution
EVT00434,2026-09-28 13:57:19,OT_IDS,HMI-01,PLC-SUB-01,system,MODBUS_READ,Modbus/TCP,ALLOW,Low,,Normal telemetry read
EVT00435,2026-09-28 14:11:59,VPN,VPN-GW-01,VENDOR-DMZ-01,vendor_maint,LOGIN_SUCCESS,TLS,ALLOW,Low,,Routine vendor session
EVT00436,2026-09-28 14:16:23,VPN,VPN-GW-01,VENDOR-DMZ-01,vendor_maint,LOGIN_SUCCESS,TLS,ALLOW,Low,,Routine vendor session
EVT00437,2026-09-28 14:49:47,DNS,DNS-01,SOC-SIEM-01,system,DNS_QUERY,UDP/53,ALLOW,Low,updates.microsoft.example,Normal name resolution
EVT00438,2026-09-28 15:19:48,DNS,DNS-01,SOC-SIEM-01,system,DNS_QUERY,UDP/53,ALLOW,Low,updates.microsoft.example,Normal name resolution
EVT00439,2026-09-28 15:35:57,VPN,VPN-GW-01,VENDOR-DMZ-01,vendor_maint,LOGIN_SUCCESS,TLS,ALLOW,Low,,Routine vendor session
EVT00440,2026-09-28 15:50:50,DNS,DNS-01,SOC-SIEM-01,system,DNS_QUERY,UDP/53,ALLOW,Low,ntp.pool.example,Normal name resolution
EVT00441,2026-09-28 16:08:49,EDR,ENG-WS-01,SOC-SIEM-01,eng_kavita,PROCESS_START,Local,ALLOW,Low,,Signed engineering utility
EVT00442,2026-09-28 16:41:45,DNS,DNS-01,SOC-SIEM-01,system,DNS_QUERY,UDP/53,ALLOW,Low,ntp.pool.example,Normal name resolution
EVT00443,2026-09-28 16:43:11,WINDOWS,OT-JUMP-01,IDP-01,admin_katjiuongua,AUTH_SUCCESS,Kerberos,ALLOW,Low,,Approved privileged access
EVT00444,2026-09-28 16:44:44,DNS,DNS-01,SOC-SIEM-01,system,DNS_QUERY,UDP/53,ALLOW,Low,erp.egs.example,Normal name resolution
EVT00445,2026-09-28 16:50:16,DNS,DNS-01,SOC-SIEM-01,system,DNS_QUERY,UDP/53,ALLOW,Low,updates.microsoft.example,Normal name resolution
EVT00446,2026-09-28 16:50:19,OT_IDS,HMI-01,PLC-SUB-01,system,MODBUS_READ,Modbus/TCP,ALLOW,Low,,Normal telemetry read
EVT00447,2026-09-28 16:57:32,FIREWALL,OT-JUMP-01,HIST-01,admin_katjiuongua,HTTPS_SESSION,TCP/443,ALLOW,Low,,Approved historian administration
EVT00448,2026-09-28 16:59:27,DNS,DNS-01,SOC-SIEM-01,system,DNS_QUERY,UDP/53,ALLOW,Low,updates.microsoft.example,Normal name resolution
EVT00449,2026-09-28 17:41:36,DNS,DNS-01,SOC-SIEM-01,system,DNS_QUERY,UDP/53,ALLOW,Low,weather.example,Normal name resolution
EVT00450,2026-09-28 18:10:43,FIREWALL,OT-JUMP-01,HIST-01,admin_katjiuongua,HTTPS_SESSION,TCP/443,ALLOW,Low,,Approved historian administration
EVT00451,2026-09-28 18:13:24,OT_IDS,HMI-01,PLC-SUB-01,system,MODBUS_READ,Modbus/TCP,ALLOW,Low,,Normal telemetry read
EVT00452,2026-09-28 20:08:08,OT_IDS,HMI-01,PLC-SUB-01,system,MODBUS_READ,Modbus/TCP,ALLOW,Low,,Normal telemetry read
EVT00453,2026-09-28 20:33:42,DNS,DNS-01,SOC-SIEM-01,system,DNS_QUERY,UDP/53,ALLOW,Low,erp.egs.example,Normal name resolution
EVT00454,2026-09-29 03:07:13,OT_IDS,HMI-01,PLC-SUB-01,system,MODBUS_READ,Modbus/TCP,ALLOW,Low,,Normal telemetry read
EVT00455,2026-09-29 03:25:08,FIREWALL,OT-JUMP-01,HIST-01,admin_katjiuongua,HTTPS_SESSION,TCP/443,ALLOW,Low,,Approved historian administration
EVT00456,2026-09-29 04:15:07,OT_IDS,HMI-01,PLC-SUB-01,system,MODBUS_READ,Modbus/TCP,ALLOW,Low,,Normal telemetry read
EVT00457,2026-09-29 05:24:36,VPN,VPN-GW-01,VENDOR-DMZ-01,vendor_maint,LOGIN_SUCCESS,TLS,ALLOW,Low,,Routine vendor session
EVT00458,2026-09-29 05:25:06,VPN,VPN-GW-01,VENDOR-DMZ-01,vendor_maint,LOGIN_SUCCESS,TLS,ALLOW,Low,,Routine vendor session
EVT00459,2026-09-29 05:25:13,DNS,DNS-01,SOC-SIEM-01,system,DNS_QUERY,UDP/53,ALLOW,Low,weather.example,Normal name resolution
EVT00460,2026-09-29 06:04:54,VPN,VPN-GW-01,VENDOR-DMZ-01,vendor_maint,LOGIN_SUCCESS,TLS,ALLOW,Low,,Routine vendor session
EVT00461,2026-09-29 06:13:12,WINDOWS,OT-JUMP-01,IDP-01,admin_katjiuongua,AUTH_SUCCESS,Kerberos,ALLOW,Low,,Approved privileged access
EVT00462,2026-09-29 07:10:13,EDR,ENG-WS-01,SOC-SIEM-01,eng_kavita,PROCESS_START,Local,ALLOW,Low,,Signed engineering utility
EVT00463,2026-09-29 07:11:35,VPN,VPN-GW-01,VENDOR-DMZ-01,vendor_maint,LOGIN_SUCCESS,TLS,ALLOW,Low,,Routine vendor session
EVT00464,2026-09-29 07:34:48,VPN,VPN-GW-01,VENDOR-DMZ-01,vendor_maint,LOGIN_SUCCESS,TLS,ALLOW,Low,,Routine vendor session
EVT00465,2026-09-29 07:35:29,WINDOWS,OT-JUMP-01,IDP-01,admin_katjiuongua,AUTH_SUCCESS,Kerberos,ALLOW,Low,,Approved privileged access
EVT00466,2026-09-29 07:41:58,DNS,DNS-01,SOC-SIEM-01,system,DNS_QUERY,UDP/53,ALLOW,Low,weather.example,Normal name resolution
EVT00467,2026-09-29 07:55:56,FIREWALL,OT-JUMP-01,HIST-01,admin_katjiuongua,HTTPS_SESSION,TCP/443,ALLOW,Low,,Approved historian administration
EVT00468,2026-09-29 08:13:17,OT_IDS,HMI-01,PLC-SUB-01,system,MODBUS_READ,Modbus/TCP,ALLOW,Low,,Normal telemetry read
EVT00469,2026-09-29 08:22:23,VPN,VPN-GW-01,VENDOR-DMZ-01,vendor_maint,LOGIN_SUCCESS,TLS,ALLOW,Low,,Routine vendor session
EVT00470,2026-09-29 08:27:41,OT_IDS,HMI-01,PLC-SUB-01,system,MODBUS_READ,Modbus/TCP,ALLOW,Low,,Normal telemetry read
EVT00471,2026-09-29 08:29:07,VPN,VPN-GW-01,VENDOR-DMZ-01,vendor_maint,LOGIN_SUCCESS,TLS,ALLOW,Low,,Routine vendor session
EVT00472,2026-09-29 08:39:07,FIREWALL,OT-JUMP-01,HIST-01,admin_katjiuongua,HTTPS_SESSION,TCP/443,ALLOW,Low,,Approved historian administration
EVT00473,2026-09-29 08:42:14,VPN,VPN-GW-01,VENDOR-DMZ-01,vendor_maint,LOGIN_SUCCESS,TLS,ALLOW,Low,,Routine vendor session
EVT00474,2026-09-29 08:49:47,VPN,VPN-GW-01,VENDOR-DMZ-01,vendor_maint,LOGIN_SUCCESS,TLS,ALLOW,Low,,Routine vendor session
EVT00475,2026-09-29 08:55:02,VPN,VPN-GW-01,VENDOR-DMZ-01,vendor_maint,LOGIN_SUCCESS,TLS,ALLOW,Low,,Routine vendor session
EVT00476,2026-09-29 09:27:05,WINDOWS,OT-JUMP-01,IDP-01,admin_katjiuongua,AUTH_SUCCESS,Kerberos,ALLOW,Low,,Approved privileged access
EVT00477,2026-09-29 09:39:48,EDR,ENG-WS-01,SOC-SIEM-01,eng_kavita,PROCESS_START,Local,ALLOW,Low,,Signed engineering utility
EVT00478,2026-09-29 09:49:22,VPN,VPN-GW-01,VENDOR-DMZ-01,vendor_maint,LOGIN_SUCCESS,TLS,ALLOW,Low,,Routine vendor session
EVT00479,2026-09-29 09:57:34,DNS,DNS-01,SOC-SIEM-01,system,DNS_QUERY,UDP/53,ALLOW,Low,updates.microsoft.example,Normal name resolution
EVT00480,2026-09-29 10:12:50,OT_IDS,HMI-01,PLC-SUB-01,system,MODBUS_READ,Modbus/TCP,ALLOW,Low,,Normal telemetry read
EVT00481,2026-09-29 10:13:27,DNS,DNS-01,SOC-SIEM-01,system,DNS_QUERY,UDP/53,ALLOW,Low,weather.example,Normal name resolution
EVT00482,2026-09-29 10:16:38,WINDOWS,OT-JUMP-01,IDP-01,admin_katjiuongua,AUTH_SUCCESS,Kerberos,ALLOW,Low,,Approved privileged access
EVT00483,2026-09-29 10:29:54,FIREWALL,OT-JUMP-01,HIST-01,admin_katjiuongua,HTTPS_SESSION,TCP/443,ALLOW,Low,,Approved historian administration
EVT00484,2026-09-29 10:31:04,DNS,DNS-01,SOC-SIEM-01,system,DNS_QUERY,UDP/53,ALLOW,Low,ntp.pool.example,Normal name resolution
EVT00485,2026-09-29 10:33:49,HISTORIAN,HIST-01,HIST-REPLICA-01,system,REPLICATION,HTTPS,ALLOW,Low,,Scheduled historian replication
EVT00486,2026-09-29 10:36:15,VPN,VPN-GW-01,VENDOR-DMZ-01,vendor_maint,LOGIN_SUCCESS,TLS,ALLOW,Low,,Routine vendor session
EVT00487,2026-09-29 10:52:19,OT_IDS,HMI-01,PLC-SUB-01,system,MODBUS_READ,Modbus/TCP,ALLOW,Low,,Normal telemetry read
EVT00488,2026-09-29 11:19:33,OT_IDS,HMI-01,PLC-SUB-01,system,MODBUS_READ,Modbus/TCP,ALLOW,Low,,Normal telemetry read
EVT00489,2026-09-29 11:36:19,FIREWALL,OT-JUMP-01,HIST-01,admin_katjiuongua,HTTPS_SESSION,TCP/443,ALLOW,Low,,Approved historian administration
EVT00490,2026-09-29 11:36:34,WINDOWS,OT-JUMP-01,IDP-01,admin_katjiuongua,AUTH_SUCCESS,Kerberos,ALLOW,Low,,Approved privileged access
EVT00491,2026-09-29 11:47:47,VPN,VPN-GW-01,VENDOR-DMZ-01,vendor_maint,LOGIN_SUCCESS,TLS,ALLOW,Low,,Routine vendor session
EVT00492,2026-09-29 11:54:40,DNS,DNS-01,SOC-SIEM-01,system,DNS_QUERY,UDP/53,ALLOW,Low,ntp.pool.example,Normal name resolution
EVT00493,2026-09-29 12:14:40,VPN,VPN-GW-01,VENDOR-DMZ-01,vendor_maint,LOGIN_SUCCESS,TLS,ALLOW,Low,,Routine vendor session
EVT00494,2026-09-29 12:14:56,EDR,ENG-WS-01,SOC-SIEM-01,eng_kavita,PROCESS_START,Local,ALLOW,Low,,Signed engineering utility
EVT00495,2026-09-29 12:31:50,OT_IDS,HMI-01,PLC-SUB-01,system,MODBUS_READ,Modbus/TCP,ALLOW,Low,,Normal telemetry read
EVT00496,2026-09-29 13:14:53,WINDOWS,OT-JUMP-01,IDP-01,admin_katjiuongua,AUTH_SUCCESS,Kerberos,ALLOW,Low,,Approved privileged access
EVT00497,2026-09-29 13:16:39,VPN,VPN-GW-01,VENDOR-DMZ-01,vendor_maint,LOGIN_SUCCESS,TLS,ALLOW,Low,,Routine vendor session
EVT00498,2026-09-29 13:21:58,FIREWALL,OT-JUMP-01,HIST-01,admin_katjiuongua,HTTPS_SESSION,TCP/443,ALLOW,Low,,Approved historian administration
EVT00499,2026-09-29 13:40:28,WINDOWS,OT-JUMP-01,IDP-01,admin_katjiuongua,AUTH_SUCCESS,Kerberos,ALLOW,Low,,Approved privileged access
EVT00500,2026-09-29 13:42:41,DNS,DNS-01,SOC-SIEM-01,system,DNS_QUERY,UDP/53,ALLOW,Low,updates.microsoft.example,Normal name resolution
EVT00501,2026-09-29 13:53:00,EDR,ENG-WS-01,SOC-SIEM-01,eng_kavita,PROCESS_START,Local,ALLOW,Low,,Signed engineering utility
EVT00502,2026-09-29 13:56:30,FIREWALL,OT-JUMP-01,HIST-01,admin_katjiuongua,HTTPS_SESSION,TCP/443,ALLOW,Low,,Approved historian administration
EVT00503,2026-09-29 14:01:24,OT_IDS,HMI-01,PLC-SUB-01,system,MODBUS_READ,Modbus/TCP,ALLOW,Low,,Normal telemetry read
EVT00504,2026-09-29 15:09:44,FIREWALL,OT-JUMP-01,HIST-01,admin_katjiuongua,HTTPS_SESSION,TCP/443,ALLOW,Low,,Approved historian administration
EVT00505,2026-09-29 15:22:30,WINDOWS,OT-JUMP-01,IDP-01,admin_katjiuongua,AUTH_SUCCESS,Kerberos,ALLOW,Low,,Approved privileged access
EVT00506,2026-09-29 15:31:54,EDR,ENG-WS-01,SOC-SIEM-01,eng_kavita,PROCESS_START,Local,ALLOW,Low,,Signed engineering utility
EVT00507,2026-09-29 15:45:25,FIREWALL,OT-JUMP-01,HIST-01,admin_katjiuongua,HTTPS_SESSION,TCP/443,ALLOW,Low,,Approved historian administration
EVT00508,2026-09-29 15:52:14,VPN,VPN-GW-01,VENDOR-DMZ-01,vendor_maint,LOGIN_SUCCESS,TLS,ALLOW,Low,,Routine vendor session
EVT00509,2026-09-29 15:52:38,HISTORIAN,HIST-01,HIST-REPLICA-01,system,REPLICATION,HTTPS,ALLOW,Low,,Scheduled historian replication
EVT00510,2026-09-29 15:56:36,WINDOWS,OT-JUMP-01,IDP-01,admin_katjiuongua,AUTH_SUCCESS,Kerberos,ALLOW,Low,,Approved privileged access
EVT00511,2026-09-29 16:01:32,EDR,ENG-WS-01,SOC-SIEM-01,eng_kavita,PROCESS_START,Local,ALLOW,Low,,Signed engineering utility
EVT00512,2026-09-29 16:36:15,FIREWALL,OT-JUMP-01,HIST-01,admin_katjiuongua,HTTPS_SESSION,TCP/443,ALLOW,Low,,Approved historian administration
EVT00513,2026-09-29 16:41:10,OT_IDS,HMI-01,PLC-SUB-01,system,MODBUS_READ,Modbus/TCP,ALLOW,Low,,Normal telemetry read
EVT00514,2026-09-29 17:57:46,EDR,ENG-WS-01,SOC-SIEM-01,eng_kavita,PROCESS_START,Local,ALLOW,Low,,Signed engineering utility
EVT00515,2026-09-29 19:33:49,WINDOWS,OT-JUMP-01,IDP-01,admin_katjiuongua,AUTH_SUCCESS,Kerberos,ALLOW,Low,,Approved privileged access
EVT00516,2026-09-29 19:39:50,OT_IDS,HMI-01,PLC-SUB-01,system,MODBUS_READ,Modbus/TCP,ALLOW,Low,,Normal telemetry read
EVT00517,2026-09-29 20:22:41,DNS,DNS-01,SOC-SIEM-01,system,DNS_QUERY,UDP/53,ALLOW,Low,erp.egs.example,Normal name resolution
EVT00518,2026-09-29 20:59:09,WINDOWS,OT-JUMP-01,IDP-01,admin_katjiuongua,AUTH_SUCCESS,Kerberos,ALLOW,Low,,Approved privileged access
EVT00519,2026-09-30 03:00:55,VPN,VPN-GW-01,VENDOR-DMZ-01,vendor_maint,LOGIN_SUCCESS,TLS,ALLOW,Low,,Routine vendor session
EVT00520,2026-09-30 03:42:19,OT_IDS,HMI-01,PLC-SUB-01,system,MODBUS_READ,Modbus/TCP,ALLOW,Low,,Normal telemetry read
EVT00521,2026-09-30 03:48:41,DNS,DNS-01,SOC-SIEM-01,system,DNS_QUERY,UDP/53,ALLOW,Low,ntp.pool.example,Normal name resolution
EVT00522,2026-09-30 04:40:43,FIREWALL,OT-JUMP-01,HIST-01,admin_katjiuongua,HTTPS_SESSION,TCP/443,ALLOW,Low,,Approved historian administration
EVT00523,2026-09-30 06:25:54,FIREWALL,OT-JUMP-01,HIST-01,admin_katjiuongua,HTTPS_SESSION,TCP/443,ALLOW,Low,,Approved historian administration
EVT00524,2026-09-30 06:57:47,EDR,ENG-WS-01,SOC-SIEM-01,eng_kavita,PROCESS_START,Local,ALLOW,Low,,Signed engineering utility
EVT00525,2026-09-30 07:12:13,OT_IDS,HMI-01,PLC-SUB-01,system,MODBUS_READ,Modbus/TCP,ALLOW,Low,,Normal telemetry read
EVT00526,2026-09-30 07:13:18,DNS,DNS-01,SOC-SIEM-01,system,DNS_QUERY,UDP/53,ALLOW,Low,ntp.pool.example,Normal name resolution
EVT00527,2026-09-30 07:29:43,FIREWALL,OT-JUMP-01,HIST-01,admin_katjiuongua,HTTPS_SESSION,TCP/443,ALLOW,Low,,Approved historian administration
EVT00528,2026-09-30 07:37:00,FIREWALL,OT-JUMP-01,HIST-01,admin_katjiuongua,HTTPS_SESSION,TCP/443,ALLOW,Low,,Approved historian administration
EVT00529,2026-09-30 07:41:38,DNS,DNS-01,SOC-SIEM-01,system,DNS_QUERY,UDP/53,ALLOW,Low,weather.example,Normal name resolution
EVT00530,2026-09-30 08:15:21,OT_IDS,HMI-01,PLC-SUB-01,system,MODBUS_READ,Modbus/TCP,ALLOW,Low,,Normal telemetry read
EVT00531,2026-09-30 08:25:58,FIREWALL,OT-JUMP-01,HIST-01,admin_katjiuongua,HTTPS_SESSION,TCP/443,ALLOW,Low,,Approved historian administration
EVT00532,2026-09-30 08:31:24,WINDOWS,OT-JUMP-01,IDP-01,admin_katjiuongua,AUTH_SUCCESS,Kerberos,ALLOW,Low,,Approved privileged access
EVT00533,2026-09-30 08:53:29,HISTORIAN,HIST-01,HIST-REPLICA-01,system,REPLICATION,HTTPS,ALLOW,Low,,Scheduled historian replication
EVT00534,2026-09-30 08:56:50,FIREWALL,OT-JUMP-01,HIST-01,admin_katjiuongua,HTTPS_SESSION,TCP/443,ALLOW,Low,,Approved historian administration
EVT00535,2026-09-30 09:05:55,DNS,DNS-01,SOC-SIEM-01,system,DNS_QUERY,UDP/53,ALLOW,Low,updates.microsoft.example,Normal name resolution
EVT00536,2026-09-30 09:46:54,EDR,ENG-WS-01,SOC-SIEM-01,eng_kavita,PROCESS_START,Local,ALLOW,Low,,Signed engineering utility
EVT00537,2026-09-30 09:49:26,EDR,ENG-WS-01,SOC-SIEM-01,eng_kavita,PROCESS_START,Local,ALLOW,Low,,Signed engineering utility
EVT00538,2026-09-30 10:13:35,FIREWALL,OT-JUMP-01,HIST-01,admin_katjiuongua,HTTPS_SESSION,TCP/443,ALLOW,Low,,Approved historian administration
EVT00539,2026-09-30 10:17:13,WINDOWS,OT-JUMP-01,IDP-01,admin_katjiuongua,AUTH_SUCCESS,Kerberos,ALLOW,Low,,Approved privileged access
EVT00540,2026-09-30 10:18:45,WINDOWS,OT-JUMP-01,IDP-01,admin_katjiuongua,AUTH_SUCCESS,Kerberos,ALLOW,Low,,Approved privileged access
EVT00541,2026-09-30 10:33:43,OT_IDS,HMI-01,PLC-SUB-01,system,MODBUS_READ,Modbus/TCP,ALLOW,Low,,Normal telemetry read
EVT00542,2026-09-30 10:47:19,DNS,DNS-01,SOC-SIEM-01,system,DNS_QUERY,UDP/53,ALLOW,Low,erp.egs.example,Normal name resolution
EVT00543,2026-09-30 10:49:47,FIREWALL,OT-JUMP-01,HIST-01,admin_katjiuongua,HTTPS_SESSION,TCP/443,ALLOW,Low,,Approved historian administration
EVT00544,2026-09-30 11:22:14,DNS,DNS-01,SOC-SIEM-01,system,DNS_QUERY,UDP/53,ALLOW,Low,updates.microsoft.example,Normal name resolution
EVT00545,2026-09-30 11:33:38,WINDOWS,OT-JUMP-01,IDP-01,admin_katjiuongua,AUTH_SUCCESS,Kerberos,ALLOW,Low,,Approved privileged access
EVT00546,2026-09-30 11:39:07,HISTORIAN,HIST-01,HIST-REPLICA-01,system,REPLICATION,HTTPS,ALLOW,Low,,Scheduled historian replication
EVT00547,2026-09-30 12:03:12,DNS,DNS-01,SOC-SIEM-01,system,DNS_QUERY,UDP/53,ALLOW,Low,weather.example,Normal name resolution
EVT00548,2026-09-30 12:11:53,EDR,ENG-WS-01,SOC-SIEM-01,eng_kavita,PROCESS_START,Local,ALLOW,Low,,Signed engineering utility
EVT00549,2026-09-30 12:36:04,FIREWALL,OT-JUMP-01,HIST-01,admin_katjiuongua,HTTPS_SESSION,TCP/443,ALLOW,Low,,Approved historian administration
EVT00550,2026-09-30 12:44:28,EDR,ENG-WS-01,SOC-SIEM-01,eng_kavita,PROCESS_START,Local,ALLOW,Low,,Signed engineering utility
EVT00551,2026-09-30 13:18:21,WINDOWS,OT-JUMP-01,IDP-01,admin_katjiuongua,AUTH_SUCCESS,Kerberos,ALLOW,Low,,Approved privileged access
EVT00552,2026-09-30 13:26:28,FIREWALL,OT-JUMP-01,HIST-01,admin_katjiuongua,HTTPS_SESSION,TCP/443,ALLOW,Low,,Approved historian administration
EVT00553,2026-09-30 13:34:18,EDR,ENG-WS-01,SOC-SIEM-01,eng_kavita,PROCESS_START,Local,ALLOW,Low,,Signed engineering utility
EVT00554,2026-09-30 13:40:04,FIREWALL,OT-JUMP-01,HIST-01,admin_katjiuongua,HTTPS_SESSION,TCP/443,ALLOW,Low,,Approved historian administration
EVT00555,2026-09-30 14:43:14,VPN,VPN-GW-01,VENDOR-DMZ-01,vendor_maint,LOGIN_SUCCESS,TLS,ALLOW,Low,,Routine vendor session
EVT00556,2026-09-30 15:00:40,FIREWALL,OT-JUMP-01,HIST-01,admin_katjiuongua,HTTPS_SESSION,TCP/443,ALLOW,Low,,Approved historian administration
EVT00557,2026-09-30 15:05:56,HISTORIAN,HIST-01,HIST-REPLICA-01,system,REPLICATION,HTTPS,ALLOW,Low,,Scheduled historian replication
EVT00558,2026-09-30 15:09:12,FIREWALL,OT-JUMP-01,HIST-01,admin_katjiuongua,HTTPS_SESSION,TCP/443,ALLOW,Low,,Approved historian administration
EVT00559,2026-09-30 15:09:38,OT_IDS,HMI-01,PLC-SUB-01,system,MODBUS_READ,Modbus/TCP,ALLOW,Low,,Normal telemetry read
EVT00560,2026-09-30 15:19:43,VPN,VPN-GW-01,VENDOR-DMZ-01,vendor_maint,LOGIN_SUCCESS,TLS,ALLOW,Low,,Routine vendor session
EVT00561,2026-09-30 15:25:26,HISTORIAN,HIST-01,HIST-REPLICA-01,system,REPLICATION,HTTPS,ALLOW,Low,,Scheduled historian replication
EVT00562,2026-09-30 15:44:39,HISTORIAN,HIST-01,HIST-REPLICA-01,system,REPLICATION,HTTPS,ALLOW,Low,,Scheduled historian replication
EVT00563,2026-09-30 16:12:27,OT_IDS,HMI-01,PLC-SUB-01,system,MODBUS_READ,Modbus/TCP,ALLOW,Low,,Normal telemetry read
EVT00564,2026-09-30 16:37:58,DNS,DNS-01,SOC-SIEM-01,system,DNS_QUERY,UDP/53,ALLOW,Low,erp.egs.example,Normal name resolution
EVT00565,2026-09-30 17:31:22,OT_IDS,HMI-01,PLC-SUB-01,system,MODBUS_READ,Modbus/TCP,ALLOW,Low,,Normal telemetry read
EVT00566,2026-09-30 17:32:43,WINDOWS,OT-JUMP-01,IDP-01,admin_katjiuongua,AUTH_SUCCESS,Kerberos,ALLOW,Low,,Approved privileged access
EVT00567,2026-09-30 17:37:01,EDR,ENG-WS-01,SOC-SIEM-01,eng_kavita,PROCESS_START,Local,ALLOW,Low,,Signed engineering utility
EVT00568,2026-09-30 17:38:41,DNS,DNS-01,SOC-SIEM-01,system,DNS_QUERY,UDP/53,ALLOW,Low,ntp.pool.example,Normal name resolution
EVT00569,2026-09-30 17:41:24,HISTORIAN,HIST-01,HIST-REPLICA-01,system,REPLICATION,HTTPS,ALLOW,Low,,Scheduled historian replication
EVT00570,2026-09-30 17:44:29,VPN,VPN-GW-01,VENDOR-DMZ-01,vendor_maint,LOGIN_SUCCESS,TLS,ALLOW,Low,,Routine vendor session
EVT00571,2026-09-30 18:28:48,VPN,VPN-GW-01,VENDOR-DMZ-01,vendor_maint,LOGIN_SUCCESS,TLS,ALLOW,Low,,Routine vendor session
EVT00572,2026-09-30 20:07:31,DNS,DNS-01,SOC-SIEM-01,system,DNS_QUERY,UDP/53,ALLOW,Low,updates.microsoft.example,Normal name resolution
EVT00573,2026-09-30 20:14:52,WINDOWS,OT-JUMP-01,IDP-01,admin_katjiuongua,AUTH_SUCCESS,Kerberos,ALLOW,Low,,Approved privileged access
EVT00574,2026-10-01 03:14:51,DNS,DNS-01,SOC-SIEM-01,system,DNS_QUERY,UDP/53,ALLOW,Low,weather.example,Normal name resolution
EVT00575,2026-10-01 06:40:26,EDR,ENG-WS-01,SOC-SIEM-01,eng_kavita,PROCESS_START,Local,ALLOW,Low,,Signed engineering utility
EVT00576,2026-10-01 06:51:16,FIREWALL,OT-JUMP-01,HIST-01,admin_katjiuongua,HTTPS_SESSION,TCP/443,ALLOW,Low,,Approved historian administration
EVT00577,2026-10-01 06:54:05,DNS,DNS-01,SOC-SIEM-01,system,DNS_QUERY,UDP/53,ALLOW,Low,updates.microsoft.example,Normal name resolution
EVT00578,2026-10-01 07:07:57,OT_IDS,HMI-01,PLC-SUB-01,system,MODBUS_READ,Modbus/TCP,ALLOW,Low,,Normal telemetry read
EVT00579,2026-10-01 07:24:49,DNS,DNS-01,SOC-SIEM-01,system,DNS_QUERY,UDP/53,ALLOW,Low,erp.egs.example,Normal name resolution
EVT00580,2026-10-01 07:51:39,FIREWALL,OT-JUMP-01,HIST-01,admin_katjiuongua,HTTPS_SESSION,TCP/443,ALLOW,Low,,Approved historian administration
EVT00581,2026-10-01 07:56:18,FIREWALL,OT-JUMP-01,HIST-01,admin_katjiuongua,HTTPS_SESSION,TCP/443,ALLOW,Low,,Approved historian administration
EVT00582,2026-10-01 08:15:00,WINDOWS,OT-JUMP-01,IDP-01,admin_katjiuongua,AUTH_SUCCESS,Kerberos,ALLOW,Low,,Approved privileged access
EVT00583,2026-10-01 08:22:24,VPN,VPN-GW-01,VENDOR-DMZ-01,vendor_maint,LOGIN_SUCCESS,TLS,ALLOW,Low,,Routine vendor session
EVT00584,2026-10-01 08:26:25,HISTORIAN,HIST-01,HIST-REPLICA-01,system,REPLICATION,HTTPS,ALLOW,Low,,Scheduled historian replication
EVT00585,2026-10-01 08:30:10,EDR,ENG-WS-01,SOC-SIEM-01,eng_kavita,PROCESS_START,Local,ALLOW,Low,,Signed engineering utility
EVT00586,2026-10-01 08:33:52,VPN,VPN-GW-01,VENDOR-DMZ-01,vendor_maint,LOGIN_SUCCESS,TLS,ALLOW,Low,,Routine vendor session
EVT00587,2026-10-01 08:33:59,OT_IDS,HMI-01,PLC-SUB-01,system,MODBUS_READ,Modbus/TCP,ALLOW,Low,,Normal telemetry read
EVT00588,2026-10-01 08:38:16,FIREWALL,OT-JUMP-01,HIST-01,admin_katjiuongua,HTTPS_SESSION,TCP/443,ALLOW,Low,,Approved historian administration
EVT00589,2026-10-01 08:47:22,FIREWALL,OT-JUMP-01,HIST-01,admin_katjiuongua,HTTPS_SESSION,TCP/443,ALLOW,Low,,Approved historian administration
EVT00590,2026-10-01 08:48:53,VPN,VPN-GW-01,VENDOR-DMZ-01,vendor_maint,LOGIN_SUCCESS,TLS,ALLOW,Low,,Routine vendor session
EVT00591,2026-10-01 08:50:33,DNS,DNS-01,SOC-SIEM-01,system,DNS_QUERY,UDP/53,ALLOW,Low,weather.example,Normal name resolution
EVT00592,2026-10-01 08:56:47,EDR,ENG-WS-01,SOC-SIEM-01,eng_kavita,PROCESS_START,Local,ALLOW,Low,,Signed engineering utility
EVT00593,2026-10-01 09:00:43,WINDOWS,OT-JUMP-01,IDP-01,admin_katjiuongua,AUTH_SUCCESS,Kerberos,ALLOW,Low,,Approved privileged access
EVT00594,2026-10-01 09:22:40,DNS,DNS-01,SOC-SIEM-01,system,DNS_QUERY,UDP/53,ALLOW,Low,weather.example,Normal name resolution
EVT00595,2026-10-01 09:30:38,EDR,ENG-WS-01,SOC-SIEM-01,eng_kavita,PROCESS_START,Local,ALLOW,Low,,Signed engineering utility
EVT00596,2026-10-01 09:37:54,WINDOWS,OT-JUMP-01,IDP-01,admin_katjiuongua,AUTH_SUCCESS,Kerberos,ALLOW,Low,,Approved privileged access
EVT00597,2026-10-01 09:42:36,OT_IDS,HMI-01,PLC-SUB-01,system,MODBUS_READ,Modbus/TCP,ALLOW,Low,,Normal telemetry read
EVT00598,2026-10-01 09:47:42,DNS,DNS-01,SOC-SIEM-01,system,DNS_QUERY,UDP/53,ALLOW,Low,ntp.pool.example,Normal name resolution
EVT00599,2026-10-01 10:46:29,FIREWALL,OT-JUMP-01,HIST-01,admin_katjiuongua,HTTPS_SESSION,TCP/443,ALLOW,Low,,Approved historian administration
EVT00600,2026-10-01 10:58:25,FIREWALL,OT-JUMP-01,HIST-01,admin_katjiuongua,HTTPS_SESSION,TCP/443,ALLOW,Low,,Approved historian administration
EVT00601,2026-10-01 11:04:53,WINDOWS,OT-JUMP-01,IDP-01,admin_katjiuongua,AUTH_SUCCESS,Kerberos,ALLOW,Low,,Approved privileged access
EVT00602,2026-10-01 11:07:37,DNS,DNS-01,SOC-SIEM-01,system,DNS_QUERY,UDP/53,ALLOW,Low,ntp.pool.example,Normal name resolution
EVT00603,2026-10-01 11:36:26,OT_IDS,HMI-01,PLC-SUB-01,system,MODBUS_READ,Modbus/TCP,ALLOW,Low,,Normal telemetry read
EVT00604,2026-10-01 11:36:59,FIREWALL,OT-JUMP-01,HIST-01,admin_katjiuongua,HTTPS_SESSION,TCP/443,ALLOW,Low,,Approved historian administration
EVT00605,2026-10-01 11:52:58,DNS,DNS-01,SOC-SIEM-01,system,DNS_QUERY,UDP/53,ALLOW,Low,weather.example,Normal name resolution
EVT00606,2026-10-01 11:53:24,VPN,VPN-GW-01,VENDOR-DMZ-01,vendor_maint,LOGIN_SUCCESS,TLS,ALLOW,Low,,Routine vendor session
EVT00607,2026-10-01 12:08:20,VPN,VPN-GW-01,VENDOR-DMZ-01,vendor_maint,LOGIN_SUCCESS,TLS,ALLOW,Low,,Routine vendor session
EVT00608,2026-10-01 12:29:43,EDR,ENG-WS-01,SOC-SIEM-01,eng_kavita,PROCESS_START,Local,ALLOW,Low,,Signed engineering utility
EVT00609,2026-10-01 12:32:14,FIREWALL,OT-JUMP-01,HIST-01,admin_katjiuongua,HTTPS_SESSION,TCP/443,ALLOW,Low,,Approved historian administration
EVT00610,2026-10-01 12:45:24,VPN,VPN-GW-01,VENDOR-DMZ-01,vendor_maint,LOGIN_SUCCESS,TLS,ALLOW,Low,,Routine vendor session
EVT00611,2026-10-01 12:51:25,OT_IDS,HMI-01,PLC-SUB-01,system,MODBUS_READ,Modbus/TCP,ALLOW,Low,,Normal telemetry read
EVT00612,2026-10-01 13:01:59,OT_IDS,HMI-01,PLC-SUB-01,system,MODBUS_READ,Modbus/TCP,ALLOW,Low,,Normal telemetry read
EVT00613,2026-10-01 13:18:58,VPN,VPN-GW-01,VENDOR-DMZ-01,vendor_maint,LOGIN_SUCCESS,TLS,ALLOW,Low,,Routine vendor session
EVT00614,2026-10-01 13:21:20,EDR,ENG-WS-01,SOC-SIEM-01,eng_kavita,PROCESS_START,Local,ALLOW,Low,,Signed engineering utility
EVT00615,2026-10-01 13:33:25,HISTORIAN,HIST-01,HIST-REPLICA-01,system,REPLICATION,HTTPS,ALLOW,Low,,Scheduled historian replication
EVT00616,2026-10-01 13:35:36,DNS,DNS-01,SOC-SIEM-01,system,DNS_QUERY,UDP/53,ALLOW,Low,erp.egs.example,Normal name resolution
EVT00617,2026-10-01 13:40:51,HISTORIAN,HIST-01,HIST-REPLICA-01,system,REPLICATION,HTTPS,ALLOW,Low,,Scheduled historian replication
EVT00618,2026-10-01 13:43:31,VPN,VPN-GW-01,VENDOR-DMZ-01,vendor_maint,LOGIN_SUCCESS,TLS,ALLOW,Low,,Routine vendor session
EVT00619,2026-10-01 13:59:08,HISTORIAN,HIST-01,HIST-REPLICA-01,system,REPLICATION,HTTPS,ALLOW,Low,,Scheduled historian replication
EVT00620,2026-10-01 14:39:47,DNS,DNS-01,SOC-SIEM-01,system,DNS_QUERY,UDP/53,ALLOW,Low,ntp.pool.example,Normal name resolution
EVT00621,2026-10-01 14:41:35,FIREWALL,OT-JUMP-01,HIST-01,admin_katjiuongua,HTTPS_SESSION,TCP/443,ALLOW,Low,,Approved historian administration
EVT00622,2026-10-01 15:17:26,FIREWALL,OT-JUMP-01,HIST-01,admin_katjiuongua,HTTPS_SESSION,TCP/443,ALLOW,Low,,Approved historian administration
EVT00623,2026-10-01 15:32:15,HISTORIAN,HIST-01,HIST-REPLICA-01,system,REPLICATION,HTTPS,ALLOW,Low,,Scheduled historian replication
EVT00624,2026-10-01 16:07:58,DNS,DNS-01,SOC-SIEM-01,system,DNS_QUERY,UDP/53,ALLOW,Low,weather.example,Normal name resolution
EVT00625,2026-10-01 16:20:38,VPN,VPN-GW-01,VENDOR-DMZ-01,vendor_maint,LOGIN_SUCCESS,TLS,ALLOW,Low,,Routine vendor session
EVT00626,2026-10-01 16:41:13,HISTORIAN,HIST-01,HIST-REPLICA-01,system,REPLICATION,HTTPS,ALLOW,Low,,Scheduled historian replication
EVT00627,2026-10-01 16:51:37,OT_IDS,HMI-01,PLC-SUB-01,system,MODBUS_READ,Modbus/TCP,ALLOW,Low,,Normal telemetry read
EVT00628,2026-10-01 17:06:31,DNS,DNS-01,SOC-SIEM-01,system,DNS_QUERY,UDP/53,ALLOW,Low,updates.microsoft.example,Normal name resolution
EVT00629,2026-10-01 17:08:24,OT_IDS,HMI-01,PLC-SUB-01,system,MODBUS_READ,Modbus/TCP,ALLOW,Low,,Normal telemetry read
EVT00630,2026-10-01 17:33:22,FIREWALL,OT-JUMP-01,HIST-01,admin_katjiuongua,HTTPS_SESSION,TCP/443,ALLOW,Low,,Approved historian administration
EVT00631,2026-10-01 17:49:28,EDR,ENG-WS-01,SOC-SIEM-01,eng_kavita,PROCESS_START,Local,ALLOW,Low,,Signed engineering utility
EVT00632,2026-10-01 17:55:34,DNS,DNS-01,SOC-SIEM-01,system,DNS_QUERY,UDP/53,ALLOW,Low,weather.example,Normal name resolution
EVT00633,2026-10-01 17:57:12,WINDOWS,OT-JUMP-01,IDP-01,admin_katjiuongua,AUTH_SUCCESS,Kerberos,ALLOW,Low,,Approved privileged access
EVT00634,2026-10-01 18:40:07,VPN,VPN-GW-01,VENDOR-DMZ-01,vendor_maint,LOGIN_SUCCESS,TLS,ALLOW,Low,,Routine vendor session
EVT00635,2026-10-01 19:20:25,HISTORIAN,HIST-01,HIST-REPLICA-01,system,REPLICATION,HTTPS,ALLOW,Low,,Scheduled historian replication
EVT00636,2026-10-02 00:29:23,HISTORIAN,HIST-01,HIST-REPLICA-01,system,REPLICATION,HTTPS,ALLOW,Low,,Scheduled historian replication
EVT00637,2026-10-02 01:53:19,EDR,ENG-WS-01,SOC-SIEM-01,eng_kavita,PROCESS_START,Local,ALLOW,Low,,Signed engineering utility
EVT00638,2026-10-02 02:50:38,WINDOWS,OT-JUMP-01,IDP-01,admin_katjiuongua,AUTH_SUCCESS,Kerberos,ALLOW,Low,,Approved privileged access
EVT00639,2026-10-02 04:54:54,HISTORIAN,HIST-01,HIST-REPLICA-01,system,REPLICATION,HTTPS,ALLOW,Low,,Scheduled historian replication
EVT00640,2026-10-02 06:28:15,DNS,DNS-01,SOC-SIEM-01,system,DNS_QUERY,UDP/53,ALLOW,Low,ntp.pool.example,Normal name resolution
EVT00641,2026-10-02 06:29:44,FIREWALL,OT-JUMP-01,HIST-01,admin_katjiuongua,HTTPS_SESSION,TCP/443,ALLOW,Low,,Approved historian administration
EVT00642,2026-10-02 06:54:55,VPN,VPN-GW-01,VENDOR-DMZ-01,vendor_maint,LOGIN_SUCCESS,TLS,ALLOW,Low,,Routine vendor session
EVT00643,2026-10-02 07:00:29,EDR,ENG-WS-01,SOC-SIEM-01,eng_kavita,PROCESS_START,Local,ALLOW,Low,,Signed engineering utility
EVT00644,2026-10-02 07:19:41,HISTORIAN,HIST-01,HIST-REPLICA-01,system,REPLICATION,HTTPS,ALLOW,Low,,Scheduled historian replication
EVT00645,2026-10-02 07:31:06,HISTORIAN,HIST-01,HIST-REPLICA-01,system,REPLICATION,HTTPS,ALLOW,Low,,Scheduled historian replication
EVT00646,2026-10-02 07:37:49,HISTORIAN,HIST-01,HIST-REPLICA-01,system,REPLICATION,HTTPS,ALLOW,Low,,Scheduled historian replication
EVT00647,2026-10-02 07:38:00,HISTORIAN,HIST-01,HIST-REPLICA-01,system,REPLICATION,HTTPS,ALLOW,Low,,Scheduled historian replication
EVT00648,2026-10-02 08:00:38,HISTORIAN,HIST-01,HIST-REPLICA-01,system,REPLICATION,HTTPS,ALLOW,Low,,Scheduled historian replication
EVT00649,2026-10-02 08:32:07,HISTORIAN,HIST-01,HIST-REPLICA-01,system,REPLICATION,HTTPS,ALLOW,Low,,Scheduled historian replication
EVT00650,2026-10-02 08:50:38,WINDOWS,OT-JUMP-01,IDP-01,admin_katjiuongua,AUTH_SUCCESS,Kerberos,ALLOW,Low,,Approved privileged access
EVT00651,2026-10-02 08:51:26,HISTORIAN,HIST-01,HIST-REPLICA-01,system,REPLICATION,HTTPS,ALLOW,Low,,Scheduled historian replication
EVT00652,2026-10-02 08:53:44,WINDOWS,OT-JUMP-01,IDP-01,admin_katjiuongua,AUTH_SUCCESS,Kerberos,ALLOW,Low,,Approved privileged access
EVT00653,2026-10-02 09:00:24,FIREWALL,OT-JUMP-01,HIST-01,admin_katjiuongua,HTTPS_SESSION,TCP/443,ALLOW,Low,,Approved historian administration
EVT00654,2026-10-02 09:22:33,HISTORIAN,HIST-01,HIST-REPLICA-01,system,REPLICATION,HTTPS,ALLOW,Low,,Scheduled historian replication
EVT00655,2026-10-02 09:22:59,OT_IDS,HMI-01,PLC-SUB-01,system,MODBUS_READ,Modbus/TCP,ALLOW,Low,,Normal telemetry read
EVT00656,2026-10-02 09:27:22,VPN,VPN-GW-01,VENDOR-DMZ-01,vendor_maint,LOGIN_SUCCESS,TLS,ALLOW,Low,,Routine vendor session
EVT00657,2026-10-02 09:58:02,VPN,VPN-GW-01,VENDOR-DMZ-01,vendor_maint,LOGIN_SUCCESS,TLS,ALLOW,Low,,Routine vendor session
EVT00658,2026-10-02 10:23:11,WINDOWS,OT-JUMP-01,IDP-01,admin_katjiuongua,AUTH_SUCCESS,Kerberos,ALLOW,Low,,Approved privileged access
EVT00659,2026-10-02 10:37:16,WINDOWS,OT-JUMP-01,IDP-01,admin_katjiuongua,AUTH_SUCCESS,Kerberos,ALLOW,Low,,Approved privileged access
EVT00660,2026-10-02 10:37:41,WINDOWS,OT-JUMP-01,IDP-01,admin_katjiuongua,AUTH_SUCCESS,Kerberos,ALLOW,Low,,Approved privileged access
EVT00661,2026-10-02 10:38:54,DNS,DNS-01,SOC-SIEM-01,system,DNS_QUERY,UDP/53,ALLOW,Low,erp.egs.example,Normal name resolution
EVT00662,2026-10-02 10:47:07,OT_IDS,HMI-01,PLC-SUB-01,system,MODBUS_READ,Modbus/TCP,ALLOW,Low,,Normal telemetry read
EVT00663,2026-10-02 10:48:29,FIREWALL,OT-JUMP-01,HIST-01,admin_katjiuongua,HTTPS_SESSION,TCP/443,ALLOW,Low,,Approved historian administration
EVT00664,2026-10-02 10:49:12,FIREWALL,OT-JUMP-01,HIST-01,admin_katjiuongua,HTTPS_SESSION,TCP/443,ALLOW,Low,,Approved historian administration
EVT00665,2026-10-02 10:52:25,EDR,ENG-WS-01,SOC-SIEM-01,eng_kavita,PROCESS_START,Local,ALLOW,Low,,Signed engineering utility
EVT00666,2026-10-02 11:12:12,OT_IDS,HMI-01,PLC-SUB-01,system,MODBUS_READ,Modbus/TCP,ALLOW,Low,,Normal telemetry read
EVT00667,2026-10-02 11:16:25,OT_IDS,HMI-01,PLC-SUB-01,system,MODBUS_READ,Modbus/TCP,ALLOW,Low,,Normal telemetry read
EVT00668,2026-10-02 12:23:53,HISTORIAN,HIST-01,HIST-REPLICA-01,system,REPLICATION,HTTPS,ALLOW,Low,,Scheduled historian replication
EVT00669,2026-10-02 12:41:03,HISTORIAN,HIST-01,HIST-REPLICA-01,system,REPLICATION,HTTPS,ALLOW,Low,,Scheduled historian replication
EVT00670,2026-10-02 12:55:46,WINDOWS,OT-JUMP-01,IDP-01,admin_katjiuongua,AUTH_SUCCESS,Kerberos,ALLOW,Low,,Approved privileged access
EVT00671,2026-10-02 13:00:27,VPN,VPN-GW-01,VENDOR-DMZ-01,vendor_maint,LOGIN_SUCCESS,TLS,ALLOW,Low,,Routine vendor session
EVT00672,2026-10-02 13:15:18,WINDOWS,OT-JUMP-01,IDP-01,admin_katjiuongua,AUTH_SUCCESS,Kerberos,ALLOW,Low,,Approved privileged access
EVT00673,2026-10-02 13:44:21,FIREWALL,OT-JUMP-01,HIST-01,admin_katjiuongua,HTTPS_SESSION,TCP/443,ALLOW,Low,,Approved historian administration
EVT00674,2026-10-02 13:55:15,VPN,VPN-GW-01,VENDOR-DMZ-01,vendor_maint,LOGIN_SUCCESS,TLS,ALLOW,Low,,Routine vendor session
EVT00675,2026-10-02 14:20:55,FIREWALL,OT-JUMP-01,HIST-01,admin_katjiuongua,HTTPS_SESSION,TCP/443,ALLOW,Low,,Approved historian administration
EVT00676,2026-10-02 14:40:44,WINDOWS,OT-JUMP-01,IDP-01,admin_katjiuongua,AUTH_SUCCESS,Kerberos,ALLOW,Low,,Approved privileged access
EVT00677,2026-10-02 14:42:01,OT_IDS,HMI-01,PLC-SUB-01,system,MODBUS_READ,Modbus/TCP,ALLOW,Low,,Normal telemetry read
EVT00678,2026-10-02 14:44:16,WINDOWS,OT-JUMP-01,IDP-01,admin_katjiuongua,AUTH_SUCCESS,Kerberos,ALLOW,Low,,Approved privileged access
EVT00679,2026-10-02 14:51:39,OT_IDS,HMI-01,PLC-SUB-01,system,MODBUS_READ,Modbus/TCP,ALLOW,Low,,Normal telemetry read
EVT00680,2026-10-02 14:56:52,OT_IDS,HMI-01,PLC-SUB-01,system,MODBUS_READ,Modbus/TCP,ALLOW,Low,,Normal telemetry read
EVT00681,2026-10-02 15:25:51,FIREWALL,OT-JUMP-01,HIST-01,admin_katjiuongua,HTTPS_SESSION,TCP/443,ALLOW,Low,,Approved historian administration
EVT00682,2026-10-02 15:26:55,HISTORIAN,HIST-01,HIST-REPLICA-01,system,REPLICATION,HTTPS,ALLOW,Low,,Scheduled historian replication
EVT00683,2026-10-02 16:05:45,VPN,VPN-GW-01,VENDOR-DMZ-01,vendor_maint,LOGIN_SUCCESS,TLS,ALLOW,Low,,Routine vendor session
EVT00684,2026-10-02 17:01:35,EDR,ENG-WS-01,SOC-SIEM-01,eng_kavita,PROCESS_START,Local,ALLOW,Low,,Signed engineering utility
EVT00685,2026-10-02 23:34:23,VPN,VPN-GW-01,VENDOR-DMZ-01,vendor_maint,LOGIN_SUCCESS,TLS,ALLOW,Low,,Routine vendor session
EVT00686,2026-10-03 02:15:33,FIREWALL,OT-JUMP-01,HIST-01,admin_katjiuongua,HTTPS_SESSION,TCP/443,ALLOW,Low,,Approved historian administration
EVT00687,2026-10-03 02:39:51,DNS,DNS-01,SOC-SIEM-01,system,DNS_QUERY,UDP/53,ALLOW,Low,ntp.pool.example,Normal name resolution
EVT00688,2026-10-03 04:12:22,DNS,DNS-01,SOC-SIEM-01,system,DNS_QUERY,UDP/53,ALLOW,Low,updates.microsoft.example,Normal name resolution
EVT00689,2026-10-03 04:24:21,WINDOWS,OT-JUMP-01,IDP-01,admin_katjiuongua,AUTH_SUCCESS,Kerberos,ALLOW,Low,,Approved privileged access
EVT00690,2026-10-03 04:43:03,EDR,ENG-WS-01,SOC-SIEM-01,eng_kavita,PROCESS_START,Local,ALLOW,Low,,Signed engineering utility
EVT00691,2026-10-03 05:24:31,HISTORIAN,HIST-01,HIST-REPLICA-01,system,REPLICATION,HTTPS,ALLOW,Low,,Scheduled historian replication
EVT00692,2026-10-03 06:15:29,WINDOWS,OT-JUMP-01,IDP-01,admin_katjiuongua,AUTH_SUCCESS,Kerberos,ALLOW,Low,,Approved privileged access
EVT00693,2026-10-03 06:38:19,WINDOWS,OT-JUMP-01,IDP-01,admin_katjiuongua,AUTH_SUCCESS,Kerberos,ALLOW,Low,,Approved privileged access
EVT00694,2026-10-03 06:56:25,VPN,VPN-GW-01,VENDOR-DMZ-01,vendor_maint,LOGIN_SUCCESS,TLS,ALLOW,Low,,Routine vendor session
EVT00695,2026-10-03 07:05:37,VPN,VPN-GW-01,VENDOR-DMZ-01,vendor_maint,LOGIN_SUCCESS,TLS,ALLOW,Low,,Routine vendor session
EVT00696,2026-10-03 07:12:55,WINDOWS,OT-JUMP-01,IDP-01,admin_katjiuongua,AUTH_SUCCESS,Kerberos,ALLOW,Low,,Approved privileged access
EVT00697,2026-10-03 07:14:42,HISTORIAN,HIST-01,HIST-REPLICA-01,system,REPLICATION,HTTPS,ALLOW,Low,,Scheduled historian replication
EVT00698,2026-10-03 07:36:29,DNS,DNS-01,SOC-SIEM-01,system,DNS_QUERY,UDP/53,ALLOW,Low,ntp.pool.example,Normal name resolution
EVT00699,2026-10-03 07:39:03,DNS,DNS-01,SOC-SIEM-01,system,DNS_QUERY,UDP/53,ALLOW,Low,erp.egs.example,Normal name resolution
EVT00700,2026-10-03 08:03:35,HISTORIAN,HIST-01,HIST-REPLICA-01,system,REPLICATION,HTTPS,ALLOW,Low,,Scheduled historian replication
EVT00701,2026-10-03 08:16:58,HISTORIAN,HIST-01,HIST-REPLICA-01,system,REPLICATION,HTTPS,ALLOW,Low,,Scheduled historian replication
EVT00702,2026-10-03 08:22:26,HISTORIAN,HIST-01,HIST-REPLICA-01,system,REPLICATION,HTTPS,ALLOW,Low,,Scheduled historian replication
EVT00703,2026-10-03 08:52:28,EDR,ENG-WS-01,SOC-SIEM-01,eng_kavita,PROCESS_START,Local,ALLOW,Low,,Signed engineering utility
EVT00704,2026-10-03 09:58:14,DNS,DNS-01,SOC-SIEM-01,system,DNS_QUERY,UDP/53,ALLOW,Low,ntp.pool.example,Normal name resolution
EVT00705,2026-10-03 10:25:13,FIREWALL,OT-JUMP-01,HIST-01,admin_katjiuongua,HTTPS_SESSION,TCP/443,ALLOW,Low,,Approved historian administration
EVT00706,2026-10-03 11:03:22,WINDOWS,OT-JUMP-01,IDP-01,admin_katjiuongua,AUTH_SUCCESS,Kerberos,ALLOW,Low,,Approved privileged access
EVT00707,2026-10-03 11:10:41,FIREWALL,OT-JUMP-01,HIST-01,admin_katjiuongua,HTTPS_SESSION,TCP/443,ALLOW,Low,,Approved historian administration
EVT00708,2026-10-03 11:11:04,WINDOWS,OT-JUMP-01,IDP-01,admin_katjiuongua,AUTH_SUCCESS,Kerberos,ALLOW,Low,,Approved privileged access
EVT00709,2026-10-03 11:17:51,DNS,DNS-01,SOC-SIEM-01,system,DNS_QUERY,UDP/53,ALLOW,Low,ntp.pool.example,Normal name resolution
EVT00710,2026-10-03 11:28:54,HISTORIAN,HIST-01,HIST-REPLICA-01,system,REPLICATION,HTTPS,ALLOW,Low,,Scheduled historian replication
EVT00711,2026-10-03 11:36:42,OT_IDS,HMI-01,PLC-SUB-01,system,MODBUS_READ,Modbus/TCP,ALLOW,Low,,Normal telemetry read
EVT00712,2026-10-03 11:38:04,WINDOWS,OT-JUMP-01,IDP-01,admin_katjiuongua,AUTH_SUCCESS,Kerberos,ALLOW,Low,,Approved privileged access
EVT00713,2026-10-03 11:38:53,DNS,DNS-01,SOC-SIEM-01,system,DNS_QUERY,UDP/53,ALLOW,Low,ntp.pool.example,Normal name resolution
EVT00714,2026-10-03 11:48:15,HISTORIAN,HIST-01,HIST-REPLICA-01,system,REPLICATION,HTTPS,ALLOW,Low,,Scheduled historian replication
EVT00715,2026-10-03 12:01:00,WINDOWS,OT-JUMP-01,IDP-01,admin_katjiuongua,AUTH_SUCCESS,Kerberos,ALLOW,Low,,Approved privileged access
EVT00716,2026-10-03 12:03:07,FIREWALL,OT-JUMP-01,HIST-01,admin_katjiuongua,HTTPS_SESSION,TCP/443,ALLOW,Low,,Approved historian administration
EVT00717,2026-10-03 12:09:12,EDR,ENG-WS-01,SOC-SIEM-01,eng_kavita,PROCESS_START,Local,ALLOW,Low,,Signed engineering utility
EVT00718,2026-10-03 12:23:45,WINDOWS,OT-JUMP-01,IDP-01,admin_katjiuongua,AUTH_SUCCESS,Kerberos,ALLOW,Low,,Approved privileged access
EVT00719,2026-10-03 12:36:01,WINDOWS,OT-JUMP-01,IDP-01,admin_katjiuongua,AUTH_SUCCESS,Kerberos,ALLOW,Low,,Approved privileged access
EVT00720,2026-10-03 12:50:49,DNS,DNS-01,SOC-SIEM-01,system,DNS_QUERY,UDP/53,ALLOW,Low,ntp.pool.example,Normal name resolution
EVT00721,2026-10-03 13:41:43,HISTORIAN,HIST-01,HIST-REPLICA-01,system,REPLICATION,HTTPS,ALLOW,Low,,Scheduled historian replication
EVT00722,2026-10-03 13:49:55,VPN,VPN-GW-01,VENDOR-DMZ-01,vendor_maint,LOGIN_SUCCESS,TLS,ALLOW,Low,,Routine vendor session
EVT00723,2026-10-03 14:05:52,WINDOWS,OT-JUMP-01,IDP-01,admin_katjiuongua,AUTH_SUCCESS,Kerberos,ALLOW,Low,,Approved privileged access
EVT00724,2026-10-03 14:33:15,DNS,DNS-01,SOC-SIEM-01,system,DNS_QUERY,UDP/53,ALLOW,Low,ntp.pool.example,Normal name resolution
EVT00725,2026-10-03 14:35:17,FIREWALL,OT-JUMP-01,HIST-01,admin_katjiuongua,HTTPS_SESSION,TCP/443,ALLOW,Low,,Approved historian administration
EVT00726,2026-10-03 14:41:12,EDR,ENG-WS-01,SOC-SIEM-01,eng_kavita,PROCESS_START,Local,ALLOW,Low,,Signed engineering utility
EVT00727,2026-10-03 14:44:48,OT_IDS,HMI-01,PLC-SUB-01,system,MODBUS_READ,Modbus/TCP,ALLOW,Low,,Normal telemetry read
EVT00728,2026-10-03 14:52:08,EDR,ENG-WS-01,SOC-SIEM-01,eng_kavita,PROCESS_START,Local,ALLOW,Low,,Signed engineering utility
EVT00729,2026-10-03 14:59:58,DNS,DNS-01,SOC-SIEM-01,system,DNS_QUERY,UDP/53,ALLOW,Low,ntp.pool.example,Normal name resolution
EVT00730,2026-10-03 15:07:05,FIREWALL,OT-JUMP-01,HIST-01,admin_katjiuongua,HTTPS_SESSION,TCP/443,ALLOW,Low,,Approved historian administration
EVT00731,2026-10-03 15:40:41,HISTORIAN,HIST-01,HIST-REPLICA-01,system,REPLICATION,HTTPS,ALLOW,Low,,Scheduled historian replication
EVT00732,2026-10-03 15:41:24,FIREWALL,OT-JUMP-01,HIST-01,admin_katjiuongua,HTTPS_SESSION,TCP/443,ALLOW,Low,,Approved historian administration
EVT00733,2026-10-03 16:02:49,HISTORIAN,HIST-01,HIST-REPLICA-01,system,REPLICATION,HTTPS,ALLOW,Low,,Scheduled historian replication
EVT00734,2026-10-03 16:04:10,WINDOWS,OT-JUMP-01,IDP-01,admin_katjiuongua,AUTH_SUCCESS,Kerberos,ALLOW,Low,,Approved privileged access
EVT00735,2026-10-03 16:06:23,FIREWALL,OT-JUMP-01,HIST-01,admin_katjiuongua,HTTPS_SESSION,TCP/443,ALLOW,Low,,Approved historian administration
EVT00736,2026-10-03 16:42:58,WINDOWS,OT-JUMP-01,IDP-01,admin_katjiuongua,AUTH_SUCCESS,Kerberos,ALLOW,Low,,Approved privileged access
EVT00737,2026-10-03 16:57:40,OT_IDS,HMI-01,PLC-SUB-01,system,MODBUS_READ,Modbus/TCP,ALLOW,Low,,Normal telemetry read
EVT00738,2026-10-03 17:37:57,OT_IDS,HMI-01,PLC-SUB-01,system,MODBUS_READ,Modbus/TCP,ALLOW,Low,,Normal telemetry read
EVT00739,2026-10-03 17:40:54,WINDOWS,OT-JUMP-01,IDP-01,admin_katjiuongua,AUTH_SUCCESS,Kerberos,ALLOW,Low,,Approved privileged access
EVT00740,2026-10-03 18:26:48,DNS,DNS-01,SOC-SIEM-01,system,DNS_QUERY,UDP/53,ALLOW,Low,weather.example,Normal name resolution
EVT00741,2026-10-03 21:47:09,OT_IDS,HMI-01,PLC-SUB-01,system,MODBUS_READ,Modbus/TCP,ALLOW,Low,,Normal telemetry read
EVT00742,2026-10-04 06:34:30,OT_IDS,HMI-01,PLC-SUB-01,system,MODBUS_READ,Modbus/TCP,ALLOW,Low,,Normal telemetry read
EVT00743,2026-10-04 06:54:00,FIREWALL,OT-JUMP-01,HIST-01,admin_katjiuongua,HTTPS_SESSION,TCP/443,ALLOW,Low,,Approved historian administration
EVT00744,2026-10-04 06:56:48,WINDOWS,OT-JUMP-01,IDP-01,admin_katjiuongua,AUTH_SUCCESS,Kerberos,ALLOW,Low,,Approved privileged access
EVT00745,2026-10-04 07:18:35,DNS,DNS-01,SOC-SIEM-01,system,DNS_QUERY,UDP/53,ALLOW,Low,updates.microsoft.example,Normal name resolution
EVT00746,2026-10-04 07:51:56,DNS,DNS-01,SOC-SIEM-01,system,DNS_QUERY,UDP/53,ALLOW,Low,updates.microsoft.example,Normal name resolution
EVT00747,2026-10-04 07:54:49,HISTORIAN,HIST-01,HIST-REPLICA-01,system,REPLICATION,HTTPS,ALLOW,Low,,Scheduled historian replication
EVT00748,2026-10-04 07:57:33,FIREWALL,OT-JUMP-01,HIST-01,admin_katjiuongua,HTTPS_SESSION,TCP/443,ALLOW,Low,,Approved historian administration
EVT00749,2026-10-04 08:04:33,WINDOWS,OT-JUMP-01,IDP-01,admin_katjiuongua,AUTH_SUCCESS,Kerberos,ALLOW,Low,,Approved privileged access
EVT00750,2026-10-04 08:58:35,DNS,DNS-01,SOC-SIEM-01,system,DNS_QUERY,UDP/53,ALLOW,Low,erp.egs.example,Normal name resolution
EVT00751,2026-10-04 09:10:42,FIREWALL,OT-JUMP-01,HIST-01,admin_katjiuongua,HTTPS_SESSION,TCP/443,ALLOW,Low,,Approved historian administration
EVT00752,2026-10-04 10:06:20,DNS,DNS-01,SOC-SIEM-01,system,DNS_QUERY,UDP/53,ALLOW,Low,ntp.pool.example,Normal name resolution
EVT00753,2026-10-04 10:16:47,WINDOWS,OT-JUMP-01,IDP-01,admin_katjiuongua,AUTH_SUCCESS,Kerberos,ALLOW,Low,,Approved privileged access
EVT00754,2026-10-04 10:48:49,WINDOWS,OT-JUMP-01,IDP-01,admin_katjiuongua,AUTH_SUCCESS,Kerberos,ALLOW,Low,,Approved privileged access
EVT00755,2026-10-04 11:15:19,EDR,ENG-WS-01,SOC-SIEM-01,eng_kavita,PROCESS_START,Local,ALLOW,Low,,Signed engineering utility
EVT00756,2026-10-04 11:39:01,EDR,ENG-WS-01,SOC-SIEM-01,eng_kavita,PROCESS_START,Local,ALLOW,Low,,Signed engineering utility
EVT00757,2026-10-04 11:48:08,HISTORIAN,HIST-01,HIST-REPLICA-01,system,REPLICATION,HTTPS,ALLOW,Low,,Scheduled historian replication
EVT00758,2026-10-04 12:00:06,WINDOWS,OT-JUMP-01,IDP-01,admin_katjiuongua,AUTH_SUCCESS,Kerberos,ALLOW,Low,,Approved privileged access
EVT00759,2026-10-04 12:04:43,EDR,ENG-WS-01,SOC-SIEM-01,eng_kavita,PROCESS_START,Local,ALLOW,Low,,Signed engineering utility
EVT00760,2026-10-04 12:27:01,EDR,ENG-WS-01,SOC-SIEM-01,eng_kavita,PROCESS_START,Local,ALLOW,Low,,Signed engineering utility
EVT00761,2026-10-04 12:51:42,WINDOWS,OT-JUMP-01,IDP-01,admin_katjiuongua,AUTH_SUCCESS,Kerberos,ALLOW,Low,,Approved privileged access
EVT00762,2026-10-04 13:17:25,WINDOWS,OT-JUMP-01,IDP-01,admin_katjiuongua,AUTH_SUCCESS,Kerberos,ALLOW,Low,,Approved privileged access
EVT00763,2026-10-04 13:21:22,EDR,ENG-WS-01,SOC-SIEM-01,eng_kavita,PROCESS_START,Local,ALLOW,Low,,Signed engineering utility
EVT00764,2026-10-04 13:24:07,DNS,DNS-01,SOC-SIEM-01,system,DNS_QUERY,UDP/53,ALLOW,Low,ntp.pool.example,Normal name resolution
EVT00765,2026-10-04 13:28:08,VPN,VPN-GW-01,VENDOR-DMZ-01,vendor_maint,LOGIN_SUCCESS,TLS,ALLOW,Low,,Routine vendor session
EVT00766,2026-10-04 13:39:00,FIREWALL,OT-JUMP-01,HIST-01,admin_katjiuongua,HTTPS_SESSION,TCP/443,ALLOW,Low,,Approved historian administration
EVT00767,2026-10-04 13:46:52,WINDOWS,OT-JUMP-01,IDP-01,admin_katjiuongua,AUTH_SUCCESS,Kerberos,ALLOW,Low,,Approved privileged access
EVT00768,2026-10-04 13:51:40,DNS,DNS-01,SOC-SIEM-01,system,DNS_QUERY,UDP/53,ALLOW,Low,updates.microsoft.example,Normal name resolution
EVT00769,2026-10-04 14:11:24,WINDOWS,OT-JUMP-01,IDP-01,admin_katjiuongua,AUTH_SUCCESS,Kerberos,ALLOW,Low,,Approved privileged access
EVT00770,2026-10-04 14:30:23,FIREWALL,OT-JUMP-01,HIST-01,admin_katjiuongua,HTTPS_SESSION,TCP/443,ALLOW,Low,,Approved historian administration
EVT00771,2026-10-04 14:38:16,EDR,ENG-WS-01,SOC-SIEM-01,eng_kavita,PROCESS_START,Local,ALLOW,Low,,Signed engineering utility
EVT00772,2026-10-04 14:52:18,HISTORIAN,HIST-01,HIST-REPLICA-01,system,REPLICATION,HTTPS,ALLOW,Low,,Scheduled historian replication
EVT00773,2026-10-04 15:01:47,HISTORIAN,HIST-01,HIST-REPLICA-01,system,REPLICATION,HTTPS,ALLOW,Low,,Scheduled historian replication
EVT00774,2026-10-04 15:39:57,OT_IDS,HMI-01,PLC-SUB-01,system,MODBUS_READ,Modbus/TCP,ALLOW,Low,,Normal telemetry read
EVT00775,2026-10-04 15:48:38,VPN,VPN-GW-01,VENDOR-DMZ-01,vendor_maint,LOGIN_SUCCESS,TLS,ALLOW,Low,,Routine vendor session
EVT00776,2026-10-04 16:29:57,EDR,ENG-WS-01,SOC-SIEM-01,eng_kavita,PROCESS_START,Local,ALLOW,Low,,Signed engineering utility
EVT00777,2026-10-04 18:12:19,WINDOWS,OT-JUMP-01,IDP-01,admin_katjiuongua,AUTH_SUCCESS,Kerberos,ALLOW,Low,,Approved privileged access
EVT00778,2026-10-04 18:16:54,FIREWALL,OT-JUMP-01,HIST-01,admin_katjiuongua,HTTPS_SESSION,TCP/443,ALLOW,Low,,Approved historian administration
EVT00779,2026-10-05 00:24:35,OT_IDS,HMI-01,PLC-SUB-01,system,MODBUS_READ,Modbus/TCP,ALLOW,Low,,Normal telemetry read
EVT00780,2026-10-05 02:19:53,WINDOWS,OT-JUMP-01,IDP-01,admin_katjiuongua,AUTH_SUCCESS,Kerberos,ALLOW,Low,,Approved privileged access
EVT00781,2026-10-05 05:22:34,WINDOWS,OT-JUMP-01,IDP-01,admin_katjiuongua,AUTH_SUCCESS,Kerberos,ALLOW,Low,,Approved privileged access
EVT00782,2026-10-05 05:29:35,EDR,ENG-WS-01,SOC-SIEM-01,eng_kavita,PROCESS_START,Local,ALLOW,Low,,Signed engineering utility
EVT00783,2026-10-05 05:30:19,OT_IDS,HMI-01,PLC-SUB-01,system,MODBUS_READ,Modbus/TCP,ALLOW,Low,,Normal telemetry read
EVT00784,2026-10-05 06:34:44,VPN,VPN-GW-01,VENDOR-DMZ-01,vendor_maint,LOGIN_SUCCESS,TLS,ALLOW,Low,,Routine vendor session
EVT00785,2026-10-05 06:45:29,WINDOWS,OT-JUMP-01,IDP-01,admin_katjiuongua,AUTH_SUCCESS,Kerberos,ALLOW,Low,,Approved privileged access
EVT00786,2026-10-05 07:00:55,VPN,VPN-GW-01,VENDOR-DMZ-01,vendor_maint,LOGIN_SUCCESS,TLS,ALLOW,Low,,Routine vendor session
EVT00787,2026-10-05 07:37:12,HISTORIAN,HIST-01,HIST-REPLICA-01,system,REPLICATION,HTTPS,ALLOW,Low,,Scheduled historian replication
EVT00788,2026-10-05 07:44:30,WINDOWS,OT-JUMP-01,IDP-01,admin_katjiuongua,AUTH_SUCCESS,Kerberos,ALLOW,Low,,Approved privileged access
EVT00789,2026-10-05 07:50:07,EDR,ENG-WS-01,SOC-SIEM-01,eng_kavita,PROCESS_START,Local,ALLOW,Low,,Signed engineering utility
EVT00790,2026-10-05 08:23:15,OT_IDS,HMI-01,PLC-SUB-01,system,MODBUS_READ,Modbus/TCP,ALLOW,Low,,Normal telemetry read
EVT00791,2026-10-05 08:35:45,VPN,VPN-GW-01,VENDOR-DMZ-01,vendor_maint,LOGIN_SUCCESS,TLS,ALLOW,Low,,Routine vendor session
EVT00792,2026-10-05 09:03:57,FIREWALL,OT-JUMP-01,HIST-01,admin_katjiuongua,HTTPS_SESSION,TCP/443,ALLOW,Low,,Approved historian administration
EVT00793,2026-10-05 09:08:06,HISTORIAN,HIST-01,HIST-REPLICA-01,system,REPLICATION,HTTPS,ALLOW,Low,,Scheduled historian replication
EVT00794,2026-10-05 09:13:45,HISTORIAN,HIST-01,HIST-REPLICA-01,system,REPLICATION,HTTPS,ALLOW,Low,,Scheduled historian replication
EVT00795,2026-10-05 09:17:53,FIREWALL,OT-JUMP-01,HIST-01,admin_katjiuongua,HTTPS_SESSION,TCP/443,ALLOW,Low,,Approved historian administration
EVT00796,2026-10-05 09:22:30,VPN,VPN-GW-01,VENDOR-DMZ-01,vendor_maint,LOGIN_SUCCESS,TLS,ALLOW,Low,,Routine vendor session
EVT00797,2026-10-05 09:33:32,DNS,DNS-01,SOC-SIEM-01,system,DNS_QUERY,UDP/53,ALLOW,Low,updates.microsoft.example,Normal name resolution
EVT00798,2026-10-05 09:33:54,WINDOWS,OT-JUMP-01,IDP-01,admin_katjiuongua,AUTH_SUCCESS,Kerberos,ALLOW,Low,,Approved privileged access
EVT00799,2026-10-05 09:38:36,HISTORIAN,HIST-01,HIST-REPLICA-01,system,REPLICATION,HTTPS,ALLOW,Low,,Scheduled historian replication
EVT00800,2026-10-05 09:58:10,DNS,DNS-01,SOC-SIEM-01,system,DNS_QUERY,UDP/53,ALLOW,Low,weather.example,Normal name resolution
EVT00801,2026-10-05 10:03:19,EDR,ENG-WS-01,SOC-SIEM-01,eng_kavita,PROCESS_START,Local,ALLOW,Low,,Signed engineering utility
EVT00802,2026-10-05 10:07:20,VPN,VPN-GW-01,VENDOR-DMZ-01,vendor_maint,LOGIN_SUCCESS,TLS,ALLOW,Low,,Routine vendor session
EVT00803,2026-10-05 10:22:22,FIREWALL,OT-JUMP-01,HIST-01,admin_katjiuongua,HTTPS_SESSION,TCP/443,ALLOW,Low,,Approved historian administration
EVT00804,2026-10-05 10:52:35,HISTORIAN,HIST-01,HIST-REPLICA-01,system,REPLICATION,HTTPS,ALLOW,Low,,Scheduled historian replication
EVT00805,2026-10-05 11:10:27,DNS,DNS-01,SOC-SIEM-01,system,DNS_QUERY,UDP/53,ALLOW,Low,erp.egs.example,Normal name resolution
EVT00806,2026-10-05 11:20:23,VPN,VPN-GW-01,VENDOR-DMZ-01,vendor_maint,LOGIN_SUCCESS,TLS,ALLOW,Low,,Routine vendor session
EVT00807,2026-10-05 11:27:32,WINDOWS,OT-JUMP-01,IDP-01,admin_katjiuongua,AUTH_SUCCESS,Kerberos,ALLOW,Low,,Approved privileged access
EVT00808,2026-10-05 11:34:41,HISTORIAN,HIST-01,HIST-REPLICA-01,system,REPLICATION,HTTPS,ALLOW,Low,,Scheduled historian replication
EVT00809,2026-10-05 11:44:58,OT_IDS,HMI-01,PLC-SUB-01,system,MODBUS_READ,Modbus/TCP,ALLOW,Low,,Normal telemetry read
EVT00810,2026-10-05 11:45:18,FIREWALL,OT-JUMP-01,HIST-01,admin_katjiuongua,HTTPS_SESSION,TCP/443,ALLOW,Low,,Approved historian administration
EVT00811,2026-10-05 11:51:53,EDR,ENG-WS-01,SOC-SIEM-01,eng_kavita,PROCESS_START,Local,ALLOW,Low,,Signed engineering utility
EVT00812,2026-10-05 11:54:23,EDR,ENG-WS-01,SOC-SIEM-01,eng_kavita,PROCESS_START,Local,ALLOW,Low,,Signed engineering utility
EVT00813,2026-10-05 12:08:09,WINDOWS,OT-JUMP-01,IDP-01,admin_katjiuongua,AUTH_SUCCESS,Kerberos,ALLOW,Low,,Approved privileged access
EVT00814,2026-10-05 12:10:59,VPN,VPN-GW-01,VENDOR-DMZ-01,vendor_maint,LOGIN_SUCCESS,TLS,ALLOW,Low,,Routine vendor session
EVT00815,2026-10-05 12:12:34,VPN,VPN-GW-01,VENDOR-DMZ-01,vendor_maint,LOGIN_SUCCESS,TLS,ALLOW,Low,,Routine vendor session
EVT00816,2026-10-05 12:15:35,FIREWALL,OT-JUMP-01,HIST-01,admin_katjiuongua,HTTPS_SESSION,TCP/443,ALLOW,Low,,Approved historian administration
EVT00817,2026-10-05 12:24:36,FIREWALL,OT-JUMP-01,HIST-01,admin_katjiuongua,HTTPS_SESSION,TCP/443,ALLOW,Low,,Approved historian administration
EVT00818,2026-10-05 12:31:37,WINDOWS,OT-JUMP-01,IDP-01,admin_katjiuongua,AUTH_SUCCESS,Kerberos,ALLOW,Low,,Approved privileged access
EVT00819,2026-10-05 12:59:02,FIREWALL,OT-JUMP-01,HIST-01,admin_katjiuongua,HTTPS_SESSION,TCP/443,ALLOW,Low,,Approved historian administration
EVT00820,2026-10-05 13:03:34,FIREWALL,OT-JUMP-01,HIST-01,admin_katjiuongua,HTTPS_SESSION,TCP/443,ALLOW,Low,,Approved historian administration
EVT00821,2026-10-05 13:34:38,DNS,DNS-01,SOC-SIEM-01,system,DNS_QUERY,UDP/53,ALLOW,Low,weather.example,Normal name resolution
EVT00822,2026-10-05 13:59:13,VPN,VPN-GW-01,VENDOR-DMZ-01,vendor_maint,LOGIN_SUCCESS,TLS,ALLOW,Low,,Routine vendor session
EVT00823,2026-10-05 14:05:54,DNS,DNS-01,SOC-SIEM-01,system,DNS_QUERY,UDP/53,ALLOW,Low,weather.example,Normal name resolution
EVT00824,2026-10-05 14:21:52,VPN,VPN-GW-01,VENDOR-DMZ-01,vendor_maint,LOGIN_SUCCESS,TLS,ALLOW,Low,,Routine vendor session
EVT00825,2026-10-05 14:22:49,OT_IDS,HMI-01,PLC-SUB-01,system,MODBUS_READ,Modbus/TCP,ALLOW,Low,,Normal telemetry read
EVT00826,2026-10-05 14:25:40,VPN,VPN-GW-01,VENDOR-DMZ-01,vendor_maint,LOGIN_SUCCESS,TLS,ALLOW,Low,,Routine vendor session
EVT00827,2026-10-05 14:28:00,EDR,ENG-WS-01,SOC-SIEM-01,eng_kavita,PROCESS_START,Local,ALLOW,Low,,Signed engineering utility
EVT00828,2026-10-05 14:31:31,VPN,VPN-GW-01,VENDOR-DMZ-01,vendor_maint,LOGIN_SUCCESS,TLS,ALLOW,Low,,Routine vendor session
EVT00829,2026-10-05 17:37:23,DNS,DNS-01,SOC-SIEM-01,system,DNS_QUERY,UDP/53,ALLOW,Low,erp.egs.example,Normal name resolution
EVT00830,2026-10-05 18:10:16,EDR,ENG-WS-01,SOC-SIEM-01,eng_kavita,PROCESS_START,Local,ALLOW,Low,,Signed engineering utility
EVT00831,2026-10-05 18:13:45,EDR,ENG-WS-01,SOC-SIEM-01,eng_kavita,PROCESS_START,Local,ALLOW,Low,,Signed engineering utility
EVT00832,2026-10-05 19:17:13,EDR,ENG-WS-01,SOC-SIEM-01,eng_kavita,PROCESS_START,Local,ALLOW,Low,,Signed engineering utility
EVT00833,2026-10-05 20:43:05,VPN,VPN-GW-01,VENDOR-DMZ-01,vendor_maint,LOGIN_SUCCESS,TLS,ALLOW,Low,,Routine vendor session
EVT00834,2026-10-06 00:36:54,EDR,ENG-WS-01,SOC-SIEM-01,eng_kavita,PROCESS_START,Local,ALLOW,Low,,Signed engineering utility
EVT00835,2026-10-06 02:00:55,WINDOWS,OT-JUMP-01,IDP-01,admin_katjiuongua,AUTH_SUCCESS,Kerberos,ALLOW,Low,,Approved privileged access
EVT00836,2026-10-06 02:01:05,VPN,VPN-GW-01,VENDOR-DMZ-01,vendor_maint,LOGIN_SUCCESS,TLS,ALLOW,Low,,Routine vendor session
EVT00837,2026-10-06 04:16:54,WINDOWS,OT-JUMP-01,IDP-01,admin_katjiuongua,AUTH_SUCCESS,Kerberos,ALLOW,Low,,Approved privileged access
EVT00838,2026-10-06 06:22:29,EDR,ENG-WS-01,SOC-SIEM-01,eng_kavita,PROCESS_START,Local,ALLOW,Low,,Signed engineering utility
EVT00839,2026-10-06 06:46:52,VPN,VPN-GW-01,VENDOR-DMZ-01,vendor_maint,LOGIN_SUCCESS,TLS,ALLOW,Low,,Routine vendor session
EVT00840,2026-10-06 07:10:38,DNS,DNS-01,SOC-SIEM-01,system,DNS_QUERY,UDP/53,ALLOW,Low,erp.egs.example,Normal name resolution
EVT00841,2026-10-06 07:21:25,EDR,ENG-WS-01,SOC-SIEM-01,eng_kavita,PROCESS_START,Local,ALLOW,Low,,Signed engineering utility
EVT00842,2026-10-06 07:27:01,VPN,VPN-GW-01,VENDOR-DMZ-01,vendor_maint,LOGIN_SUCCESS,TLS,ALLOW,Low,,Routine vendor session
EVT00843,2026-10-06 07:35:04,EDR,ENG-WS-01,SOC-SIEM-01,eng_kavita,PROCESS_START,Local,ALLOW,Low,,Signed engineering utility
EVT00844,2026-10-06 07:43:04,WINDOWS,OT-JUMP-01,IDP-01,admin_katjiuongua,AUTH_SUCCESS,Kerberos,ALLOW,Low,,Approved privileged access
EVT00845,2026-10-06 08:12:21,DNS,DNS-01,SOC-SIEM-01,system,DNS_QUERY,UDP/53,ALLOW,Low,updates.microsoft.example,Normal name resolution
EVT00846,2026-10-06 08:22:23,WINDOWS,OT-JUMP-01,IDP-01,admin_katjiuongua,AUTH_SUCCESS,Kerberos,ALLOW,Low,,Approved privileged access
EVT00847,2026-10-06 08:28:39,DNS,DNS-01,SOC-SIEM-01,system,DNS_QUERY,UDP/53,ALLOW,Low,weather.example,Normal name resolution
EVT00848,2026-10-06 08:36:03,OT_IDS,HMI-01,PLC-SUB-01,system,MODBUS_READ,Modbus/TCP,ALLOW,Low,,Normal telemetry read
EVT00849,2026-10-06 08:42:44,FIREWALL,OT-JUMP-01,HIST-01,admin_katjiuongua,HTTPS_SESSION,TCP/443,ALLOW,Low,,Approved historian administration
EVT00850,2026-10-06 09:23:55,DNS,DNS-01,SOC-SIEM-01,system,DNS_QUERY,UDP/53,ALLOW,Low,erp.egs.example,Normal name resolution
EVT00851,2026-10-06 09:52:56,HISTORIAN,HIST-01,HIST-REPLICA-01,system,REPLICATION,HTTPS,ALLOW,Low,,Scheduled historian replication
EVT00852,2026-10-06 09:56:52,WINDOWS,OT-JUMP-01,IDP-01,admin_katjiuongua,AUTH_SUCCESS,Kerberos,ALLOW,Low,,Approved privileged access
EVT00853,2026-10-06 10:13:54,FIREWALL,OT-JUMP-01,HIST-01,admin_katjiuongua,HTTPS_SESSION,TCP/443,ALLOW,Low,,Approved historian administration
EVT00854,2026-10-06 10:30:31,HISTORIAN,HIST-01,HIST-REPLICA-01,system,REPLICATION,HTTPS,ALLOW,Low,,Scheduled historian replication
EVT00855,2026-10-06 10:32:32,HISTORIAN,HIST-01,HIST-REPLICA-01,system,REPLICATION,HTTPS,ALLOW,Low,,Scheduled historian replication
EVT00856,2026-10-06 11:08:31,WINDOWS,OT-JUMP-01,IDP-01,admin_katjiuongua,AUTH_SUCCESS,Kerberos,ALLOW,Low,,Approved privileged access
EVT00857,2026-10-06 11:25:13,HISTORIAN,HIST-01,HIST-REPLICA-01,system,REPLICATION,HTTPS,ALLOW,Low,,Scheduled historian replication
EVT00858,2026-10-06 11:33:52,VPN,VPN-GW-01,VENDOR-DMZ-01,vendor_maint,LOGIN_SUCCESS,TLS,ALLOW,Low,,Routine vendor session
EVT00859,2026-10-06 11:43:11,HISTORIAN,HIST-01,HIST-REPLICA-01,system,REPLICATION,HTTPS,ALLOW,Low,,Scheduled historian replication
EVT00860,2026-10-06 11:48:05,EDR,ENG-WS-01,SOC-SIEM-01,eng_kavita,PROCESS_START,Local,ALLOW,Low,,Signed engineering utility
EVT00861,2026-10-06 11:50:58,VPN,VPN-GW-01,VENDOR-DMZ-01,vendor_maint,LOGIN_SUCCESS,TLS,ALLOW,Low,,Routine vendor session
EVT00862,2026-10-06 11:56:06,OT_IDS,HMI-01,PLC-SUB-01,system,MODBUS_READ,Modbus/TCP,ALLOW,Low,,Normal telemetry read
EVT00863,2026-10-06 12:08:47,VPN,VPN-GW-01,VENDOR-DMZ-01,vendor_maint,LOGIN_SUCCESS,TLS,ALLOW,Low,,Routine vendor session
EVT00864,2026-10-06 12:14:51,OT_IDS,HMI-01,PLC-SUB-01,system,MODBUS_READ,Modbus/TCP,ALLOW,Low,,Normal telemetry read
EVT00865,2026-10-06 12:16:04,OT_IDS,HMI-01,PLC-SUB-01,system,MODBUS_READ,Modbus/TCP,ALLOW,Low,,Normal telemetry read
EVT00866,2026-10-06 12:31:35,FIREWALL,OT-JUMP-01,HIST-01,admin_katjiuongua,HTTPS_SESSION,TCP/443,ALLOW,Low,,Approved historian administration
EVT00867,2026-10-06 12:38:31,VPN,VPN-GW-01,VENDOR-DMZ-01,vendor_maint,LOGIN_SUCCESS,TLS,ALLOW,Low,,Routine vendor session
EVT00868,2026-10-06 12:55:07,VPN,VPN-GW-01,VENDOR-DMZ-01,vendor_maint,LOGIN_SUCCESS,TLS,ALLOW,Low,,Routine vendor session
EVT00869,2026-10-06 12:56:44,HISTORIAN,HIST-01,HIST-REPLICA-01,system,REPLICATION,HTTPS,ALLOW,Low,,Scheduled historian replication
EVT00870,2026-10-06 13:02:40,EDR,ENG-WS-01,SOC-SIEM-01,eng_kavita,PROCESS_START,Local,ALLOW,Low,,Signed engineering utility
EVT00871,2026-10-06 13:24:48,DNS,DNS-01,SOC-SIEM-01,system,DNS_QUERY,UDP/53,ALLOW,Low,updates.microsoft.example,Normal name resolution
EVT00872,2026-10-06 13:34:46,DNS,DNS-01,SOC-SIEM-01,system,DNS_QUERY,UDP/53,ALLOW,Low,updates.microsoft.example,Normal name resolution
EVT00873,2026-10-06 13:52:54,VPN,VPN-GW-01,VENDOR-DMZ-01,vendor_maint,LOGIN_SUCCESS,TLS,ALLOW,Low,,Routine vendor session
EVT00874,2026-10-06 14:13:20,DNS,DNS-01,SOC-SIEM-01,system,DNS_QUERY,UDP/53,ALLOW,Low,weather.example,Normal name resolution
EVT00875,2026-10-06 14:23:25,VPN,VPN-GW-01,VENDOR-DMZ-01,vendor_maint,LOGIN_SUCCESS,TLS,ALLOW,Low,,Routine vendor session
EVT00876,2026-10-06 14:37:13,DNS,DNS-01,SOC-SIEM-01,system,DNS_QUERY,UDP/53,ALLOW,Low,updates.microsoft.example,Normal name resolution
EVT00877,2026-10-06 14:56:35,HISTORIAN,HIST-01,HIST-REPLICA-01,system,REPLICATION,HTTPS,ALLOW,Low,,Scheduled historian replication
EVT00878,2026-10-06 15:03:03,OT_IDS,HMI-01,PLC-SUB-01,system,MODBUS_READ,Modbus/TCP,ALLOW,Low,,Normal telemetry read
EVT00879,2026-10-06 16:20:26,DNS,DNS-01,SOC-SIEM-01,system,DNS_QUERY,UDP/53,ALLOW,Low,weather.example,Normal name resolution
EVT00880,2026-10-06 17:04:47,EDR,ENG-WS-01,SOC-SIEM-01,eng_kavita,PROCESS_START,Local,ALLOW,Low,,Signed engineering utility
EVT00881,2026-10-06 17:22:50,OT_IDS,HMI-01,PLC-SUB-01,system,MODBUS_READ,Modbus/TCP,ALLOW,Low,,Normal telemetry read
EVT00882,2026-10-06 17:28:07,OT_IDS,HMI-01,PLC-SUB-01,system,MODBUS_READ,Modbus/TCP,ALLOW,Low,,Normal telemetry read
EVT00883,2026-10-06 17:28:18,HISTORIAN,HIST-01,HIST-REPLICA-01,system,REPLICATION,HTTPS,ALLOW,Low,,Scheduled historian replication
EVT00884,2026-10-06 17:46:58,FIREWALL,OT-JUMP-01,HIST-01,admin_katjiuongua,HTTPS_SESSION,TCP/443,ALLOW,Low,,Approved historian administration
EVT00885,2026-10-06 18:54:07,HISTORIAN,HIST-01,HIST-REPLICA-01,system,REPLICATION,HTTPS,ALLOW,Low,,Scheduled historian replication
EVT00886,2026-10-06 18:58:41,DNS,DNS-01,SOC-SIEM-01,system,DNS_QUERY,UDP/53,ALLOW,Low,weather.example,Normal name resolution
EVT00887,2026-10-06 19:28:31,VPN,VPN-GW-01,VENDOR-DMZ-01,vendor_maint,LOGIN_SUCCESS,TLS,ALLOW,Low,,Routine vendor session
EVT00888,2026-10-06 22:21:36,VPN,VPN-GW-01,VENDOR-DMZ-01,vendor_maint,LOGIN_SUCCESS,TLS,ALLOW,Low,,Routine vendor session
EVT00889,2026-10-07 00:11:06,VPN,VPN-GW-01,VENDOR-DMZ-01,vendor_maint,LOGIN_SUCCESS,TLS,ALLOW,Low,,Routine vendor session
EVT00890,2026-10-07 02:10:34,VPN,VPN-GW-01,VENDOR-DMZ-01,vendor_maint,LOGIN_SUCCESS,TLS,ALLOW,Low,,Routine vendor session
EVT00891,2026-10-07 03:44:00,FIREWALL,OT-JUMP-01,HIST-01,admin_katjiuongua,HTTPS_SESSION,TCP/443,ALLOW,Low,,Approved historian administration
EVT00892,2026-10-07 04:24:12,VPN,VPN-GW-01,VENDOR-DMZ-01,vendor_maint,LOGIN_SUCCESS,TLS,ALLOW,Low,,Routine vendor session
EVT00893,2026-10-07 05:14:06,OT_IDS,HMI-01,PLC-SUB-01,system,MODBUS_READ,Modbus/TCP,ALLOW,Low,,Normal telemetry read
EVT00894,2026-10-07 05:31:08,DNS,DNS-01,SOC-SIEM-01,system,DNS_QUERY,UDP/53,ALLOW,Low,weather.example,Normal name resolution
EVT00895,2026-10-07 06:11:32,DNS,DNS-01,SOC-SIEM-01,system,DNS_QUERY,UDP/53,ALLOW,Low,weather.example,Normal name resolution
EVT00896,2026-10-07 06:15:33,DNS,DNS-01,SOC-SIEM-01,system,DNS_QUERY,UDP/53,ALLOW,Low,weather.example,Normal name resolution
EVT00897,2026-10-07 06:32:06,HISTORIAN,HIST-01,HIST-REPLICA-01,system,REPLICATION,HTTPS,ALLOW,Low,,Scheduled historian replication
EVT00898,2026-10-07 06:32:25,HISTORIAN,HIST-01,HIST-REPLICA-01,system,REPLICATION,HTTPS,ALLOW,Low,,Scheduled historian replication
EVT00899,2026-10-07 06:32:35,FIREWALL,OT-JUMP-01,HIST-01,admin_katjiuongua,HTTPS_SESSION,TCP/443,ALLOW,Low,,Approved historian administration
EVT00900,2026-10-07 07:18:45,VPN,VPN-GW-01,VENDOR-DMZ-01,vendor_maint,LOGIN_SUCCESS,TLS,ALLOW,Low,,Routine vendor session
EVT00901,2026-10-07 07:34:55,HISTORIAN,HIST-01,HIST-REPLICA-01,system,REPLICATION,HTTPS,ALLOW,Low,,Scheduled historian replication
EVT00902,2026-10-07 08:00:33,DNS,DNS-01,SOC-SIEM-01,system,DNS_QUERY,UDP/53,ALLOW,Low,erp.egs.example,Normal name resolution
EVT00903,2026-10-07 08:07:34,WINDOWS,OT-JUMP-01,IDP-01,admin_katjiuongua,AUTH_SUCCESS,Kerberos,ALLOW,Low,,Approved privileged access
EVT00904,2026-10-07 08:14:27,WINDOWS,OT-JUMP-01,IDP-01,admin_katjiuongua,AUTH_SUCCESS,Kerberos,ALLOW,Low,,Approved privileged access
EVT00905,2026-10-07 08:17:48,DNS,DNS-01,SOC-SIEM-01,system,DNS_QUERY,UDP/53,ALLOW,Low,erp.egs.example,Normal name resolution
EVT00906,2026-10-07 09:09:02,OT_IDS,HMI-01,PLC-SUB-01,system,MODBUS_READ,Modbus/TCP,ALLOW,Low,,Normal telemetry read
EVT00907,2026-10-07 09:09:59,WINDOWS,OT-JUMP-01,IDP-01,admin_katjiuongua,AUTH_SUCCESS,Kerberos,ALLOW,Low,,Approved privileged access
EVT00908,2026-10-07 09:13:59,HISTORIAN,HIST-01,HIST-REPLICA-01,system,REPLICATION,HTTPS,ALLOW,Low,,Scheduled historian replication
EVT00909,2026-10-07 09:29:28,VPN,VPN-GW-01,VENDOR-DMZ-01,vendor_maint,LOGIN_SUCCESS,TLS,ALLOW,Low,,Routine vendor session
EVT00910,2026-10-07 09:37:42,OT_IDS,HMI-01,PLC-SUB-01,system,MODBUS_READ,Modbus/TCP,ALLOW,Low,,Normal telemetry read
EVT00911,2026-10-07 09:40:59,DNS,DNS-01,SOC-SIEM-01,system,DNS_QUERY,UDP/53,ALLOW,Low,weather.example,Normal name resolution
EVT00912,2026-10-07 09:52:58,VPN,VPN-GW-01,VENDOR-DMZ-01,vendor_maint,LOGIN_SUCCESS,TLS,ALLOW,Low,,Routine vendor session
EVT00913,2026-10-07 10:04:20,DNS,DNS-01,SOC-SIEM-01,system,DNS_QUERY,UDP/53,ALLOW,Low,weather.example,Normal name resolution
EVT00914,2026-10-07 10:05:48,VPN,VPN-GW-01,VENDOR-DMZ-01,vendor_maint,LOGIN_SUCCESS,TLS,ALLOW,Low,,Routine vendor session
EVT00915,2026-10-07 10:07:09,WINDOWS,OT-JUMP-01,IDP-01,admin_katjiuongua,AUTH_SUCCESS,Kerberos,ALLOW,Low,,Approved privileged access
EVT00916,2026-10-07 10:33:20,FIREWALL,OT-JUMP-01,HIST-01,admin_katjiuongua,HTTPS_SESSION,TCP/443,ALLOW,Low,,Approved historian administration
EVT00917,2026-10-07 10:33:42,HISTORIAN,HIST-01,HIST-REPLICA-01,system,REPLICATION,HTTPS,ALLOW,Low,,Scheduled historian replication
EVT00918,2026-10-07 10:34:23,HISTORIAN,HIST-01,HIST-REPLICA-01,system,REPLICATION,HTTPS,ALLOW,Low,,Scheduled historian replication
EVT00919,2026-10-07 10:34:59,HISTORIAN,HIST-01,HIST-REPLICA-01,system,REPLICATION,HTTPS,ALLOW,Low,,Scheduled historian replication
EVT00920,2026-10-07 10:44:34,VPN,VPN-GW-01,VENDOR-DMZ-01,vendor_maint,LOGIN_SUCCESS,TLS,ALLOW,Low,,Routine vendor session
EVT00921,2026-10-07 11:34:23,OT_IDS,HMI-01,PLC-SUB-01,system,MODBUS_READ,Modbus/TCP,ALLOW,Low,,Normal telemetry read
EVT00922,2026-10-07 11:37:43,VPN,VPN-GW-01,VENDOR-DMZ-01,vendor_maint,LOGIN_SUCCESS,TLS,ALLOW,Low,,Routine vendor session
EVT00923,2026-10-07 11:51:42,VPN,VPN-GW-01,VENDOR-DMZ-01,vendor_maint,LOGIN_SUCCESS,TLS,ALLOW,Low,,Routine vendor session
EVT00924,2026-10-07 11:52:48,VPN,VPN-GW-01,VENDOR-DMZ-01,vendor_maint,LOGIN_SUCCESS,TLS,ALLOW,Low,,Routine vendor session
EVT00925,2026-10-07 11:54:27,WINDOWS,OT-JUMP-01,IDP-01,admin_katjiuongua,AUTH_SUCCESS,Kerberos,ALLOW,Low,,Approved privileged access
EVT00926,2026-10-07 12:01:53,OT_IDS,HMI-01,PLC-SUB-01,system,MODBUS_READ,Modbus/TCP,ALLOW,Low,,Normal telemetry read
EVT00927,2026-10-07 12:13:05,EDR,ENG-WS-01,SOC-SIEM-01,eng_kavita,PROCESS_START,Local,ALLOW,Low,,Signed engineering utility
EVT00928,2026-10-07 12:16:23,DNS,DNS-01,SOC-SIEM-01,system,DNS_QUERY,UDP/53,ALLOW,Low,updates.microsoft.example,Normal name resolution
EVT00929,2026-10-07 12:18:49,VPN,VPN-GW-01,VENDOR-DMZ-01,vendor_maint,LOGIN_SUCCESS,TLS,ALLOW,Low,,Routine vendor session
EVT00930,2026-10-07 12:22:29,DNS,DNS-01,SOC-SIEM-01,system,DNS_QUERY,UDP/53,ALLOW,Low,weather.example,Normal name resolution
EVT00931,2026-10-07 12:29:50,DNS,DNS-01,SOC-SIEM-01,system,DNS_QUERY,UDP/53,ALLOW,Low,weather.example,Normal name resolution
EVT00932,2026-10-07 12:30:35,DNS,DNS-01,SOC-SIEM-01,system,DNS_QUERY,UDP/53,ALLOW,Low,ntp.pool.example,Normal name resolution
EVT00933,2026-10-07 12:32:01,DNS,DNS-01,SOC-SIEM-01,system,DNS_QUERY,UDP/53,ALLOW,Low,weather.example,Normal name resolution
EVT00934,2026-10-07 12:34:42,OT_IDS,HMI-01,PLC-SUB-01,system,MODBUS_READ,Modbus/TCP,ALLOW,Low,,Normal telemetry read
EVT00935,2026-10-07 12:37:19,DNS,DNS-01,SOC-SIEM-01,system,DNS_QUERY,UDP/53,ALLOW,Low,weather.example,Normal name resolution
EVT00936,2026-10-07 12:44:33,OT_IDS,HMI-01,PLC-SUB-01,system,MODBUS_READ,Modbus/TCP,ALLOW,Low,,Normal telemetry read
EVT00937,2026-10-07 12:48:26,OT_IDS,HMI-01,PLC-SUB-01,system,MODBUS_READ,Modbus/TCP,ALLOW,Low,,Normal telemetry read
EVT00938,2026-10-07 12:58:20,VPN,VPN-GW-01,VENDOR-DMZ-01,vendor_maint,LOGIN_SUCCESS,TLS,ALLOW,Low,,Routine vendor session
EVT00939,2026-10-07 13:03:06,VPN,VPN-GW-01,VENDOR-DMZ-01,vendor_maint,LOGIN_SUCCESS,TLS,ALLOW,Low,,Routine vendor session
EVT00940,2026-10-07 13:04:08,HISTORIAN,HIST-01,HIST-REPLICA-01,system,REPLICATION,HTTPS,ALLOW,Low,,Scheduled historian replication
EVT00941,2026-10-07 13:08:22,FIREWALL,OT-JUMP-01,HIST-01,admin_katjiuongua,HTTPS_SESSION,TCP/443,ALLOW,Low,,Approved historian administration
EVT00942,2026-10-07 13:26:27,VPN,VPN-GW-01,VENDOR-DMZ-01,vendor_maint,LOGIN_SUCCESS,TLS,ALLOW,Low,,Routine vendor session
EVT00943,2026-10-07 13:30:37,HISTORIAN,HIST-01,HIST-REPLICA-01,system,REPLICATION,HTTPS,ALLOW,Low,,Scheduled historian replication
EVT00944,2026-10-07 13:51:21,WINDOWS,OT-JUMP-01,IDP-01,admin_katjiuongua,AUTH_SUCCESS,Kerberos,ALLOW,Low,,Approved privileged access
EVT00945,2026-10-07 13:53:36,HISTORIAN,HIST-01,HIST-REPLICA-01,system,REPLICATION,HTTPS,ALLOW,Low,,Scheduled historian replication
EVT00946,2026-10-07 13:53:46,EDR,ENG-WS-01,SOC-SIEM-01,eng_kavita,PROCESS_START,Local,ALLOW,Low,,Signed engineering utility
EVT00947,2026-10-07 13:56:16,EDR,ENG-WS-01,SOC-SIEM-01,eng_kavita,PROCESS_START,Local,ALLOW,Low,,Signed engineering utility
EVT00948,2026-10-07 14:03:22,WINDOWS,OT-JUMP-01,IDP-01,admin_katjiuongua,AUTH_SUCCESS,Kerberos,ALLOW,Low,,Approved privileged access
EVT00949,2026-10-07 14:30:46,OT_IDS,HMI-01,PLC-SUB-01,system,MODBUS_READ,Modbus/TCP,ALLOW,Low,,Normal telemetry read
EVT00950,2026-10-07 15:11:17,OT_IDS,HMI-01,PLC-SUB-01,system,MODBUS_READ,Modbus/TCP,ALLOW,Low,,Normal telemetry read
EVT00951,2026-10-07 15:15:48,OT_IDS,HMI-01,PLC-SUB-01,system,MODBUS_READ,Modbus/TCP,ALLOW,Low,,Normal telemetry read
EVT00952,2026-10-07 15:17:40,HISTORIAN,HIST-01,HIST-REPLICA-01,system,REPLICATION,HTTPS,ALLOW,Low,,Scheduled historian replication
EVT00953,2026-10-07 15:39:05,OT_IDS,HMI-01,PLC-SUB-01,system,MODBUS_READ,Modbus/TCP,ALLOW,Low,,Normal telemetry read
EVT00954,2026-10-07 15:52:14,EDR,ENG-WS-01,SOC-SIEM-01,eng_kavita,PROCESS_START,Local,ALLOW,Low,,Signed engineering utility
EVT00955,2026-10-07 16:13:08,DNS,DNS-01,SOC-SIEM-01,system,DNS_QUERY,UDP/53,ALLOW,Low,erp.egs.example,Normal name resolution
EVT00956,2026-10-07 16:20:47,DNS,DNS-01,SOC-SIEM-01,system,DNS_QUERY,UDP/53,ALLOW,Low,weather.example,Normal name resolution
EVT00957,2026-10-07 17:27:19,DNS,DNS-01,SOC-SIEM-01,system,DNS_QUERY,UDP/53,ALLOW,Low,weather.example,Normal name resolution
EVT00958,2026-10-07 17:51:34,EDR,ENG-WS-01,SOC-SIEM-01,eng_kavita,PROCESS_START,Local,ALLOW,Low,,Signed engineering utility
EVT00959,2026-10-07 18:02:55,VPN,VPN-GW-01,VENDOR-DMZ-01,vendor_maint,LOGIN_SUCCESS,TLS,ALLOW,Low,,Routine vendor session
EVT00960,2026-10-07 18:28:58,EDR,ENG-WS-01,SOC-SIEM-01,eng_kavita,PROCESS_START,Local,ALLOW,Low,,Signed engineering utility
EVT00961,2026-10-07 19:13:45,DNS,DNS-01,SOC-SIEM-01,system,DNS_QUERY,UDP/53,ALLOW,Low,erp.egs.example,Normal name resolution
EVT00962,2026-10-08 01:38:55,DNS,DNS-01,SOC-SIEM-01,system,DNS_QUERY,UDP/53,ALLOW,Low,weather.example,Normal name resolution
EVT00963,2026-10-08 04:12:10,DNS,DNS-01,SOC-SIEM-01,system,DNS_QUERY,UDP/53,ALLOW,Low,weather.example,Normal name resolution
EVT00964,2026-10-08 04:42:40,HISTORIAN,HIST-01,HIST-REPLICA-01,system,REPLICATION,HTTPS,ALLOW,Low,,Scheduled historian replication
EVT00965,2026-10-08 05:39:41,DNS,DNS-01,SOC-SIEM-01,system,DNS_QUERY,UDP/53,ALLOW,Low,ntp.pool.example,Normal name resolution
EVT00966,2026-10-08 05:59:22,VPN,VPN-GW-01,VENDOR-DMZ-01,vendor_maint,LOGIN_SUCCESS,TLS,ALLOW,Low,,Routine vendor session
EVT00967,2026-10-08 06:11:17,OT_IDS,HMI-01,PLC-SUB-01,system,MODBUS_READ,Modbus/TCP,ALLOW,Low,,Normal telemetry read
EVT00968,2026-10-08 06:29:33,HISTORIAN,HIST-01,HIST-REPLICA-01,system,REPLICATION,HTTPS,ALLOW,Low,,Scheduled historian replication
EVT00969,2026-10-08 06:55:44,FIREWALL,OT-JUMP-01,HIST-01,admin_katjiuongua,HTTPS_SESSION,TCP/443,ALLOW,Low,,Approved historian administration
EVT00970,2026-10-08 07:57:16,DNS,DNS-01,SOC-SIEM-01,system,DNS_QUERY,UDP/53,ALLOW,Low,updates.microsoft.example,Normal name resolution
EVT00971,2026-10-08 08:13:46,WINDOWS,OT-JUMP-01,IDP-01,admin_katjiuongua,AUTH_SUCCESS,Kerberos,ALLOW,Low,,Approved privileged access
EVT00972,2026-10-08 08:20:50,DNS,DNS-01,SOC-SIEM-01,system,DNS_QUERY,UDP/53,ALLOW,Low,weather.example,Normal name resolution
EVT00973,2026-10-08 08:23:31,WINDOWS,OT-JUMP-01,IDP-01,admin_katjiuongua,AUTH_SUCCESS,Kerberos,ALLOW,Low,,Approved privileged access
EVT00974,2026-10-08 08:37:38,FIREWALL,OT-JUMP-01,HIST-01,admin_katjiuongua,HTTPS_SESSION,TCP/443,ALLOW,Low,,Approved historian administration
EVT00975,2026-10-08 08:45:13,VPN,VPN-GW-01,VENDOR-DMZ-01,vendor_maint,LOGIN_SUCCESS,TLS,ALLOW,Low,,Routine vendor session
EVT00976,2026-10-08 08:47:00,WINDOWS,OT-JUMP-01,IDP-01,admin_katjiuongua,AUTH_SUCCESS,Kerberos,ALLOW,Low,,Approved privileged access
EVT00977,2026-10-08 08:50:33,FIREWALL,OT-JUMP-01,HIST-01,admin_katjiuongua,HTTPS_SESSION,TCP/443,ALLOW,Low,,Approved historian administration
EVT00978,2026-10-08 08:51:55,EDR,ENG-WS-01,SOC-SIEM-01,eng_kavita,PROCESS_START,Local,ALLOW,Low,,Signed engineering utility
EVT00979,2026-10-08 08:58:45,FIREWALL,OT-JUMP-01,HIST-01,admin_katjiuongua,HTTPS_SESSION,TCP/443,ALLOW,Low,,Approved historian administration
EVT00980,2026-10-08 09:01:59,EDR,ENG-WS-01,SOC-SIEM-01,eng_kavita,PROCESS_START,Local,ALLOW,Low,,Signed engineering utility
EVT00981,2026-10-08 09:19:22,OT_IDS,HMI-01,PLC-SUB-01,system,MODBUS_READ,Modbus/TCP,ALLOW,Low,,Normal telemetry read
EVT00982,2026-10-08 09:22:25,OT_IDS,HMI-01,PLC-SUB-01,system,MODBUS_READ,Modbus/TCP,ALLOW,Low,,Normal telemetry read
EVT00983,2026-10-08 09:39:24,FIREWALL,OT-JUMP-01,HIST-01,admin_katjiuongua,HTTPS_SESSION,TCP/443,ALLOW,Low,,Approved historian administration
EVT00984,2026-10-08 09:39:25,FIREWALL,OT-JUMP-01,HIST-01,admin_katjiuongua,HTTPS_SESSION,TCP/443,ALLOW,Low,,Approved historian administration
EVT00985,2026-10-08 09:47:35,WINDOWS,OT-JUMP-01,IDP-01,admin_katjiuongua,AUTH_SUCCESS,Kerberos,ALLOW,Low,,Approved privileged access
EVT00986,2026-10-08 09:49:26,WINDOWS,OT-JUMP-01,IDP-01,admin_katjiuongua,AUTH_SUCCESS,Kerberos,ALLOW,Low,,Approved privileged access
EVT00987,2026-10-08 09:54:16,OT_IDS,HMI-01,PLC-SUB-01,system,MODBUS_READ,Modbus/TCP,ALLOW,Low,,Normal telemetry read
EVT00988,2026-10-08 10:04:25,VPN,VPN-GW-01,VENDOR-DMZ-01,vendor_maint,LOGIN_SUCCESS,TLS,ALLOW,Low,,Routine vendor session
EVT00989,2026-10-08 10:08:44,EDR,ENG-WS-01,SOC-SIEM-01,eng_kavita,PROCESS_START,Local,ALLOW,Low,,Signed engineering utility
EVT00990,2026-10-08 10:10:19,DNS,DNS-01,SOC-SIEM-01,system,DNS_QUERY,UDP/53,ALLOW,Low,weather.example,Normal name resolution
EVT00991,2026-10-08 10:24:10,FIREWALL,OT-JUMP-01,HIST-01,admin_katjiuongua,HTTPS_SESSION,TCP/443,ALLOW,Low,,Approved historian administration
EVT00992,2026-10-08 10:36:27,VPN,VPN-GW-01,VENDOR-DMZ-01,vendor_maint,LOGIN_SUCCESS,TLS,ALLOW,Low,,Routine vendor session
EVT00993,2026-10-08 10:40:03,WINDOWS,OT-JUMP-01,IDP-01,admin_katjiuongua,AUTH_SUCCESS,Kerberos,ALLOW,Low,,Approved privileged access
EVT00994,2026-10-08 10:56:01,VPN,VPN-GW-01,VENDOR-DMZ-01,vendor_maint,LOGIN_SUCCESS,TLS,ALLOW,Low,,Routine vendor session
EVT00995,2026-10-08 11:10:44,VPN,VPN-GW-01,VENDOR-DMZ-01,vendor_maint,LOGIN_SUCCESS,TLS,ALLOW,Low,,Routine vendor session
EVT00996,2026-10-08 11:11:08,HISTORIAN,HIST-01,HIST-REPLICA-01,system,REPLICATION,HTTPS,ALLOW,Low,,Scheduled historian replication
EVT00997,2026-10-08 11:25:04,FIREWALL,OT-JUMP-01,HIST-01,admin_katjiuongua,HTTPS_SESSION,TCP/443,ALLOW,Low,,Approved historian administration
EVT00998,2026-10-08 11:27:39,EDR,ENG-WS-01,SOC-SIEM-01,eng_kavita,PROCESS_START,Local,ALLOW,Low,,Signed engineering utility
EVT00999,2026-10-08 11:42:27,FIREWALL,OT-JUMP-01,HIST-01,admin_katjiuongua,HTTPS_SESSION,TCP/443,ALLOW,Low,,Approved historian administration
EVT01000,2026-10-08 11:55:58,DNS,DNS-01,SOC-SIEM-01,system,DNS_QUERY,UDP/53,ALLOW,Low,weather.example,Normal name resolution
EVT01001,2026-10-08 12:01:24,VPN,VPN-GW-01,VENDOR-DMZ-01,vendor_maint,LOGIN_SUCCESS,TLS,ALLOW,Low,,Routine vendor session
EVT01002,2026-10-08 12:06:23,OT_IDS,HMI-01,PLC-SUB-01,system,MODBUS_READ,Modbus/TCP,ALLOW,Low,,Normal telemetry read
EVT01003,2026-10-08 12:17:47,VPN,VPN-GW-01,VENDOR-DMZ-01,vendor_maint,LOGIN_SUCCESS,TLS,ALLOW,Low,,Routine vendor session
EVT01004,2026-10-08 12:29:16,WINDOWS,OT-JUMP-01,IDP-01,admin_katjiuongua,AUTH_SUCCESS,Kerberos,ALLOW,Low,,Approved privileged access
EVT01005,2026-10-08 12:31:47,OT_IDS,HMI-01,PLC-SUB-01,system,MODBUS_READ,Modbus/TCP,ALLOW,Low,,Normal telemetry read
EVT01006,2026-10-08 12:33:32,HISTORIAN,HIST-01,HIST-REPLICA-01,system,REPLICATION,HTTPS,ALLOW,Low,,Scheduled historian replication
EVT01007,2026-10-08 12:48:47,FIREWALL,OT-JUMP-01,HIST-01,admin_katjiuongua,HTTPS_SESSION,TCP/443,ALLOW,Low,,Approved historian administration
EVT01008,2026-10-08 12:50:49,DNS,DNS-01,SOC-SIEM-01,system,DNS_QUERY,UDP/53,ALLOW,Low,erp.egs.example,Normal name resolution
EVT01009,2026-10-08 12:54:13,FIREWALL,OT-JUMP-01,HIST-01,admin_katjiuongua,HTTPS_SESSION,TCP/443,ALLOW,Low,,Approved historian administration
EVT01010,2026-10-08 13:14:58,DNS,DNS-01,SOC-SIEM-01,system,DNS_QUERY,UDP/53,ALLOW,Low,updates.microsoft.example,Normal name resolution
EVT01011,2026-10-08 13:21:42,HISTORIAN,HIST-01,HIST-REPLICA-01,system,REPLICATION,HTTPS,ALLOW,Low,,Scheduled historian replication
EVT01012,2026-10-08 13:53:25,HISTORIAN,HIST-01,HIST-REPLICA-01,system,REPLICATION,HTTPS,ALLOW,Low,,Scheduled historian replication
EVT01013,2026-10-08 14:14:05,HISTORIAN,HIST-01,HIST-REPLICA-01,system,REPLICATION,HTTPS,ALLOW,Low,,Scheduled historian replication
EVT01014,2026-10-08 14:15:17,EDR,ENG-WS-01,SOC-SIEM-01,eng_kavita,PROCESS_START,Local,ALLOW,Low,,Signed engineering utility
EVT01015,2026-10-08 15:16:31,WINDOWS,OT-JUMP-01,IDP-01,admin_katjiuongua,AUTH_SUCCESS,Kerberos,ALLOW,Low,,Approved privileged access
EVT01016,2026-10-08 15:45:22,FIREWALL,OT-JUMP-01,HIST-01,admin_katjiuongua,HTTPS_SESSION,TCP/443,ALLOW,Low,,Approved historian administration
EVT01017,2026-10-08 15:53:28,HISTORIAN,HIST-01,HIST-REPLICA-01,system,REPLICATION,HTTPS,ALLOW,Low,,Scheduled historian replication
EVT01018,2026-10-08 16:20:28,OT_IDS,HMI-01,PLC-SUB-01,system,MODBUS_READ,Modbus/TCP,ALLOW,Low,,Normal telemetry read
EVT01019,2026-10-08 20:09:09,FIREWALL,OT-JUMP-01,HIST-01,admin_katjiuongua,HTTPS_SESSION,TCP/443,ALLOW,Low,,Approved historian administration
EVT01020,2026-10-08 22:35:39,VPN,VPN-GW-01,VENDOR-DMZ-01,vendor_maint,LOGIN_SUCCESS,TLS,ALLOW,Low,,Routine vendor session
EVT01021,2026-10-08 23:15:47,HISTORIAN,HIST-01,HIST-REPLICA-01,system,REPLICATION,HTTPS,ALLOW,Low,,Scheduled historian replication
EVT01022,2026-10-09 01:55:10,EDR,ENG-WS-01,SOC-SIEM-01,eng_kavita,PROCESS_START,Local,ALLOW,Low,,Signed engineering utility
EVT01023,2026-10-09 02:05:20,DNS,DNS-01,SOC-SIEM-01,system,DNS_QUERY,UDP/53,ALLOW,Low,erp.egs.example,Normal name resolution
EVT01024,2026-10-09 02:46:54,VPN,VPN-GW-01,VENDOR-DMZ-01,vendor_maint,LOGIN_SUCCESS,TLS,ALLOW,Low,,Routine vendor session
EVT01025,2026-10-09 03:11:03,DNS,DNS-01,SOC-SIEM-01,system,DNS_QUERY,UDP/53,ALLOW,Low,ntp.pool.example,Normal name resolution
EVT01026,2026-10-09 03:32:49,OT_IDS,HMI-01,PLC-SUB-01,system,MODBUS_READ,Modbus/TCP,ALLOW,Low,,Normal telemetry read
EVT01027,2026-10-09 04:12:08,HISTORIAN,HIST-01,HIST-REPLICA-01,system,REPLICATION,HTTPS,ALLOW,Low,,Scheduled historian replication
EVT01028,2026-10-09 04:20:48,EDR,ENG-WS-01,SOC-SIEM-01,eng_kavita,PROCESS_START,Local,ALLOW,Low,,Signed engineering utility
EVT01029,2026-10-09 04:29:58,WINDOWS,OT-JUMP-01,IDP-01,admin_katjiuongua,AUTH_SUCCESS,Kerberos,ALLOW,Low,,Approved privileged access
EVT01030,2026-10-09 04:49:50,VPN,VPN-GW-01,VENDOR-DMZ-01,vendor_maint,LOGIN_SUCCESS,TLS,ALLOW,Low,,Routine vendor session
EVT01031,2026-10-09 05:55:36,WINDOWS,OT-JUMP-01,IDP-01,admin_katjiuongua,AUTH_SUCCESS,Kerberos,ALLOW,Low,,Approved privileged access
EVT01032,2026-10-09 06:30:26,OT_IDS,HMI-01,PLC-SUB-01,system,MODBUS_READ,Modbus/TCP,ALLOW,Low,,Normal telemetry read
EVT01033,2026-10-09 07:20:54,WINDOWS,OT-JUMP-01,IDP-01,admin_katjiuongua,AUTH_SUCCESS,Kerberos,ALLOW,Low,,Approved privileged access
EVT01034,2026-10-09 07:36:05,OT_IDS,HMI-01,PLC-SUB-01,system,MODBUS_READ,Modbus/TCP,ALLOW,Low,,Normal telemetry read
EVT01035,2026-10-09 08:11:30,DNS,DNS-01,SOC-SIEM-01,system,DNS_QUERY,UDP/53,ALLOW,Low,updates.microsoft.example,Normal name resolution
EVT01036,2026-10-09 08:19:31,DNS,DNS-01,SOC-SIEM-01,system,DNS_QUERY,UDP/53,ALLOW,Low,weather.example,Normal name resolution
EVT01037,2026-10-09 08:47:38,FIREWALL,OT-JUMP-01,HIST-01,admin_katjiuongua,HTTPS_SESSION,TCP/443,ALLOW,Low,,Approved historian administration
EVT01038,2026-10-09 08:48:01,VPN,VPN-GW-01,VENDOR-DMZ-01,vendor_maint,LOGIN_SUCCESS,TLS,ALLOW,Low,,Routine vendor session
EVT01039,2026-10-09 08:50:43,VPN,VPN-GW-01,VENDOR-DMZ-01,vendor_maint,LOGIN_SUCCESS,TLS,ALLOW,Low,,Routine vendor session
EVT01040,2026-10-09 09:00:42,FIREWALL,OT-JUMP-01,HIST-01,admin_katjiuongua,HTTPS_SESSION,TCP/443,ALLOW,Low,,Approved historian administration
EVT01041,2026-10-09 10:04:40,HISTORIAN,HIST-01,HIST-REPLICA-01,system,REPLICATION,HTTPS,ALLOW,Low,,Scheduled historian replication
EVT01042,2026-10-09 10:25:09,WINDOWS,OT-JUMP-01,IDP-01,admin_katjiuongua,AUTH_SUCCESS,Kerberos,ALLOW,Low,,Approved privileged access
EVT01043,2026-10-09 11:33:35,EDR,ENG-WS-01,SOC-SIEM-01,eng_kavita,PROCESS_START,Local,ALLOW,Low,,Signed engineering utility
EVT01044,2026-10-09 11:45:32,WINDOWS,OT-JUMP-01,IDP-01,admin_katjiuongua,AUTH_SUCCESS,Kerberos,ALLOW,Low,,Approved privileged access
EVT01045,2026-10-09 11:49:33,OT_IDS,HMI-01,PLC-SUB-01,system,MODBUS_READ,Modbus/TCP,ALLOW,Low,,Normal telemetry read
EVT01046,2026-10-09 12:02:04,DNS,DNS-01,SOC-SIEM-01,system,DNS_QUERY,UDP/53,ALLOW,Low,updates.microsoft.example,Normal name resolution
EVT01047,2026-10-09 12:07:35,DNS,DNS-01,SOC-SIEM-01,system,DNS_QUERY,UDP/53,ALLOW,Low,weather.example,Normal name resolution
EVT01048,2026-10-09 12:14:41,OT_IDS,HMI-01,PLC-SUB-01,system,MODBUS_READ,Modbus/TCP,ALLOW,Low,,Normal telemetry read
EVT01049,2026-10-09 12:23:02,OT_IDS,HMI-01,PLC-SUB-01,system,MODBUS_READ,Modbus/TCP,ALLOW,Low,,Normal telemetry read
EVT01050,2026-10-09 12:24:34,WINDOWS,OT-JUMP-01,IDP-01,admin_katjiuongua,AUTH_SUCCESS,Kerberos,ALLOW,Low,,Approved privileged access
EVT01051,2026-10-09 12:26:06,HISTORIAN,HIST-01,HIST-REPLICA-01,system,REPLICATION,HTTPS,ALLOW,Low,,Scheduled historian replication
EVT01052,2026-10-09 12:29:42,OT_IDS,HMI-01,PLC-SUB-01,system,MODBUS_READ,Modbus/TCP,ALLOW,Low,,Normal telemetry read
EVT01053,2026-10-09 12:31:49,HISTORIAN,HIST-01,HIST-REPLICA-01,system,REPLICATION,HTTPS,ALLOW,Low,,Scheduled historian replication
EVT01054,2026-10-09 12:34:31,HISTORIAN,HIST-01,HIST-REPLICA-01,system,REPLICATION,HTTPS,ALLOW,Low,,Scheduled historian replication
EVT01055,2026-10-09 12:35:08,WINDOWS,OT-JUMP-01,IDP-01,admin_katjiuongua,AUTH_SUCCESS,Kerberos,ALLOW,Low,,Approved privileged access
EVT01056,2026-10-09 12:48:47,EDR,ENG-WS-01,SOC-SIEM-01,eng_kavita,PROCESS_START,Local,ALLOW,Low,,Signed engineering utility
EVT01057,2026-10-09 13:00:11,VPN,VPN-GW-01,VENDOR-DMZ-01,vendor_maint,LOGIN_SUCCESS,TLS,ALLOW,Low,,Routine vendor session
EVT01058,2026-10-09 13:04:05,WINDOWS,OT-JUMP-01,IDP-01,admin_katjiuongua,AUTH_SUCCESS,Kerberos,ALLOW,Low,,Approved privileged access
EVT01059,2026-10-09 13:11:42,VPN,VPN-GW-01,VENDOR-DMZ-01,vendor_maint,LOGIN_SUCCESS,TLS,ALLOW,Low,,Routine vendor session
EVT01060,2026-10-09 13:23:29,VPN,VPN-GW-01,VENDOR-DMZ-01,vendor_maint,LOGIN_SUCCESS,TLS,ALLOW,Low,,Routine vendor session
EVT01061,2026-10-09 13:28:53,HISTORIAN,HIST-01,HIST-REPLICA-01,system,REPLICATION,HTTPS,ALLOW,Low,,Scheduled historian replication
EVT01062,2026-10-09 13:40:57,WINDOWS,OT-JUMP-01,IDP-01,admin_katjiuongua,AUTH_SUCCESS,Kerberos,ALLOW,Low,,Approved privileged access
EVT01063,2026-10-09 14:01:32,FIREWALL,OT-JUMP-01,HIST-01,admin_katjiuongua,HTTPS_SESSION,TCP/443,ALLOW,Low,,Approved historian administration
EVT01064,2026-10-09 14:25:38,VPN,VPN-GW-01,VENDOR-DMZ-01,vendor_maint,LOGIN_SUCCESS,TLS,ALLOW,Low,,Routine vendor session
EVT01065,2026-10-09 14:41:01,VPN,VPN-GW-01,VENDOR-DMZ-01,vendor_maint,LOGIN_SUCCESS,TLS,ALLOW,Low,,Routine vendor session
EVT01066,2026-10-09 14:58:02,WINDOWS,OT-JUMP-01,IDP-01,admin_katjiuongua,AUTH_SUCCESS,Kerberos,ALLOW,Low,,Approved privileged access
EVT01067,2026-10-09 15:00:48,VPN,VPN-GW-01,VENDOR-DMZ-01,vendor_maint,LOGIN_SUCCESS,TLS,ALLOW,Low,,Routine vendor session
EVT01068,2026-10-09 15:13:39,WINDOWS,OT-JUMP-01,IDP-01,admin_katjiuongua,AUTH_SUCCESS,Kerberos,ALLOW,Low,,Approved privileged access
EVT01069,2026-10-09 16:12:40,WINDOWS,OT-JUMP-01,IDP-01,admin_katjiuongua,AUTH_SUCCESS,Kerberos,ALLOW,Low,,Approved privileged access
EVT01070,2026-10-09 17:13:15,WINDOWS,OT-JUMP-01,IDP-01,admin_katjiuongua,AUTH_SUCCESS,Kerberos,ALLOW,Low,,Approved privileged access
EVT01071,2026-10-09 18:02:53,DNS,DNS-01,SOC-SIEM-01,system,DNS_QUERY,UDP/53,ALLOW,Low,ntp.pool.example,Normal name resolution
EVT01072,2026-10-09 19:52:15,OT_IDS,HMI-01,PLC-SUB-01,system,MODBUS_READ,Modbus/TCP,ALLOW,Low,,Normal telemetry read
EVT01073,2026-10-10 00:39:35,OT_IDS,HMI-01,PLC-SUB-01,system,MODBUS_READ,Modbus/TCP,ALLOW,Low,,Normal telemetry read
EVT01074,2026-10-10 03:06:31,EDR,ENG-WS-01,SOC-SIEM-01,eng_kavita,PROCESS_START,Local,ALLOW,Low,,Signed engineering utility
EVT01075,2026-10-10 03:26:47,WINDOWS,OT-JUMP-01,IDP-01,admin_katjiuongua,AUTH_SUCCESS,Kerberos,ALLOW,Low,,Approved privileged access
EVT01076,2026-10-10 03:27:59,FIREWALL,OT-JUMP-01,HIST-01,admin_katjiuongua,HTTPS_SESSION,TCP/443,ALLOW,Low,,Approved historian administration
EVT01077,2026-10-10 04:11:39,DNS,DNS-01,SOC-SIEM-01,system,DNS_QUERY,UDP/53,ALLOW,Low,erp.egs.example,Normal name resolution
EVT01078,2026-10-10 04:34:27,EDR,ENG-WS-01,SOC-SIEM-01,eng_kavita,PROCESS_START,Local,ALLOW,Low,,Signed engineering utility
EVT01079,2026-10-10 04:45:03,OT_IDS,HMI-01,PLC-SUB-01,system,MODBUS_READ,Modbus/TCP,ALLOW,Low,,Normal telemetry read
EVT01080,2026-10-10 05:08:48,WINDOWS,OT-JUMP-01,IDP-01,admin_katjiuongua,AUTH_SUCCESS,Kerberos,ALLOW,Low,,Approved privileged access
EVT01081,2026-10-10 05:10:27,FIREWALL,OT-JUMP-01,HIST-01,admin_katjiuongua,HTTPS_SESSION,TCP/443,ALLOW,Low,,Approved historian administration
EVT01082,2026-10-10 05:42:33,VPN,VPN-GW-01,VENDOR-DMZ-01,vendor_maint,LOGIN_SUCCESS,TLS,ALLOW,Low,,Routine vendor session
EVT01083,2026-10-10 06:10:25,EDR,ENG-WS-01,SOC-SIEM-01,eng_kavita,PROCESS_START,Local,ALLOW,Low,,Signed engineering utility
EVT01084,2026-10-10 06:48:14,DNS,DNS-01,SOC-SIEM-01,system,DNS_QUERY,UDP/53,ALLOW,Low,erp.egs.example,Normal name resolution
EVT01085,2026-10-10 07:03:03,HISTORIAN,HIST-01,HIST-REPLICA-01,system,REPLICATION,HTTPS,ALLOW,Low,,Scheduled historian replication
EVT01086,2026-10-10 07:18:58,OT_IDS,HMI-01,PLC-SUB-01,system,MODBUS_READ,Modbus/TCP,ALLOW,Low,,Normal telemetry read
EVT01087,2026-10-10 07:28:29,HISTORIAN,HIST-01,HIST-REPLICA-01,system,REPLICATION,HTTPS,ALLOW,Low,,Scheduled historian replication
EVT01088,2026-10-10 07:47:17,DNS,DNS-01,SOC-SIEM-01,system,DNS_QUERY,UDP/53,ALLOW,Low,weather.example,Normal name resolution
EVT01089,2026-10-10 07:50:11,WINDOWS,OT-JUMP-01,IDP-01,admin_katjiuongua,AUTH_SUCCESS,Kerberos,ALLOW,Low,,Approved privileged access
EVT01090,2026-10-10 08:04:09,OT_IDS,HMI-01,PLC-SUB-01,system,MODBUS_READ,Modbus/TCP,ALLOW,Low,,Normal telemetry read
EVT01091,2026-10-10 08:05:53,WINDOWS,OT-JUMP-01,IDP-01,admin_katjiuongua,AUTH_SUCCESS,Kerberos,ALLOW,Low,,Approved privileged access
EVT01092,2026-10-10 08:12:35,VPN,VPN-GW-01,VENDOR-DMZ-01,vendor_maint,LOGIN_SUCCESS,TLS,ALLOW,Low,,Routine vendor session
EVT01093,2026-10-10 08:14:06,VPN,VPN-GW-01,VENDOR-DMZ-01,vendor_maint,LOGIN_SUCCESS,TLS,ALLOW,Low,,Routine vendor session
EVT01094,2026-10-10 08:14:23,DNS,DNS-01,SOC-SIEM-01,system,DNS_QUERY,UDP/53,ALLOW,Low,updates.microsoft.example,Normal name resolution
EVT01095,2026-10-10 08:31:07,WINDOWS,OT-JUMP-01,IDP-01,admin_katjiuongua,AUTH_SUCCESS,Kerberos,ALLOW,Low,,Approved privileged access
EVT01096,2026-10-10 08:36:15,FIREWALL,OT-JUMP-01,HIST-01,admin_katjiuongua,HTTPS_SESSION,TCP/443,ALLOW,Low,,Approved historian administration
EVT01097,2026-10-10 09:15:07,FIREWALL,OT-JUMP-01,HIST-01,admin_katjiuongua,HTTPS_SESSION,TCP/443,ALLOW,Low,,Approved historian administration
EVT01098,2026-10-10 09:37:04,FIREWALL,OT-JUMP-01,HIST-01,admin_katjiuongua,HTTPS_SESSION,TCP/443,ALLOW,Low,,Approved historian administration
EVT01099,2026-10-10 09:39:26,EDR,ENG-WS-01,SOC-SIEM-01,eng_kavita,PROCESS_START,Local,ALLOW,Low,,Signed engineering utility
EVT01100,2026-10-10 09:40:09,EDR,ENG-WS-01,SOC-SIEM-01,eng_kavita,PROCESS_START,Local,ALLOW,Low,,Signed engineering utility
EVT01101,2026-10-10 09:42:53,FIREWALL,OT-JUMP-01,HIST-01,admin_katjiuongua,HTTPS_SESSION,TCP/443,ALLOW,Low,,Approved historian administration
EVT01102,2026-10-10 09:52:53,VPN,VPN-GW-01,VENDOR-DMZ-01,vendor_maint,LOGIN_SUCCESS,TLS,ALLOW,Low,,Routine vendor session
EVT01103,2026-10-10 09:53:27,VPN,VPN-GW-01,VENDOR-DMZ-01,vendor_maint,LOGIN_SUCCESS,TLS,ALLOW,Low,,Routine vendor session
EVT01104,2026-10-10 10:04:41,DNS,DNS-01,SOC-SIEM-01,system,DNS_QUERY,UDP/53,ALLOW,Low,updates.microsoft.example,Normal name resolution
EVT01105,2026-10-10 10:10:29,FIREWALL,OT-JUMP-01,HIST-01,admin_katjiuongua,HTTPS_SESSION,TCP/443,ALLOW,Low,,Approved historian administration
EVT01106,2026-10-10 10:16:10,EDR,ENG-WS-01,SOC-SIEM-01,eng_kavita,PROCESS_START,Local,ALLOW,Low,,Signed engineering utility
EVT01107,2026-10-10 10:25:47,FIREWALL,OT-JUMP-01,HIST-01,admin_katjiuongua,HTTPS_SESSION,TCP/443,ALLOW,Low,,Approved historian administration
EVT01108,2026-10-10 10:41:14,EDR,ENG-WS-01,SOC-SIEM-01,eng_kavita,PROCESS_START,Local,ALLOW,Low,,Signed engineering utility
EVT01109,2026-10-10 10:47:45,WINDOWS,OT-JUMP-01,IDP-01,admin_katjiuongua,AUTH_SUCCESS,Kerberos,ALLOW,Low,,Approved privileged access
EVT01110,2026-10-10 11:34:47,HISTORIAN,HIST-01,HIST-REPLICA-01,system,REPLICATION,HTTPS,ALLOW,Low,,Scheduled historian replication
EVT01111,2026-10-10 11:41:34,WINDOWS,OT-JUMP-01,IDP-01,admin_katjiuongua,AUTH_SUCCESS,Kerberos,ALLOW,Low,,Approved privileged access
EVT01112,2026-10-10 11:44:04,EDR,ENG-WS-01,SOC-SIEM-01,eng_kavita,PROCESS_START,Local,ALLOW,Low,,Signed engineering utility
EVT01113,2026-10-10 12:04:20,HISTORIAN,HIST-01,HIST-REPLICA-01,system,REPLICATION,HTTPS,ALLOW,Low,,Scheduled historian replication
EVT01114,2026-10-10 12:27:38,OT_IDS,HMI-01,PLC-SUB-01,system,MODBUS_READ,Modbus/TCP,ALLOW,Low,,Normal telemetry read
EVT01115,2026-10-10 12:39:25,WINDOWS,OT-JUMP-01,IDP-01,admin_katjiuongua,AUTH_SUCCESS,Kerberos,ALLOW,Low,,Approved privileged access
EVT01116,2026-10-10 12:49:08,DNS,DNS-01,SOC-SIEM-01,system,DNS_QUERY,UDP/53,ALLOW,Low,updates.microsoft.example,Normal name resolution
EVT01117,2026-10-10 13:04:55,EDR,ENG-WS-01,SOC-SIEM-01,eng_kavita,PROCESS_START,Local,ALLOW,Low,,Signed engineering utility
EVT01118,2026-10-10 13:11:46,VPN,VPN-GW-01,VENDOR-DMZ-01,vendor_maint,LOGIN_SUCCESS,TLS,ALLOW,Low,,Routine vendor session
EVT01119,2026-10-10 13:19:32,EDR,ENG-WS-01,SOC-SIEM-01,eng_kavita,PROCESS_START,Local,ALLOW,Low,,Signed engineering utility
EVT01120,2026-10-10 13:25:51,VPN,VPN-GW-01,VENDOR-DMZ-01,vendor_maint,LOGIN_SUCCESS,TLS,ALLOW,Low,,Routine vendor session
EVT01121,2026-10-10 13:30:44,FIREWALL,OT-JUMP-01,HIST-01,admin_katjiuongua,HTTPS_SESSION,TCP/443,ALLOW,Low,,Approved historian administration
EVT01122,2026-10-10 13:39:13,WINDOWS,OT-JUMP-01,IDP-01,admin_katjiuongua,AUTH_SUCCESS,Kerberos,ALLOW,Low,,Approved privileged access
EVT01123,2026-10-10 13:40:24,VPN,VPN-GW-01,VENDOR-DMZ-01,vendor_maint,LOGIN_SUCCESS,TLS,ALLOW,Low,,Routine vendor session
EVT01124,2026-10-10 13:48:25,DNS,DNS-01,SOC-SIEM-01,system,DNS_QUERY,UDP/53,ALLOW,Low,weather.example,Normal name resolution
EVT01125,2026-10-10 14:01:55,EDR,ENG-WS-01,SOC-SIEM-01,eng_kavita,PROCESS_START,Local,ALLOW,Low,,Signed engineering utility
EVT01126,2026-10-10 14:02:52,DNS,DNS-01,SOC-SIEM-01,system,DNS_QUERY,UDP/53,ALLOW,Low,weather.example,Normal name resolution
EVT01127,2026-10-10 14:43:52,HISTORIAN,HIST-01,HIST-REPLICA-01,system,REPLICATION,HTTPS,ALLOW,Low,,Scheduled historian replication
EVT01128,2026-10-10 14:54:58,HISTORIAN,HIST-01,HIST-REPLICA-01,system,REPLICATION,HTTPS,ALLOW,Low,,Scheduled historian replication
EVT01129,2026-10-10 15:11:19,OT_IDS,HMI-01,PLC-SUB-01,system,MODBUS_READ,Modbus/TCP,ALLOW,Low,,Normal telemetry read
EVT01130,2026-10-10 15:33:13,EDR,ENG-WS-01,SOC-SIEM-01,eng_kavita,PROCESS_START,Local,ALLOW,Low,,Signed engineering utility
EVT01131,2026-10-10 15:34:18,FIREWALL,OT-JUMP-01,HIST-01,admin_katjiuongua,HTTPS_SESSION,TCP/443,ALLOW,Low,,Approved historian administration
EVT01132,2026-10-10 15:42:10,EDR,ENG-WS-01,SOC-SIEM-01,eng_kavita,PROCESS_START,Local,ALLOW,Low,,Signed engineering utility
EVT01133,2026-10-10 15:42:41,FIREWALL,OT-JUMP-01,HIST-01,admin_katjiuongua,HTTPS_SESSION,TCP/443,ALLOW,Low,,Approved historian administration
EVT01134,2026-10-10 15:51:10,WINDOWS,OT-JUMP-01,IDP-01,admin_katjiuongua,AUTH_SUCCESS,Kerberos,ALLOW,Low,,Approved privileged access
EVT01135,2026-10-10 16:11:08,WINDOWS,OT-JUMP-01,IDP-01,admin_katjiuongua,AUTH_SUCCESS,Kerberos,ALLOW,Low,,Approved privileged access
EVT01136,2026-10-10 16:18:17,EDR,ENG-WS-01,SOC-SIEM-01,eng_kavita,PROCESS_START,Local,ALLOW,Low,,Signed engineering utility
EVT01137,2026-10-10 16:44:51,WINDOWS,OT-JUMP-01,IDP-01,admin_katjiuongua,AUTH_SUCCESS,Kerberos,ALLOW,Low,,Approved privileged access
EVT01138,2026-10-10 16:49:55,VPN,VPN-GW-01,VENDOR-DMZ-01,vendor_maint,LOGIN_SUCCESS,TLS,ALLOW,Low,,Routine vendor session
EVT01139,2026-10-10 17:50:30,OT_IDS,HMI-01,PLC-SUB-01,system,MODBUS_READ,Modbus/TCP,ALLOW,Low,,Normal telemetry read
EVT01140,2026-10-10 17:54:55,VPN,VPN-GW-01,VENDOR-DMZ-01,vendor_maint,LOGIN_SUCCESS,TLS,ALLOW,Low,,Routine vendor session
EVT01141,2026-10-10 18:48:30,OT_IDS,HMI-01,PLC-SUB-01,system,MODBUS_READ,Modbus/TCP,ALLOW,Low,,Normal telemetry read
EVT01142,2026-10-10 20:28:30,VPN,VPN-GW-01,VENDOR-DMZ-01,vendor_maint,LOGIN_SUCCESS,TLS,ALLOW,Low,,Routine vendor session
EVT01143,2026-10-10 20:29:06,EDR,ENG-WS-01,SOC-SIEM-01,eng_kavita,PROCESS_START,Local,ALLOW,Low,,Signed engineering utility
EVT01144,2026-10-10 21:04:28,DNS,DNS-01,SOC-SIEM-01,system,DNS_QUERY,UDP/53,ALLOW,Low,weather.example,Normal name resolution
EVT01145,2026-10-10 22:13:18,DNS,DNS-01,SOC-SIEM-01,system,DNS_QUERY,UDP/53,ALLOW,Low,erp.egs.example,Normal name resolution
EVT01146,2026-10-11 00:21:12,VPN,VPN-GW-01,VENDOR-DMZ-01,vendor_maint,LOGIN_SUCCESS,TLS,ALLOW,Low,,Routine vendor session
EVT01147,2026-10-11 04:13:29,DNS,DNS-01,SOC-SIEM-01,system,DNS_QUERY,UDP/53,ALLOW,Low,ntp.pool.example,Normal name resolution
EVT01148,2026-10-11 04:34:10,HISTORIAN,HIST-01,HIST-REPLICA-01,system,REPLICATION,HTTPS,ALLOW,Low,,Scheduled historian replication
EVT01149,2026-10-11 05:00:29,EDR,ENG-WS-01,SOC-SIEM-01,eng_kavita,PROCESS_START,Local,ALLOW,Low,,Signed engineering utility
EVT01150,2026-10-11 05:12:11,VPN,VPN-GW-01,VENDOR-DMZ-01,vendor_maint,LOGIN_SUCCESS,TLS,ALLOW,Low,,Routine vendor session
EVT01151,2026-10-11 05:27:15,DNS,DNS-01,SOC-SIEM-01,system,DNS_QUERY,UDP/53,ALLOW,Low,weather.example,Normal name resolution
EVT01152,2026-10-11 05:39:24,VPN,VPN-GW-01,VENDOR-DMZ-01,vendor_maint,LOGIN_SUCCESS,TLS,ALLOW,Low,,Routine vendor session
EVT01153,2026-10-11 05:59:15,HISTORIAN,HIST-01,HIST-REPLICA-01,system,REPLICATION,HTTPS,ALLOW,Low,,Scheduled historian replication
EVT01154,2026-10-11 05:59:52,HISTORIAN,HIST-01,HIST-REPLICA-01,system,REPLICATION,HTTPS,ALLOW,Low,,Scheduled historian replication
EVT01155,2026-10-11 06:35:42,HISTORIAN,HIST-01,HIST-REPLICA-01,system,REPLICATION,HTTPS,ALLOW,Low,,Scheduled historian replication
EVT01156,2026-10-11 06:36:20,OT_IDS,HMI-01,PLC-SUB-01,system,MODBUS_READ,Modbus/TCP,ALLOW,Low,,Normal telemetry read
EVT01157,2026-10-11 06:52:10,HISTORIAN,HIST-01,HIST-REPLICA-01,system,REPLICATION,HTTPS,ALLOW,Low,,Scheduled historian replication
EVT01158,2026-10-11 07:01:50,OT_IDS,HMI-01,PLC-SUB-01,system,MODBUS_READ,Modbus/TCP,ALLOW,Low,,Normal telemetry read
EVT01159,2026-10-11 07:14:34,OT_IDS,HMI-01,PLC-SUB-01,system,MODBUS_READ,Modbus/TCP,ALLOW,Low,,Normal telemetry read
EVT01160,2026-10-11 07:35:18,FIREWALL,OT-JUMP-01,HIST-01,admin_katjiuongua,HTTPS_SESSION,TCP/443,ALLOW,Low,,Approved historian administration
EVT01161,2026-10-11 07:38:00,DNS,DNS-01,SOC-SIEM-01,system,DNS_QUERY,UDP/53,ALLOW,Low,weather.example,Normal name resolution
EVT01162,2026-10-11 07:57:07,WINDOWS,OT-JUMP-01,IDP-01,admin_katjiuongua,AUTH_SUCCESS,Kerberos,ALLOW,Low,,Approved privileged access
EVT01163,2026-10-11 08:11:04,DNS,DNS-01,SOC-SIEM-01,system,DNS_QUERY,UDP/53,ALLOW,Low,updates.microsoft.example,Normal name resolution
EVT01164,2026-10-11 08:25:06,DNS,DNS-01,SOC-SIEM-01,system,DNS_QUERY,UDP/53,ALLOW,Low,weather.example,Normal name resolution
EVT01165,2026-10-11 08:28:04,FIREWALL,OT-JUMP-01,HIST-01,admin_katjiuongua,HTTPS_SESSION,TCP/443,ALLOW,Low,,Approved historian administration
EVT01166,2026-10-11 08:32:54,HISTORIAN,HIST-01,HIST-REPLICA-01,system,REPLICATION,HTTPS,ALLOW,Low,,Scheduled historian replication
EVT01167,2026-10-11 08:51:06,VPN,VPN-GW-01,VENDOR-DMZ-01,vendor_maint,LOGIN_SUCCESS,TLS,ALLOW,Low,,Routine vendor session
EVT01168,2026-10-11 09:13:00,OT_IDS,HMI-01,PLC-SUB-01,system,MODBUS_READ,Modbus/TCP,ALLOW,Low,,Normal telemetry read
EVT01169,2026-10-11 09:27:29,HISTORIAN,HIST-01,HIST-REPLICA-01,system,REPLICATION,HTTPS,ALLOW,Low,,Scheduled historian replication
EVT01170,2026-10-11 09:30:26,OT_IDS,HMI-01,PLC-SUB-01,system,MODBUS_READ,Modbus/TCP,ALLOW,Low,,Normal telemetry read
EVT01171,2026-10-11 09:36:02,OT_IDS,HMI-01,PLC-SUB-01,system,MODBUS_READ,Modbus/TCP,ALLOW,Low,,Normal telemetry read
EVT01172,2026-10-11 09:41:14,OT_IDS,HMI-01,PLC-SUB-01,system,MODBUS_READ,Modbus/TCP,ALLOW,Low,,Normal telemetry read
EVT01173,2026-10-11 10:18:04,DNS,DNS-01,SOC-SIEM-01,system,DNS_QUERY,UDP/53,ALLOW,Low,updates.microsoft.example,Normal name resolution
EVT01174,2026-10-11 10:28:17,OT_IDS,HMI-01,PLC-SUB-01,system,MODBUS_READ,Modbus/TCP,ALLOW,Low,,Normal telemetry read
EVT01175,2026-10-11 10:54:47,OT_IDS,HMI-01,PLC-SUB-01,system,MODBUS_READ,Modbus/TCP,ALLOW,Low,,Normal telemetry read
EVT01176,2026-10-11 10:58:30,DNS,DNS-01,SOC-SIEM-01,system,DNS_QUERY,UDP/53,ALLOW,Low,weather.example,Normal name resolution
EVT01177,2026-10-11 11:34:19,EDR,ENG-WS-01,SOC-SIEM-01,eng_kavita,PROCESS_START,Local,ALLOW,Low,,Signed engineering utility
EVT01178,2026-10-11 12:08:07,VPN,VPN-GW-01,VENDOR-DMZ-01,vendor_maint,LOGIN_SUCCESS,TLS,ALLOW,Low,,Routine vendor session
EVT01179,2026-10-11 12:08:13,FIREWALL,OT-JUMP-01,HIST-01,admin_katjiuongua,HTTPS_SESSION,TCP/443,ALLOW,Low,,Approved historian administration
EVT01180,2026-10-11 12:12:46,WINDOWS,OT-JUMP-01,IDP-01,admin_katjiuongua,AUTH_SUCCESS,Kerberos,ALLOW,Low,,Approved privileged access
EVT01181,2026-10-11 12:15:45,DNS,DNS-01,SOC-SIEM-01,system,DNS_QUERY,UDP/53,ALLOW,Low,updates.microsoft.example,Normal name resolution
EVT01182,2026-10-11 12:17:46,EDR,ENG-WS-01,SOC-SIEM-01,eng_kavita,PROCESS_START,Local,ALLOW,Low,,Signed engineering utility
EVT01183,2026-10-11 12:18:46,DNS,DNS-01,SOC-SIEM-01,system,DNS_QUERY,UDP/53,ALLOW,Low,weather.example,Normal name resolution
EVT01184,2026-10-11 12:21:32,VPN,VPN-GW-01,VENDOR-DMZ-01,vendor_maint,LOGIN_SUCCESS,TLS,ALLOW,Low,,Routine vendor session
EVT01185,2026-10-11 12:55:55,OT_IDS,HMI-01,PLC-SUB-01,system,MODBUS_READ,Modbus/TCP,ALLOW,Low,,Normal telemetry read
EVT01186,2026-10-11 12:56:55,EDR,ENG-WS-01,SOC-SIEM-01,eng_kavita,PROCESS_START,Local,ALLOW,Low,,Signed engineering utility
EVT01187,2026-10-11 13:25:57,FIREWALL,OT-JUMP-01,HIST-01,admin_katjiuongua,HTTPS_SESSION,TCP/443,ALLOW,Low,,Approved historian administration
EVT01188,2026-10-11 14:11:13,WINDOWS,OT-JUMP-01,IDP-01,admin_katjiuongua,AUTH_SUCCESS,Kerberos,ALLOW,Low,,Approved privileged access
EVT01189,2026-10-11 14:21:45,EDR,ENG-WS-01,SOC-SIEM-01,eng_kavita,PROCESS_START,Local,ALLOW,Low,,Signed engineering utility
EVT01190,2026-10-11 14:27:17,WINDOWS,OT-JUMP-01,IDP-01,admin_katjiuongua,AUTH_SUCCESS,Kerberos,ALLOW,Low,,Approved privileged access
EVT01191,2026-10-11 14:27:40,OT_IDS,HMI-01,PLC-SUB-01,system,MODBUS_READ,Modbus/TCP,ALLOW,Low,,Normal telemetry read
EVT01192,2026-10-11 15:42:20,HISTORIAN,HIST-01,HIST-REPLICA-01,system,REPLICATION,HTTPS,ALLOW,Low,,Scheduled historian replication
EVT01193,2026-10-11 16:34:37,HISTORIAN,HIST-01,HIST-REPLICA-01,system,REPLICATION,HTTPS,ALLOW,Low,,Scheduled historian replication
EVT01194,2026-10-11 16:42:13,HISTORIAN,HIST-01,HIST-REPLICA-01,system,REPLICATION,HTTPS,ALLOW,Low,,Scheduled historian replication
EVT01195,2026-10-11 16:50:52,OT_IDS,HMI-01,PLC-SUB-01,system,MODBUS_READ,Modbus/TCP,ALLOW,Low,,Normal telemetry read
EVT01196,2026-10-11 16:58:49,VPN,VPN-GW-01,VENDOR-DMZ-01,vendor_maint,LOGIN_SUCCESS,TLS,ALLOW,Low,,Routine vendor session
EVT01197,2026-10-11 17:36:40,WINDOWS,OT-JUMP-01,IDP-01,admin_katjiuongua,AUTH_SUCCESS,Kerberos,ALLOW,Low,,Approved privileged access
EVT01198,2026-10-11 18:29:00,EDR,ENG-WS-01,SOC-SIEM-01,eng_kavita,PROCESS_START,Local,ALLOW,Low,,Signed engineering utility
EVT01199,2026-10-11 18:42:35,VPN,VPN-GW-01,VENDOR-DMZ-01,vendor_maint,LOGIN_SUCCESS,TLS,ALLOW,Low,,Routine vendor session
EVT01200,2026-10-11 19:23:00,VPN,VPN-GW-01,VENDOR-DMZ-01,vendor_maint,LOGIN_SUCCESS,TLS,ALLOW,Low,,Routine vendor session
EVT01201,2026-10-11 20:19:40,DNS,DNS-01,SOC-SIEM-01,system,DNS_QUERY,UDP/53,ALLOW,Low,weather.example,Normal name resolution
EVT01202,2026-10-11 21:11:49,DNS,DNS-01,SOC-SIEM-01,system,DNS_QUERY,UDP/53,ALLOW,Low,weather.example,Normal name resolution
EVT01203,2026-10-12 00:50:12,VPN,VPN-GW-01,VENDOR-DMZ-01,vendor_maint,LOGIN_SUCCESS,TLS,ALLOW,Low,,Routine vendor session
EVT01204,2026-10-12 03:25:08,EDR,ENG-WS-01,SOC-SIEM-01,eng_kavita,PROCESS_START,Local,ALLOW,Low,,Signed engineering utility
EVT01205,2026-10-12 03:27:21,FIREWALL,OT-JUMP-01,HIST-01,admin_katjiuongua,HTTPS_SESSION,TCP/443,ALLOW,Low,,Approved historian administration
EVT01206,2026-10-12 05:08:53,OT_IDS,HMI-01,PLC-SUB-01,system,MODBUS_READ,Modbus/TCP,ALLOW,Low,,Normal telemetry read
EVT01207,2026-10-12 05:33:49,VPN,VPN-GW-01,VENDOR-DMZ-01,vendor_maint,LOGIN_SUCCESS,TLS,ALLOW,Low,,Routine vendor session
EVT01208,2026-10-12 06:06:50,DNS,DNS-01,SOC-SIEM-01,system,DNS_QUERY,UDP/53,ALLOW,Low,erp.egs.example,Normal name resolution
EVT01209,2026-10-12 07:37:49,DNS,DNS-01,SOC-SIEM-01,system,DNS_QUERY,UDP/53,ALLOW,Low,weather.example,Normal name resolution
EVT01210,2026-10-12 07:58:37,EDR,ENG-WS-01,SOC-SIEM-01,eng_kavita,PROCESS_START,Local,ALLOW,Low,,Signed engineering utility
EVT01211,2026-10-12 08:09:46,WINDOWS,OT-JUMP-01,IDP-01,admin_katjiuongua,AUTH_SUCCESS,Kerberos,ALLOW,Low,,Approved privileged access
EVT01212,2026-10-12 08:52:38,FIREWALL,OT-JUMP-01,HIST-01,admin_katjiuongua,HTTPS_SESSION,TCP/443,ALLOW,Low,,Approved historian administration
EVT01213,2026-10-12 09:44:32,OT_IDS,HMI-01,PLC-SUB-01,system,MODBUS_READ,Modbus/TCP,ALLOW,Low,,Normal telemetry read
EVT01214,2026-10-12 09:46:43,HISTORIAN,HIST-01,HIST-REPLICA-01,system,REPLICATION,HTTPS,ALLOW,Low,,Scheduled historian replication
EVT01215,2026-10-12 09:58:04,WINDOWS,OT-JUMP-01,IDP-01,admin_katjiuongua,AUTH_SUCCESS,Kerberos,ALLOW,Low,,Approved privileged access
EVT01216,2026-10-12 10:00:17,VPN,VPN-GW-01,VENDOR-DMZ-01,vendor_maint,LOGIN_SUCCESS,TLS,ALLOW,Low,,Routine vendor session
EVT01217,2026-10-12 10:02:02,DNS,DNS-01,SOC-SIEM-01,system,DNS_QUERY,UDP/53,ALLOW,Low,erp.egs.example,Normal name resolution
EVT01218,2026-10-12 10:05:19,WINDOWS,OT-JUMP-01,IDP-01,admin_katjiuongua,AUTH_SUCCESS,Kerberos,ALLOW,Low,,Approved privileged access
EVT01219,2026-10-12 10:10:05,OT_IDS,HMI-01,PLC-SUB-01,system,MODBUS_READ,Modbus/TCP,ALLOW,Low,,Normal telemetry read
EVT01220,2026-10-12 10:32:20,EDR,ENG-WS-01,SOC-SIEM-01,eng_kavita,PROCESS_START,Local,ALLOW,Low,,Signed engineering utility
EVT01221,2026-10-12 10:39:15,VPN,VPN-GW-01,VENDOR-DMZ-01,vendor_maint,LOGIN_SUCCESS,TLS,ALLOW,Low,,Routine vendor session
EVT01222,2026-10-12 11:08:14,HISTORIAN,HIST-01,HIST-REPLICA-01,system,REPLICATION,HTTPS,ALLOW,Low,,Scheduled historian replication
EVT01223,2026-10-12 11:12:20,VPN,VPN-GW-01,VENDOR-DMZ-01,vendor_maint,LOGIN_SUCCESS,TLS,ALLOW,Low,,Routine vendor session
EVT01224,2026-10-12 11:20:00,FIREWALL,OT-JUMP-01,HIST-01,admin_katjiuongua,HTTPS_SESSION,TCP/443,ALLOW,Low,,Approved historian administration
EVT01225,2026-10-12 11:22:57,WINDOWS,OT-JUMP-01,IDP-01,admin_katjiuongua,AUTH_SUCCESS,Kerberos,ALLOW,Low,,Approved privileged access
EVT01226,2026-10-12 11:28:48,FIREWALL,OT-JUMP-01,HIST-01,admin_katjiuongua,HTTPS_SESSION,TCP/443,ALLOW,Low,,Approved historian administration
EVT01227,2026-10-12 11:48:55,FIREWALL,OT-JUMP-01,HIST-01,admin_katjiuongua,HTTPS_SESSION,TCP/443,ALLOW,Low,,Approved historian administration
EVT01228,2026-10-12 11:55:25,WINDOWS,OT-JUMP-01,IDP-01,admin_katjiuongua,AUTH_SUCCESS,Kerberos,ALLOW,Low,,Approved privileged access
EVT01229,2026-10-12 12:31:42,HISTORIAN,HIST-01,HIST-REPLICA-01,system,REPLICATION,HTTPS,ALLOW,Low,,Scheduled historian replication
EVT01230,2026-10-12 12:34:34,DNS,DNS-01,SOC-SIEM-01,system,DNS_QUERY,UDP/53,ALLOW,Low,weather.example,Normal name resolution
EVT01231,2026-10-12 12:44:23,EDR,ENG-WS-01,SOC-SIEM-01,eng_kavita,PROCESS_START,Local,ALLOW,Low,,Signed engineering utility
EVT01232,2026-10-12 12:58:06,WINDOWS,OT-JUMP-01,IDP-01,admin_katjiuongua,AUTH_SUCCESS,Kerberos,ALLOW,Low,,Approved privileged access
EVT01233,2026-10-12 13:05:22,OT_IDS,HMI-01,PLC-SUB-01,system,MODBUS_READ,Modbus/TCP,ALLOW,Low,,Normal telemetry read
EVT01234,2026-10-12 13:15:03,HISTORIAN,HIST-01,HIST-REPLICA-01,system,REPLICATION,HTTPS,ALLOW,Low,,Scheduled historian replication
EVT01235,2026-10-12 13:23:42,OT_IDS,HMI-01,PLC-SUB-01,system,MODBUS_READ,Modbus/TCP,ALLOW,Low,,Normal telemetry read
EVT01236,2026-10-12 13:56:03,EDR,ENG-WS-01,SOC-SIEM-01,eng_kavita,PROCESS_START,Local,ALLOW,Low,,Signed engineering utility
EVT01237,2026-10-12 14:03:27,EDR,ENG-WS-01,SOC-SIEM-01,eng_kavita,PROCESS_START,Local,ALLOW,Low,,Signed engineering utility
EVT01238,2026-10-12 14:15:00,WINDOWS,OT-JUMP-01,IDP-01,admin_katjiuongua,AUTH_SUCCESS,Kerberos,ALLOW,Low,,Approved privileged access
EVT01239,2026-10-12 14:24:07,EDR,ENG-WS-01,SOC-SIEM-01,eng_kavita,PROCESS_START,Local,ALLOW,Low,,Signed engineering utility
EVT01240,2026-10-12 14:28:09,HISTORIAN,HIST-01,HIST-REPLICA-01,system,REPLICATION,HTTPS,ALLOW,Low,,Scheduled historian replication
EVT01241,2026-10-12 14:30:39,FIREWALL,OT-JUMP-01,HIST-01,admin_katjiuongua,HTTPS_SESSION,TCP/443,ALLOW,Low,,Approved historian administration
EVT01242,2026-10-12 14:31:43,VPN,VPN-GW-01,VENDOR-DMZ-01,vendor_maint,LOGIN_SUCCESS,TLS,ALLOW,Low,,Routine vendor session
EVT01243,2026-10-12 14:32:46,OT_IDS,HMI-01,PLC-SUB-01,system,MODBUS_READ,Modbus/TCP,ALLOW,Low,,Normal telemetry read
EVT01244,2026-10-12 14:33:32,FIREWALL,OT-JUMP-01,HIST-01,admin_katjiuongua,HTTPS_SESSION,TCP/443,ALLOW,Low,,Approved historian administration
EVT01245,2026-10-12 14:49:08,VPN,VPN-GW-01,VENDOR-DMZ-01,vendor_maint,LOGIN_SUCCESS,TLS,ALLOW,Low,,Routine vendor session
EVT01246,2026-10-12 14:49:59,EDR,ENG-WS-01,SOC-SIEM-01,eng_kavita,PROCESS_START,Local,ALLOW,Low,,Signed engineering utility
EVT01247,2026-10-12 15:04:48,DNS,DNS-01,SOC-SIEM-01,system,DNS_QUERY,UDP/53,ALLOW,Low,weather.example,Normal name resolution
EVT01248,2026-10-12 15:18:09,DNS,DNS-01,SOC-SIEM-01,system,DNS_QUERY,UDP/53,ALLOW,Low,erp.egs.example,Normal name resolution
EVT01249,2026-10-12 15:27:29,DNS,DNS-01,SOC-SIEM-01,system,DNS_QUERY,UDP/53,ALLOW,Low,ntp.pool.example,Normal name resolution
EVT01250,2026-10-12 15:47:34,EDR,ENG-WS-01,SOC-SIEM-01,eng_kavita,PROCESS_START,Local,ALLOW,Low,,Signed engineering utility
EVT01251,2026-10-12 15:50:52,WINDOWS,OT-JUMP-01,IDP-01,admin_katjiuongua,AUTH_SUCCESS,Kerberos,ALLOW,Low,,Approved privileged access
EVT01252,2026-10-12 16:07:18,OT_IDS,HMI-01,PLC-SUB-01,system,MODBUS_READ,Modbus/TCP,ALLOW,Low,,Normal telemetry read
EVT01253,2026-10-12 16:22:22,VPN,VPN-GW-01,VENDOR-DMZ-01,vendor_maint,LOGIN_SUCCESS,TLS,ALLOW,Low,,Routine vendor session
EVT01254,2026-10-12 16:30:40,WINDOWS,OT-JUMP-01,IDP-01,admin_katjiuongua,AUTH_SUCCESS,Kerberos,ALLOW,Low,,Approved privileged access
EVT01255,2026-10-12 17:13:15,DNS,DNS-01,SOC-SIEM-01,system,DNS_QUERY,UDP/53,ALLOW,Low,erp.egs.example,Normal name resolution
EVT01256,2026-10-12 17:25:30,VPN,VPN-GW-01,VENDOR-DMZ-01,vendor_maint,LOGIN_SUCCESS,TLS,ALLOW,Low,,Routine vendor session
EVT01257,2026-10-12 19:24:30,FIREWALL,OT-JUMP-01,HIST-01,admin_katjiuongua,HTTPS_SESSION,TCP/443,ALLOW,Low,,Approved historian administration
EVT01258,2026-10-12 19:59:48,FIREWALL,OT-JUMP-01,HIST-01,admin_katjiuongua,HTTPS_SESSION,TCP/443,ALLOW,Low,,Approved historian administration
EVT01259,2026-10-12 20:55:07,VPN,VPN-GW-01,VENDOR-DMZ-01,vendor_maint,LOGIN_SUCCESS,TLS,ALLOW,Low,,Routine vendor session
EVT01260,2026-10-13 00:40:11,HISTORIAN,HIST-01,HIST-REPLICA-01,system,REPLICATION,HTTPS,ALLOW,Low,,Scheduled historian replication
EVT01261,2026-10-13 02:29:17,OT_IDS,HMI-01,PLC-SUB-01,system,MODBUS_READ,Modbus/TCP,ALLOW,Low,,Normal telemetry read
EVT01262,2026-10-13 04:27:34,DNS,DNS-01,SOC-SIEM-01,system,DNS_QUERY,UDP/53,ALLOW,Low,ntp.pool.example,Normal name resolution
EVT01263,2026-10-13 04:49:37,WINDOWS,OT-JUMP-01,IDP-01,admin_katjiuongua,AUTH_SUCCESS,Kerberos,ALLOW,Low,,Approved privileged access
EVT01264,2026-10-13 04:58:52,OT_IDS,HMI-01,PLC-SUB-01,system,MODBUS_READ,Modbus/TCP,ALLOW,Low,,Normal telemetry read
EVT01265,2026-10-13 04:59:31,DNS,DNS-01,SOC-SIEM-01,system,DNS_QUERY,UDP/53,ALLOW,Low,ntp.pool.example,Normal name resolution
EVT01266,2026-10-13 05:18:57,HISTORIAN,HIST-01,HIST-REPLICA-01,system,REPLICATION,HTTPS,ALLOW,Low,,Scheduled historian replication
EVT01267,2026-10-13 05:22:44,OT_IDS,HMI-01,PLC-SUB-01,system,MODBUS_READ,Modbus/TCP,ALLOW,Low,,Normal telemetry read
EVT01268,2026-10-13 05:43:13,VPN,VPN-GW-01,VENDOR-DMZ-01,vendor_maint,LOGIN_SUCCESS,TLS,ALLOW,Low,,Routine vendor session
EVT01269,2026-10-13 06:04:28,DNS,DNS-01,SOC-SIEM-01,system,DNS_QUERY,UDP/53,ALLOW,Low,updates.microsoft.example,Normal name resolution
EVT01270,2026-10-13 06:42:59,FIREWALL,OT-JUMP-01,HIST-01,admin_katjiuongua,HTTPS_SESSION,TCP/443,ALLOW,Low,,Approved historian administration
EVT01271,2026-10-13 06:44:44,EDR,ENG-WS-01,SOC-SIEM-01,eng_kavita,PROCESS_START,Local,ALLOW,Low,,Signed engineering utility
EVT01272,2026-10-13 06:46:32,OT_IDS,HMI-01,PLC-SUB-01,system,MODBUS_READ,Modbus/TCP,ALLOW,Low,,Normal telemetry read
EVT01273,2026-10-13 06:49:48,EDR,ENG-WS-01,SOC-SIEM-01,eng_kavita,PROCESS_START,Local,ALLOW,Low,,Signed engineering utility
EVT01274,2026-10-13 06:52:14,HISTORIAN,HIST-01,HIST-REPLICA-01,system,REPLICATION,HTTPS,ALLOW,Low,,Scheduled historian replication
EVT01275,2026-10-13 06:53:30,HISTORIAN,HIST-01,HIST-REPLICA-01,system,REPLICATION,HTTPS,ALLOW,Low,,Scheduled historian replication
EVT01276,2026-10-13 07:02:47,EDR,ENG-WS-01,SOC-SIEM-01,eng_kavita,PROCESS_START,Local,ALLOW,Low,,Signed engineering utility
EVT01277,2026-10-13 07:12:22,HISTORIAN,HIST-01,HIST-REPLICA-01,system,REPLICATION,HTTPS,ALLOW,Low,,Scheduled historian replication
EVT01278,2026-10-13 08:37:42,OT_IDS,HMI-01,PLC-SUB-01,system,MODBUS_READ,Modbus/TCP,ALLOW,Low,,Normal telemetry read
EVT01279,2026-10-13 09:07:58,DNS,DNS-01,SOC-SIEM-01,system,DNS_QUERY,UDP/53,ALLOW,Low,ntp.pool.example,Normal name resolution
EVT01280,2026-10-13 09:10:49,DNS,DNS-01,SOC-SIEM-01,system,DNS_QUERY,UDP/53,ALLOW,Low,updates.microsoft.example,Normal name resolution
EVT01281,2026-10-13 09:14:16,DNS,DNS-01,SOC-SIEM-01,system,DNS_QUERY,UDP/53,ALLOW,Low,ntp.pool.example,Normal name resolution
EVT01282,2026-10-13 09:27:41,DNS,DNS-01,SOC-SIEM-01,system,DNS_QUERY,UDP/53,ALLOW,Low,updates.microsoft.example,Normal name resolution
EVT01283,2026-10-13 09:31:06,DNS,DNS-01,SOC-SIEM-01,system,DNS_QUERY,UDP/53,ALLOW,Low,erp.egs.example,Normal name resolution
EVT01284,2026-10-13 09:31:08,OT_IDS,HMI-01,PLC-SUB-01,system,MODBUS_READ,Modbus/TCP,ALLOW,Low,,Normal telemetry read
EVT01285,2026-10-13 09:36:24,DNS,DNS-01,SOC-SIEM-01,system,DNS_QUERY,UDP/53,ALLOW,Low,weather.example,Normal name resolution
EVT01286,2026-10-13 09:52:18,HISTORIAN,HIST-01,HIST-REPLICA-01,system,REPLICATION,HTTPS,ALLOW,Low,,Scheduled historian replication
EVT01287,2026-10-13 10:07:29,DNS,DNS-01,SOC-SIEM-01,system,DNS_QUERY,UDP/53,ALLOW,Low,updates.microsoft.example,Normal name resolution
EVT01288,2026-10-13 10:09:14,DNS,DNS-01,SOC-SIEM-01,system,DNS_QUERY,UDP/53,ALLOW,Low,updates.microsoft.example,Normal name resolution
EVT01289,2026-10-13 10:10:51,DNS,DNS-01,SOC-SIEM-01,system,DNS_QUERY,UDP/53,ALLOW,Low,updates.microsoft.example,Normal name resolution
EVT01290,2026-10-13 10:11:18,OT_IDS,HMI-01,PLC-SUB-01,system,MODBUS_READ,Modbus/TCP,ALLOW,Low,,Normal telemetry read
EVT01291,2026-10-13 10:30:12,WINDOWS,OT-JUMP-01,IDP-01,admin_katjiuongua,AUTH_SUCCESS,Kerberos,ALLOW,Low,,Approved privileged access
EVT01292,2026-10-13 10:40:28,FIREWALL,OT-JUMP-01,HIST-01,admin_katjiuongua,HTTPS_SESSION,TCP/443,ALLOW,Low,,Approved historian administration
EVT01293,2026-10-13 10:41:41,DNS,DNS-01,SOC-SIEM-01,system,DNS_QUERY,UDP/53,ALLOW,Low,ntp.pool.example,Normal name resolution
EVT01294,2026-10-13 10:50:48,WINDOWS,OT-JUMP-01,IDP-01,admin_katjiuongua,AUTH_SUCCESS,Kerberos,ALLOW,Low,,Approved privileged access
EVT01295,2026-10-13 11:05:06,WINDOWS,OT-JUMP-01,IDP-01,admin_katjiuongua,AUTH_SUCCESS,Kerberos,ALLOW,Low,,Approved privileged access
EVT01296,2026-10-13 11:14:13,FIREWALL,OT-JUMP-01,HIST-01,admin_katjiuongua,HTTPS_SESSION,TCP/443,ALLOW,Low,,Approved historian administration
EVT01297,2026-10-13 11:23:07,WINDOWS,OT-JUMP-01,IDP-01,admin_katjiuongua,AUTH_SUCCESS,Kerberos,ALLOW,Low,,Approved privileged access
EVT01298,2026-10-13 11:28:53,WINDOWS,OT-JUMP-01,IDP-01,admin_katjiuongua,AUTH_SUCCESS,Kerberos,ALLOW,Low,,Approved privileged access
EVT01299,2026-10-13 12:34:02,HISTORIAN,HIST-01,HIST-REPLICA-01,system,REPLICATION,HTTPS,ALLOW,Low,,Scheduled historian replication
EVT01300,2026-10-13 13:04:45,HISTORIAN,HIST-01,HIST-REPLICA-01,system,REPLICATION,HTTPS,ALLOW,Low,,Scheduled historian replication
EVT01301,2026-10-13 13:23:16,HISTORIAN,HIST-01,HIST-REPLICA-01,system,REPLICATION,HTTPS,ALLOW,Low,,Scheduled historian replication
EVT01302,2026-10-13 13:53:55,VPN,VPN-GW-01,VENDOR-DMZ-01,vendor_maint,LOGIN_SUCCESS,TLS,ALLOW,Low,,Routine vendor session
EVT01303,2026-10-13 14:06:14,EDR,ENG-WS-01,SOC-SIEM-01,eng_kavita,PROCESS_START,Local,ALLOW,Low,,Signed engineering utility
EVT01304,2026-10-13 14:13:41,EDR,ENG-WS-01,SOC-SIEM-01,eng_kavita,PROCESS_START,Local,ALLOW,Low,,Signed engineering utility
EVT01305,2026-10-13 14:19:20,EDR,ENG-WS-01,SOC-SIEM-01,eng_kavita,PROCESS_START,Local,ALLOW,Low,,Signed engineering utility
EVT01306,2026-10-13 15:32:03,VPN,VPN-GW-01,VENDOR-DMZ-01,vendor_maint,LOGIN_SUCCESS,TLS,ALLOW,Low,,Routine vendor session
EVT01307,2026-10-13 15:40:33,WINDOWS,OT-JUMP-01,IDP-01,admin_katjiuongua,AUTH_SUCCESS,Kerberos,ALLOW,Low,,Approved privileged access
EVT01308,2026-10-13 15:46:14,EDR,ENG-WS-01,SOC-SIEM-01,eng_kavita,PROCESS_START,Local,ALLOW,Low,,Signed engineering utility
EVT01309,2026-10-13 15:48:05,FIREWALL,OT-JUMP-01,HIST-01,admin_katjiuongua,HTTPS_SESSION,TCP/443,ALLOW,Low,,Approved historian administration
EVT01310,2026-10-13 15:54:02,DNS,DNS-01,SOC-SIEM-01,system,DNS_QUERY,UDP/53,ALLOW,Low,ntp.pool.example,Normal name resolution
EVT01311,2026-10-13 16:13:31,FIREWALL,OT-JUMP-01,HIST-01,admin_katjiuongua,HTTPS_SESSION,TCP/443,ALLOW,Low,,Approved historian administration
EVT01312,2026-10-13 16:17:47,FIREWALL,OT-JUMP-01,HIST-01,admin_katjiuongua,HTTPS_SESSION,TCP/443,ALLOW,Low,,Approved historian administration
EVT01313,2026-10-13 16:52:37,EDR,ENG-WS-01,SOC-SIEM-01,eng_kavita,PROCESS_START,Local,ALLOW,Low,,Signed engineering utility
EVT01314,2026-10-13 17:31:02,EDR,ENG-WS-01,SOC-SIEM-01,eng_kavita,PROCESS_START,Local,ALLOW,Low,,Signed engineering utility
EVT01315,2026-10-13 17:41:25,DNS,DNS-01,SOC-SIEM-01,system,DNS_QUERY,UDP/53,ALLOW,Low,erp.egs.example,Normal name resolution
EVT01316,2026-10-13 20:48:44,FIREWALL,OT-JUMP-01,HIST-01,admin_katjiuongua,HTTPS_SESSION,TCP/443,ALLOW,Low,,Approved historian administration
EVT01317,2026-10-14 00:47:32,HISTORIAN,HIST-01,HIST-REPLICA-01,system,REPLICATION,HTTPS,ALLOW,Low,,Scheduled historian replication
EVT01318,2026-10-14 02:37:17,OT_IDS,HMI-01,PLC-SUB-01,system,MODBUS_READ,Modbus/TCP,ALLOW,Low,,Normal telemetry read
EVT01319,2026-10-14 03:28:18,OT_IDS,HMI-01,PLC-SUB-01,system,MODBUS_READ,Modbus/TCP,ALLOW,Low,,Normal telemetry read
EVT01320,2026-10-14 03:31:13,WINDOWS,OT-JUMP-01,IDP-01,admin_katjiuongua,AUTH_SUCCESS,Kerberos,ALLOW,Low,,Approved privileged access
EVT01321,2026-10-14 05:25:53,VPN,VPN-GW-01,VENDOR-DMZ-01,vendor_maint,LOGIN_SUCCESS,TLS,ALLOW,Low,,Routine vendor session
EVT01322,2026-10-14 05:26:36,VPN,VPN-GW-01,VENDOR-DMZ-01,vendor_maint,LOGIN_SUCCESS,TLS,ALLOW,Low,,Routine vendor session
EVT01323,2026-10-14 05:43:55,WINDOWS,OT-JUMP-01,IDP-01,admin_katjiuongua,AUTH_SUCCESS,Kerberos,ALLOW,Low,,Approved privileged access
EVT01324,2026-10-14 05:46:13,DNS,DNS-01,SOC-SIEM-01,system,DNS_QUERY,UDP/53,ALLOW,Low,erp.egs.example,Normal name resolution
EVT01325,2026-10-14 06:10:09,HISTORIAN,HIST-01,HIST-REPLICA-01,system,REPLICATION,HTTPS,ALLOW,Low,,Scheduled historian replication
EVT01326,2026-10-14 06:39:07,DNS,DNS-01,SOC-SIEM-01,system,DNS_QUERY,UDP/53,ALLOW,Low,updates.microsoft.example,Normal name resolution
EVT01327,2026-10-14 07:06:17,FIREWALL,OT-JUMP-01,HIST-01,admin_katjiuongua,HTTPS_SESSION,TCP/443,ALLOW,Low,,Approved historian administration
EVT01328,2026-10-14 07:06:43,OT_IDS,HMI-01,PLC-SUB-01,system,MODBUS_READ,Modbus/TCP,ALLOW,Low,,Normal telemetry read
EVT01329,2026-10-14 07:41:01,HISTORIAN,HIST-01,HIST-REPLICA-01,system,REPLICATION,HTTPS,ALLOW,Low,,Scheduled historian replication
EVT01330,2026-10-14 07:55:39,HISTORIAN,HIST-01,HIST-REPLICA-01,system,REPLICATION,HTTPS,ALLOW,Low,,Scheduled historian replication
EVT01331,2026-10-14 07:59:05,HISTORIAN,HIST-01,HIST-REPLICA-01,system,REPLICATION,HTTPS,ALLOW,Low,,Scheduled historian replication
EVT01332,2026-10-14 08:46:55,VPN,VPN-GW-01,VENDOR-DMZ-01,vendor_maint,LOGIN_SUCCESS,TLS,ALLOW,Low,,Routine vendor session
EVT01333,2026-10-14 08:49:47,VPN,VPN-GW-01,VENDOR-DMZ-01,vendor_maint,LOGIN_SUCCESS,TLS,ALLOW,Low,,Routine vendor session
EVT01334,2026-10-14 08:52:05,VPN,VPN-GW-01,VENDOR-DMZ-01,vendor_maint,LOGIN_SUCCESS,TLS,ALLOW,Low,,Routine vendor session
EVT01335,2026-10-14 09:01:03,VPN,VPN-GW-01,VENDOR-DMZ-01,vendor_maint,LOGIN_SUCCESS,TLS,ALLOW,Low,,Routine vendor session
EVT01336,2026-10-14 09:34:14,FIREWALL,OT-JUMP-01,HIST-01,admin_katjiuongua,HTTPS_SESSION,TCP/443,ALLOW,Low,,Approved historian administration
EVT01337,2026-10-14 09:48:28,VPN,VPN-GW-01,VENDOR-DMZ-01,vendor_maint,LOGIN_SUCCESS,TLS,ALLOW,Low,,Routine vendor session
EVT01338,2026-10-14 09:54:52,EDR,ENG-WS-01,SOC-SIEM-01,eng_kavita,PROCESS_START,Local,ALLOW,Low,,Signed engineering utility
EVT01339,2026-10-14 09:55:26,VPN,VPN-GW-01,VENDOR-DMZ-01,vendor_maint,LOGIN_SUCCESS,TLS,ALLOW,Low,,Routine vendor session
EVT01340,2026-10-14 10:01:12,VPN,VPN-GW-01,VENDOR-DMZ-01,vendor_maint,LOGIN_SUCCESS,TLS,ALLOW,Low,,Routine vendor session
EVT01341,2026-10-14 10:18:10,VPN,VPN-GW-01,VENDOR-DMZ-01,vendor_maint,LOGIN_SUCCESS,TLS,ALLOW,Low,,Routine vendor session
EVT01342,2026-10-14 10:24:50,WINDOWS,OT-JUMP-01,IDP-01,admin_katjiuongua,AUTH_SUCCESS,Kerberos,ALLOW,Low,,Approved privileged access
EVT01343,2026-10-14 10:24:58,WINDOWS,OT-JUMP-01,IDP-01,admin_katjiuongua,AUTH_SUCCESS,Kerberos,ALLOW,Low,,Approved privileged access
EVT01344,2026-10-14 10:26:00,VPN,VPN-GW-01,VENDOR-DMZ-01,vendor_maint,LOGIN_SUCCESS,TLS,ALLOW,Low,,Routine vendor session
EVT01345,2026-10-14 10:28:57,VPN,VPN-GW-01,VENDOR-DMZ-01,vendor_maint,LOGIN_SUCCESS,TLS,ALLOW,Low,,Routine vendor session
EVT01346,2026-10-14 10:38:28,WINDOWS,OT-JUMP-01,IDP-01,admin_katjiuongua,AUTH_SUCCESS,Kerberos,ALLOW,Low,,Approved privileged access
EVT01347,2026-10-14 10:55:29,DNS,DNS-01,SOC-SIEM-01,system,DNS_QUERY,UDP/53,ALLOW,Low,ntp.pool.example,Normal name resolution
EVT01348,2026-10-14 11:15:11,FIREWALL,OT-JUMP-01,HIST-01,admin_katjiuongua,HTTPS_SESSION,TCP/443,ALLOW,Low,,Approved historian administration
EVT01349,2026-10-14 11:47:27,EDR,ENG-WS-01,SOC-SIEM-01,eng_kavita,PROCESS_START,Local,ALLOW,Low,,Signed engineering utility
EVT01350,2026-10-14 11:53:07,DNS,DNS-01,SOC-SIEM-01,system,DNS_QUERY,UDP/53,ALLOW,Low,erp.egs.example,Normal name resolution
EVT01351,2026-10-14 11:58:05,EDR,ENG-WS-01,SOC-SIEM-01,eng_kavita,PROCESS_START,Local,ALLOW,Low,,Signed engineering utility
EVT01352,2026-10-14 12:11:20,VPN,VPN-GW-01,VENDOR-DMZ-01,vendor_maint,LOGIN_SUCCESS,TLS,ALLOW,Low,,Routine vendor session
EVT01353,2026-10-14 12:20:19,DNS,DNS-01,SOC-SIEM-01,system,DNS_QUERY,UDP/53,ALLOW,Low,erp.egs.example,Normal name resolution
EVT01354,2026-10-14 12:27:11,VPN,VPN-GW-01,VENDOR-DMZ-01,vendor_maint,LOGIN_SUCCESS,TLS,ALLOW,Low,,Routine vendor session
EVT01355,2026-10-14 12:35:30,HISTORIAN,HIST-01,HIST-REPLICA-01,system,REPLICATION,HTTPS,ALLOW,Low,,Scheduled historian replication
EVT01356,2026-10-14 13:05:12,VPN,VPN-GW-01,VENDOR-DMZ-01,vendor_maint,LOGIN_SUCCESS,TLS,ALLOW,Low,,Routine vendor session
EVT01357,2026-10-14 13:22:42,WINDOWS,OT-JUMP-01,IDP-01,admin_katjiuongua,AUTH_SUCCESS,Kerberos,ALLOW,Low,,Approved privileged access
EVT01358,2026-10-14 13:32:13,HISTORIAN,HIST-01,HIST-REPLICA-01,system,REPLICATION,HTTPS,ALLOW,Low,,Scheduled historian replication
EVT01359,2026-10-14 13:32:56,OT_IDS,HMI-01,PLC-SUB-01,system,MODBUS_READ,Modbus/TCP,ALLOW,Low,,Normal telemetry read
EVT01360,2026-10-14 13:36:01,HISTORIAN,HIST-01,HIST-REPLICA-01,system,REPLICATION,HTTPS,ALLOW,Low,,Scheduled historian replication
EVT01361,2026-10-14 13:54:48,VPN,VPN-GW-01,VENDOR-DMZ-01,vendor_maint,LOGIN_SUCCESS,TLS,ALLOW,Low,,Routine vendor session
EVT01362,2026-10-14 13:59:01,EDR,ENG-WS-01,SOC-SIEM-01,eng_kavita,PROCESS_START,Local,ALLOW,Low,,Signed engineering utility
EVT01363,2026-10-14 14:11:10,OT_IDS,HMI-01,PLC-SUB-01,system,MODBUS_READ,Modbus/TCP,ALLOW,Low,,Normal telemetry read
EVT01364,2026-10-14 14:13:06,WINDOWS,OT-JUMP-01,IDP-01,admin_katjiuongua,AUTH_SUCCESS,Kerberos,ALLOW,Low,,Approved privileged access
EVT01365,2026-10-14 14:27:26,FIREWALL,OT-JUMP-01,HIST-01,admin_katjiuongua,HTTPS_SESSION,TCP/443,ALLOW,Low,,Approved historian administration
EVT01366,2026-10-14 14:52:02,HISTORIAN,HIST-01,HIST-REPLICA-01,system,REPLICATION,HTTPS,ALLOW,Low,,Scheduled historian replication
EVT01367,2026-10-14 15:06:20,EDR,ENG-WS-01,SOC-SIEM-01,eng_kavita,PROCESS_START,Local,ALLOW,Low,,Signed engineering utility
EVT01368,2026-10-14 15:17:07,DNS,DNS-01,SOC-SIEM-01,system,DNS_QUERY,UDP/53,ALLOW,Low,erp.egs.example,Normal name resolution
EVT01369,2026-10-14 15:19:23,HISTORIAN,HIST-01,HIST-REPLICA-01,system,REPLICATION,HTTPS,ALLOW,Low,,Scheduled historian replication
EVT01370,2026-10-14 15:24:13,DNS,DNS-01,SOC-SIEM-01,system,DNS_QUERY,UDP/53,ALLOW,Low,weather.example,Normal name resolution
EVT01371,2026-10-14 15:34:33,HISTORIAN,HIST-01,HIST-REPLICA-01,system,REPLICATION,HTTPS,ALLOW,Low,,Scheduled historian replication
EVT01372,2026-10-14 15:45:37,EDR,ENG-WS-01,SOC-SIEM-01,eng_kavita,PROCESS_START,Local,ALLOW,Low,,Signed engineering utility
EVT01373,2026-10-14 15:47:57,EDR,ENG-WS-01,SOC-SIEM-01,eng_kavita,PROCESS_START,Local,ALLOW,Low,,Signed engineering utility
EVT01374,2026-10-14 16:38:41,OT_IDS,HMI-01,PLC-SUB-01,system,MODBUS_READ,Modbus/TCP,ALLOW,Low,,Normal telemetry read
EVT01375,2026-10-14 17:07:15,OT_IDS,HMI-01,PLC-SUB-01,system,MODBUS_READ,Modbus/TCP,ALLOW,Low,,Normal telemetry read
EVT01376,2026-10-14 17:19:28,VPN,VPN-GW-01,VENDOR-DMZ-01,vendor_maint,LOGIN_SUCCESS,TLS,ALLOW,Low,,Routine vendor session
EVT01377,2026-10-14 17:37:51,WINDOWS,OT-JUMP-01,IDP-01,admin_katjiuongua,AUTH_SUCCESS,Kerberos,ALLOW,Low,,Approved privileged access
EVT01378,2026-10-14 17:42:06,WINDOWS,OT-JUMP-01,IDP-01,admin_katjiuongua,AUTH_SUCCESS,Kerberos,ALLOW,Low,,Approved privileged access
EVT01379,2026-10-14 17:44:59,DNS,DNS-01,SOC-SIEM-01,system,DNS_QUERY,UDP/53,ALLOW,Low,updates.microsoft.example,Normal name resolution
EVT01380,2026-10-14 18:50:59,WINDOWS,OT-JUMP-01,IDP-01,admin_katjiuongua,AUTH_SUCCESS,Kerberos,ALLOW,Low,,Approved privileged access
EVT01381,2026-10-14 20:45:13,WINDOWS,OT-JUMP-01,IDP-01,admin_katjiuongua,AUTH_SUCCESS,Kerberos,ALLOW,Low,,Approved privileged access
EVT01382,2026-10-15 00:38:57,DNS,DNS-01,SOC-SIEM-01,system,DNS_QUERY,UDP/53,ALLOW,Low,updates.microsoft.example,Normal name resolution
EVT01383,2026-10-15 03:43:22,WINDOWS,OT-JUMP-01,IDP-01,admin_katjiuongua,AUTH_SUCCESS,Kerberos,ALLOW,Low,,Approved privileged access
EVT01384,2026-10-15 04:25:11,DNS,DNS-01,SOC-SIEM-01,system,DNS_QUERY,UDP/53,ALLOW,Low,weather.example,Normal name resolution
EVT01385,2026-10-15 05:08:40,OT_IDS,HMI-01,PLC-SUB-01,system,MODBUS_READ,Modbus/TCP,ALLOW,Low,,Normal telemetry read
EVT01386,2026-10-15 05:27:02,EDR,ENG-WS-01,SOC-SIEM-01,eng_kavita,PROCESS_START,Local,ALLOW,Low,,Signed engineering utility
EVT01387,2026-10-15 05:52:52,OT_IDS,HMI-01,PLC-SUB-01,system,MODBUS_READ,Modbus/TCP,ALLOW,Low,,Normal telemetry read
EVT01388,2026-10-15 06:07:26,OT_IDS,HMI-01,PLC-SUB-01,system,MODBUS_READ,Modbus/TCP,ALLOW,Low,,Normal telemetry read
EVT01389,2026-10-15 06:44:58,HISTORIAN,HIST-01,HIST-REPLICA-01,system,REPLICATION,HTTPS,ALLOW,Low,,Scheduled historian replication
EVT01390,2026-10-15 07:50:23,VPN,VPN-GW-01,VENDOR-DMZ-01,vendor_maint,LOGIN_SUCCESS,TLS,ALLOW,Low,,Routine vendor session
EVT01391,2026-10-15 08:07:08,FIREWALL,OT-JUMP-01,HIST-01,admin_katjiuongua,HTTPS_SESSION,TCP/443,ALLOW,Low,,Approved historian administration
EVT01392,2026-10-15 08:18:15,WINDOWS,OT-JUMP-01,IDP-01,admin_katjiuongua,AUTH_SUCCESS,Kerberos,ALLOW,Low,,Approved privileged access
EVT01393,2026-10-15 08:20:04,EDR,ENG-WS-01,SOC-SIEM-01,eng_kavita,PROCESS_START,Local,ALLOW,Low,,Signed engineering utility
EVT01394,2026-10-15 08:58:17,DNS,DNS-01,SOC-SIEM-01,system,DNS_QUERY,UDP/53,ALLOW,Low,updates.microsoft.example,Normal name resolution
EVT01395,2026-10-15 09:09:43,VPN,VPN-GW-01,VENDOR-DMZ-01,vendor_maint,LOGIN_SUCCESS,TLS,ALLOW,Low,,Routine vendor session
EVT01396,2026-10-15 09:10:49,HISTORIAN,HIST-01,HIST-REPLICA-01,system,REPLICATION,HTTPS,ALLOW,Low,,Scheduled historian replication
EVT01397,2026-10-15 09:32:16,VPN,VPN-GW-01,VENDOR-DMZ-01,vendor_maint,LOGIN_SUCCESS,TLS,ALLOW,Low,,Routine vendor session
EVT01398,2026-10-15 09:35:37,OT_IDS,HMI-01,PLC-SUB-01,system,MODBUS_READ,Modbus/TCP,ALLOW,Low,,Normal telemetry read
EVT01399,2026-10-15 09:39:17,DNS,DNS-01,SOC-SIEM-01,system,DNS_QUERY,UDP/53,ALLOW,Low,weather.example,Normal name resolution
EVT01400,2026-10-15 09:50:55,HISTORIAN,HIST-01,HIST-REPLICA-01,system,REPLICATION,HTTPS,ALLOW,Low,,Scheduled historian replication
EVT01401,2026-10-15 10:09:38,WINDOWS,OT-JUMP-01,IDP-01,admin_katjiuongua,AUTH_SUCCESS,Kerberos,ALLOW,Low,,Approved privileged access
EVT01402,2026-10-15 10:14:04,VPN,VPN-GW-01,VENDOR-DMZ-01,vendor_maint,LOGIN_SUCCESS,TLS,ALLOW,Low,,Routine vendor session
EVT01403,2026-10-15 10:24:08,FIREWALL,OT-JUMP-01,HIST-01,admin_katjiuongua,HTTPS_SESSION,TCP/443,ALLOW,Low,,Approved historian administration
EVT01404,2026-10-15 10:26:11,HISTORIAN,HIST-01,HIST-REPLICA-01,system,REPLICATION,HTTPS,ALLOW,Low,,Scheduled historian replication
EVT01405,2026-10-15 10:30:40,WINDOWS,OT-JUMP-01,IDP-01,admin_katjiuongua,AUTH_SUCCESS,Kerberos,ALLOW,Low,,Approved privileged access
EVT01406,2026-10-15 10:52:56,FIREWALL,OT-JUMP-01,HIST-01,admin_katjiuongua,HTTPS_SESSION,TCP/443,ALLOW,Low,,Approved historian administration
EVT01407,2026-10-15 11:12:39,WINDOWS,OT-JUMP-01,IDP-01,admin_katjiuongua,AUTH_SUCCESS,Kerberos,ALLOW,Low,,Approved privileged access
EVT01408,2026-10-15 11:16:11,DNS,DNS-01,SOC-SIEM-01,system,DNS_QUERY,UDP/53,ALLOW,Low,erp.egs.example,Normal name resolution
EVT01409,2026-10-15 11:54:40,DNS,DNS-01,SOC-SIEM-01,system,DNS_QUERY,UDP/53,ALLOW,Low,updates.microsoft.example,Normal name resolution
EVT01410,2026-10-15 12:02:52,FIREWALL,OT-JUMP-01,HIST-01,admin_katjiuongua,HTTPS_SESSION,TCP/443,ALLOW,Low,,Approved historian administration
EVT01411,2026-10-15 12:23:13,OT_IDS,HMI-01,PLC-SUB-01,system,MODBUS_READ,Modbus/TCP,ALLOW,Low,,Normal telemetry read
EVT01412,2026-10-15 12:32:10,VPN,VPN-GW-01,VENDOR-DMZ-01,vendor_maint,LOGIN_SUCCESS,TLS,ALLOW,Low,,Routine vendor session
EVT01413,2026-10-15 12:34:59,FIREWALL,OT-JUMP-01,HIST-01,admin_katjiuongua,HTTPS_SESSION,TCP/443,ALLOW,Low,,Approved historian administration
EVT01414,2026-10-15 12:42:46,OT_IDS,HMI-01,PLC-SUB-01,system,MODBUS_READ,Modbus/TCP,ALLOW,Low,,Normal telemetry read
EVT01415,2026-10-15 12:47:57,WINDOWS,OT-JUMP-01,IDP-01,admin_katjiuongua,AUTH_SUCCESS,Kerberos,ALLOW,Low,,Approved privileged access
EVT01416,2026-10-15 12:51:59,EDR,ENG-WS-01,SOC-SIEM-01,eng_kavita,PROCESS_START,Local,ALLOW,Low,,Signed engineering utility
EVT01417,2026-10-15 12:52:07,DNS,DNS-01,SOC-SIEM-01,system,DNS_QUERY,UDP/53,ALLOW,Low,erp.egs.example,Normal name resolution
EVT01418,2026-10-15 13:03:32,EDR,ENG-WS-01,SOC-SIEM-01,eng_kavita,PROCESS_START,Local,ALLOW,Low,,Signed engineering utility
EVT01419,2026-10-15 13:09:22,HISTORIAN,HIST-01,HIST-REPLICA-01,system,REPLICATION,HTTPS,ALLOW,Low,,Scheduled historian replication
EVT01420,2026-10-15 13:10:48,WINDOWS,OT-JUMP-01,IDP-01,admin_katjiuongua,AUTH_SUCCESS,Kerberos,ALLOW,Low,,Approved privileged access
EVT01421,2026-10-15 13:22:04,OT_IDS,HMI-01,PLC-SUB-01,system,MODBUS_READ,Modbus/TCP,ALLOW,Low,,Normal telemetry read
EVT01422,2026-10-15 13:37:10,DNS,DNS-01,SOC-SIEM-01,system,DNS_QUERY,UDP/53,ALLOW,Low,updates.microsoft.example,Normal name resolution
EVT01423,2026-10-15 13:39:34,DNS,DNS-01,SOC-SIEM-01,system,DNS_QUERY,UDP/53,ALLOW,Low,ntp.pool.example,Normal name resolution
EVT01424,2026-10-15 13:53:23,OT_IDS,HMI-01,PLC-SUB-01,system,MODBUS_READ,Modbus/TCP,ALLOW,Low,,Normal telemetry read
EVT01425,2026-10-15 13:59:11,VPN,VPN-GW-01,VENDOR-DMZ-01,vendor_maint,LOGIN_SUCCESS,TLS,ALLOW,Low,,Routine vendor session
EVT01426,2026-10-15 14:05:25,WINDOWS,OT-JUMP-01,IDP-01,admin_katjiuongua,AUTH_SUCCESS,Kerberos,ALLOW,Low,,Approved privileged access
EVT01427,2026-10-15 14:07:37,VPN,VPN-GW-01,VENDOR-DMZ-01,vendor_maint,LOGIN_SUCCESS,TLS,ALLOW,Low,,Routine vendor session
EVT01428,2026-10-15 14:18:11,VPN,VPN-GW-01,VENDOR-DMZ-01,vendor_maint,LOGIN_SUCCESS,TLS,ALLOW,Low,,Routine vendor session
EVT01429,2026-10-15 14:20:32,HISTORIAN,HIST-01,HIST-REPLICA-01,system,REPLICATION,HTTPS,ALLOW,Low,,Scheduled historian replication
EVT01430,2026-10-15 14:21:00,FIREWALL,OT-JUMP-01,HIST-01,admin_katjiuongua,HTTPS_SESSION,TCP/443,ALLOW,Low,,Approved historian administration
EVT01431,2026-10-15 14:39:59,DNS,DNS-01,SOC-SIEM-01,system,DNS_QUERY,UDP/53,ALLOW,Low,weather.example,Normal name resolution
EVT01432,2026-10-15 14:51:41,FIREWALL,OT-JUMP-01,HIST-01,admin_katjiuongua,HTTPS_SESSION,TCP/443,ALLOW,Low,,Approved historian administration
EVT01433,2026-10-15 15:18:42,VPN,VPN-GW-01,VENDOR-DMZ-01,vendor_maint,LOGIN_SUCCESS,TLS,ALLOW,Low,,Routine vendor session
EVT01434,2026-10-15 15:26:46,VPN,VPN-GW-01,VENDOR-DMZ-01,vendor_maint,LOGIN_SUCCESS,TLS,ALLOW,Low,,Routine vendor session
EVT01435,2026-10-15 15:30:30,VPN,VPN-GW-01,VENDOR-DMZ-01,vendor_maint,LOGIN_SUCCESS,TLS,ALLOW,Low,,Routine vendor session
EVT01436,2026-10-15 15:48:18,OT_IDS,HMI-01,PLC-SUB-01,system,MODBUS_READ,Modbus/TCP,ALLOW,Low,,Normal telemetry read
EVT01437,2026-10-15 16:21:38,OT_IDS,HMI-01,PLC-SUB-01,system,MODBUS_READ,Modbus/TCP,ALLOW,Low,,Normal telemetry read
EVT01438,2026-10-15 16:44:26,FIREWALL,OT-JUMP-01,HIST-01,admin_katjiuongua,HTTPS_SESSION,TCP/443,ALLOW,Low,,Approved historian administration
EVT01439,2026-10-15 17:29:16,OT_IDS,HMI-01,PLC-SUB-01,system,MODBUS_READ,Modbus/TCP,ALLOW,Low,,Normal telemetry read
EVT01440,2026-10-15 17:42:09,FIREWALL,OT-JUMP-01,HIST-01,admin_katjiuongua,HTTPS_SESSION,TCP/443,ALLOW,Low,,Approved historian administration
EVT01441,2026-10-15 19:51:41,FIREWALL,OT-JUMP-01,HIST-01,admin_katjiuongua,HTTPS_SESSION,TCP/443,ALLOW,Low,,Approved historian administration
EVT01442,2026-10-15 23:52:42,EDR,ENG-WS-01,SOC-SIEM-01,eng_kavita,PROCESS_START,Local,ALLOW,Low,,Signed engineering utility
EVT01443,2026-10-16 00:38:34,WINDOWS,OT-JUMP-01,IDP-01,admin_katjiuongua,AUTH_SUCCESS,Kerberos,ALLOW,Low,,Approved privileged access
EVT01444,2026-10-16 04:36:06,OT_IDS,HMI-01,PLC-SUB-01,system,MODBUS_READ,Modbus/TCP,ALLOW,Low,,Normal telemetry read
EVT01445,2026-10-16 04:44:03,VPN,VPN-GW-01,VENDOR-DMZ-01,vendor_maint,LOGIN_SUCCESS,TLS,ALLOW,Low,,Routine vendor session
EVT01446,2026-10-16 05:19:51,DNS,DNS-01,SOC-SIEM-01,system,DNS_QUERY,UDP/53,ALLOW,Low,erp.egs.example,Normal name resolution
EVT01447,2026-10-16 05:32:32,OT_IDS,HMI-01,PLC-SUB-01,system,MODBUS_READ,Modbus/TCP,ALLOW,Low,,Normal telemetry read
EVT01448,2026-10-16 05:44:00,WINDOWS,OT-JUMP-01,IDP-01,admin_katjiuongua,AUTH_SUCCESS,Kerberos,ALLOW,Low,,Approved privileged access
EVT01449,2026-10-16 05:47:40,DNS,DNS-01,SOC-SIEM-01,system,DNS_QUERY,UDP/53,ALLOW,Low,updates.microsoft.example,Normal name resolution
EVT01450,2026-10-16 06:05:59,DNS,DNS-01,SOC-SIEM-01,system,DNS_QUERY,UDP/53,ALLOW,Low,erp.egs.example,Normal name resolution
EVT01451,2026-10-16 06:39:12,WINDOWS,OT-JUMP-01,IDP-01,admin_katjiuongua,AUTH_SUCCESS,Kerberos,ALLOW,Low,,Approved privileged access
EVT01452,2026-10-16 07:28:01,HISTORIAN,HIST-01,HIST-REPLICA-01,system,REPLICATION,HTTPS,ALLOW,Low,,Scheduled historian replication
EVT01453,2026-10-16 07:44:22,HISTORIAN,HIST-01,HIST-REPLICA-01,system,REPLICATION,HTTPS,ALLOW,Low,,Scheduled historian replication
EVT01454,2026-10-16 08:02:44,HISTORIAN,HIST-01,HIST-REPLICA-01,system,REPLICATION,HTTPS,ALLOW,Low,,Scheduled historian replication
EVT01455,2026-10-16 08:03:31,FIREWALL,OT-JUMP-01,HIST-01,admin_katjiuongua,HTTPS_SESSION,TCP/443,ALLOW,Low,,Approved historian administration
EVT01456,2026-10-16 08:16:19,FIREWALL,OT-JUMP-01,HIST-01,admin_katjiuongua,HTTPS_SESSION,TCP/443,ALLOW,Low,,Approved historian administration
EVT01457,2026-10-16 08:17:25,FIREWALL,OT-JUMP-01,HIST-01,admin_katjiuongua,HTTPS_SESSION,TCP/443,ALLOW,Low,,Approved historian administration
EVT01458,2026-10-16 08:25:32,EDR,ENG-WS-01,SOC-SIEM-01,eng_kavita,PROCESS_START,Local,ALLOW,Low,,Signed engineering utility
EVT01459,2026-10-16 08:29:21,WINDOWS,OT-JUMP-01,IDP-01,admin_katjiuongua,AUTH_SUCCESS,Kerberos,ALLOW,Low,,Approved privileged access
EVT01460,2026-10-16 08:34:25,OT_IDS,HMI-01,PLC-SUB-01,system,MODBUS_READ,Modbus/TCP,ALLOW,Low,,Normal telemetry read
EVT01461,2026-10-16 08:44:00,OT_IDS,HMI-01,PLC-SUB-01,system,MODBUS_READ,Modbus/TCP,ALLOW,Low,,Normal telemetry read
EVT01462,2026-10-16 09:07:39,OT_IDS,HMI-01,PLC-SUB-01,system,MODBUS_READ,Modbus/TCP,ALLOW,Low,,Normal telemetry read
EVT01463,2026-10-16 09:13:35,HISTORIAN,HIST-01,HIST-REPLICA-01,system,REPLICATION,HTTPS,ALLOW,Low,,Scheduled historian replication
EVT01464,2026-10-16 09:21:34,DNS,DNS-01,SOC-SIEM-01,system,DNS_QUERY,UDP/53,ALLOW,Low,erp.egs.example,Normal name resolution
EVT01465,2026-10-16 09:30:52,WINDOWS,OT-JUMP-01,IDP-01,admin_katjiuongua,AUTH_SUCCESS,Kerberos,ALLOW,Low,,Approved privileged access
EVT01466,2026-10-16 09:48:53,WINDOWS,OT-JUMP-01,IDP-01,admin_katjiuongua,AUTH_SUCCESS,Kerberos,ALLOW,Low,,Approved privileged access
EVT01467,2026-10-16 09:55:58,FIREWALL,OT-JUMP-01,HIST-01,admin_katjiuongua,HTTPS_SESSION,TCP/443,ALLOW,Low,,Approved historian administration
EVT01468,2026-10-16 10:20:27,FIREWALL,OT-JUMP-01,HIST-01,admin_katjiuongua,HTTPS_SESSION,TCP/443,ALLOW,Low,,Approved historian administration
EVT01469,2026-10-16 10:36:29,WINDOWS,OT-JUMP-01,IDP-01,admin_katjiuongua,AUTH_SUCCESS,Kerberos,ALLOW,Low,,Approved privileged access
EVT01470,2026-10-16 10:36:51,OT_IDS,HMI-01,PLC-SUB-01,system,MODBUS_READ,Modbus/TCP,ALLOW,Low,,Normal telemetry read
EVT01471,2026-10-16 10:38:45,FIREWALL,OT-JUMP-01,HIST-01,admin_katjiuongua,HTTPS_SESSION,TCP/443,ALLOW,Low,,Approved historian administration
EVT01472,2026-10-16 10:41:26,WINDOWS,OT-JUMP-01,IDP-01,admin_katjiuongua,AUTH_SUCCESS,Kerberos,ALLOW,Low,,Approved privileged access
EVT01473,2026-10-16 10:45:18,VPN,VPN-GW-01,VENDOR-DMZ-01,vendor_maint,LOGIN_SUCCESS,TLS,ALLOW,Low,,Routine vendor session
EVT01474,2026-10-16 10:52:55,OT_IDS,HMI-01,PLC-SUB-01,system,MODBUS_READ,Modbus/TCP,ALLOW,Low,,Normal telemetry read
EVT01475,2026-10-16 11:00:59,OT_IDS,HMI-01,PLC-SUB-01,system,MODBUS_READ,Modbus/TCP,ALLOW,Low,,Normal telemetry read
EVT01476,2026-10-16 11:10:35,EDR,ENG-WS-01,SOC-SIEM-01,eng_kavita,PROCESS_START,Local,ALLOW,Low,,Signed engineering utility
EVT01477,2026-10-16 11:19:03,OT_IDS,HMI-01,PLC-SUB-01,system,MODBUS_READ,Modbus/TCP,ALLOW,Low,,Normal telemetry read
EVT01478,2026-10-16 11:25:23,DNS,DNS-01,SOC-SIEM-01,system,DNS_QUERY,UDP/53,ALLOW,Low,updates.microsoft.example,Normal name resolution
EVT01479,2026-10-16 11:31:28,VPN,VPN-GW-01,VENDOR-DMZ-01,vendor_maint,LOGIN_SUCCESS,TLS,ALLOW,Low,,Routine vendor session
EVT01480,2026-10-16 11:40:04,EDR,ENG-WS-01,SOC-SIEM-01,eng_kavita,PROCESS_START,Local,ALLOW,Low,,Signed engineering utility
EVT01481,2026-10-16 11:47:23,VPN,VPN-GW-01,VENDOR-DMZ-01,vendor_maint,LOGIN_SUCCESS,TLS,ALLOW,Low,,Routine vendor session
EVT01482,2026-10-16 11:49:28,EDR,ENG-WS-01,SOC-SIEM-01,eng_kavita,PROCESS_START,Local,ALLOW,Low,,Signed engineering utility
EVT01483,2026-10-16 12:00:05,DNS,DNS-01,SOC-SIEM-01,system,DNS_QUERY,UDP/53,ALLOW,Low,weather.example,Normal name resolution
EVT01484,2026-10-16 12:02:31,EDR,ENG-WS-01,SOC-SIEM-01,eng_kavita,PROCESS_START,Local,ALLOW,Low,,Signed engineering utility
EVT01485,2026-10-16 12:06:03,EDR,ENG-WS-01,SOC-SIEM-01,eng_kavita,PROCESS_START,Local,ALLOW,Low,,Signed engineering utility
EVT01486,2026-10-16 12:07:52,EDR,ENG-WS-01,SOC-SIEM-01,eng_kavita,PROCESS_START,Local,ALLOW,Low,,Signed engineering utility
EVT01487,2026-10-16 12:14:02,EDR,ENG-WS-01,SOC-SIEM-01,eng_kavita,PROCESS_START,Local,ALLOW,Low,,Signed engineering utility
EVT01488,2026-10-16 12:20:27,WINDOWS,OT-JUMP-01,IDP-01,admin_katjiuongua,AUTH_SUCCESS,Kerberos,ALLOW,Low,,Approved privileged access
EVT01489,2026-10-16 12:24:12,DNS,DNS-01,SOC-SIEM-01,system,DNS_QUERY,UDP/53,ALLOW,Low,erp.egs.example,Normal name resolution
EVT01490,2026-10-16 12:38:50,FIREWALL,OT-JUMP-01,HIST-01,admin_katjiuongua,HTTPS_SESSION,TCP/443,ALLOW,Low,,Approved historian administration
EVT01491,2026-10-16 12:46:05,DNS,DNS-01,SOC-SIEM-01,system,DNS_QUERY,UDP/53,ALLOW,Low,erp.egs.example,Normal name resolution
EVT01492,2026-10-16 12:50:09,HISTORIAN,HIST-01,HIST-REPLICA-01,system,REPLICATION,HTTPS,ALLOW,Low,,Scheduled historian replication
EVT01493,2026-10-16 13:04:28,VPN,VPN-GW-01,VENDOR-DMZ-01,vendor_maint,LOGIN_SUCCESS,TLS,ALLOW,Low,,Routine vendor session
EVT01494,2026-10-16 14:04:04,HISTORIAN,HIST-01,HIST-REPLICA-01,system,REPLICATION,HTTPS,ALLOW,Low,,Scheduled historian replication
EVT01495,2026-10-16 14:10:17,OT_IDS,HMI-01,PLC-SUB-01,system,MODBUS_READ,Modbus/TCP,ALLOW,Low,,Normal telemetry read
EVT01496,2026-10-16 14:15:40,FIREWALL,OT-JUMP-01,HIST-01,admin_katjiuongua,HTTPS_SESSION,TCP/443,ALLOW,Low,,Approved historian administration
EVT01497,2026-10-16 14:22:33,DNS,DNS-01,SOC-SIEM-01,system,DNS_QUERY,UDP/53,ALLOW,Low,erp.egs.example,Normal name resolution
EVT01498,2026-10-16 14:39:50,OT_IDS,HMI-01,PLC-SUB-01,system,MODBUS_READ,Modbus/TCP,ALLOW,Low,,Normal telemetry read
EVT01499,2026-10-16 14:52:59,OT_IDS,HMI-01,PLC-SUB-01,system,MODBUS_READ,Modbus/TCP,ALLOW,Low,,Normal telemetry read
EVT01500,2026-10-16 15:22:45,EDR,ENG-WS-01,SOC-SIEM-01,eng_kavita,PROCESS_START,Local,ALLOW,Low,,Signed engineering utility
EVT01501,2026-10-16 15:29:37,FIREWALL,OT-JUMP-01,HIST-01,admin_katjiuongua,HTTPS_SESSION,TCP/443,ALLOW,Low,,Approved historian administration
EVT01502,2026-10-16 15:42:27,WINDOWS,OT-JUMP-01,IDP-01,admin_katjiuongua,AUTH_SUCCESS,Kerberos,ALLOW,Low,,Approved privileged access
EVT01503,2026-10-16 16:32:18,FIREWALL,OT-JUMP-01,HIST-01,admin_katjiuongua,HTTPS_SESSION,TCP/443,ALLOW,Low,,Approved historian administration
EVT01504,2026-10-16 17:30:56,WINDOWS,OT-JUMP-01,IDP-01,admin_katjiuongua,AUTH_SUCCESS,Kerberos,ALLOW,Low,,Approved privileged access
EVT01505,2026-10-16 17:36:45,DNS,DNS-01,SOC-SIEM-01,system,DNS_QUERY,UDP/53,ALLOW,Low,erp.egs.example,Normal name resolution
EVT01506,2026-10-16 17:39:49,DNS,DNS-01,SOC-SIEM-01,system,DNS_QUERY,UDP/53,ALLOW,Low,updates.microsoft.example,Normal name resolution
EVT01507,2026-10-16 18:19:03,EDR,ENG-WS-01,SOC-SIEM-01,eng_kavita,PROCESS_START,Local,ALLOW,Low,,Signed engineering utility
EVT01508,2026-10-16 18:31:23,EDR,ENG-WS-01,SOC-SIEM-01,eng_kavita,PROCESS_START,Local,ALLOW,Low,,Signed engineering utility
EVT01509,2026-10-16 18:55:44,VPN,VPN-GW-01,VENDOR-DMZ-01,vendor_maint,LOGIN_SUCCESS,TLS,ALLOW,Low,,Routine vendor session
EVT01510,2026-10-16 22:52:50,WINDOWS,OT-JUMP-01,IDP-01,admin_katjiuongua,AUTH_SUCCESS,Kerberos,ALLOW,Low,,Approved privileged access
EVT01511,2026-10-17 00:40:50,OT_IDS,HMI-01,PLC-SUB-01,system,MODBUS_READ,Modbus/TCP,ALLOW,Low,,Normal telemetry read
EVT01512,2026-10-17 03:58:46,OT_IDS,HMI-01,PLC-SUB-01,system,MODBUS_READ,Modbus/TCP,ALLOW,Low,,Normal telemetry read
EVT01513,2026-10-17 03:59:03,HISTORIAN,HIST-01,HIST-REPLICA-01,system,REPLICATION,HTTPS,ALLOW,Low,,Scheduled historian replication
EVT01514,2026-10-17 05:00:36,HISTORIAN,HIST-01,HIST-REPLICA-01,system,REPLICATION,HTTPS,ALLOW,Low,,Scheduled historian replication
EVT01515,2026-10-17 05:19:57,FIREWALL,OT-JUMP-01,HIST-01,admin_katjiuongua,HTTPS_SESSION,TCP/443,ALLOW,Low,,Approved historian administration
EVT01516,2026-10-17 05:34:38,VPN,VPN-GW-01,VENDOR-DMZ-01,vendor_maint,LOGIN_SUCCESS,TLS,ALLOW,Low,,Routine vendor session
EVT01517,2026-10-17 05:48:43,FIREWALL,OT-JUMP-01,HIST-01,admin_katjiuongua,HTTPS_SESSION,TCP/443,ALLOW,Low,,Approved historian administration
EVT01518,2026-10-17 06:22:29,HISTORIAN,HIST-01,HIST-REPLICA-01,system,REPLICATION,HTTPS,ALLOW,Low,,Scheduled historian replication
EVT01519,2026-10-17 06:43:26,HISTORIAN,HIST-01,HIST-REPLICA-01,system,REPLICATION,HTTPS,ALLOW,Low,,Scheduled historian replication
EVT01520,2026-10-17 06:50:45,WINDOWS,OT-JUMP-01,IDP-01,admin_katjiuongua,AUTH_SUCCESS,Kerberos,ALLOW,Low,,Approved privileged access
EVT01521,2026-10-17 06:54:35,WINDOWS,OT-JUMP-01,IDP-01,admin_katjiuongua,AUTH_SUCCESS,Kerberos,ALLOW,Low,,Approved privileged access
EVT01522,2026-10-17 07:06:05,FIREWALL,OT-JUMP-01,HIST-01,admin_katjiuongua,HTTPS_SESSION,TCP/443,ALLOW,Low,,Approved historian administration
EVT01523,2026-10-17 07:23:38,FIREWALL,OT-JUMP-01,HIST-01,admin_katjiuongua,HTTPS_SESSION,TCP/443,ALLOW,Low,,Approved historian administration
EVT01524,2026-10-17 07:33:50,FIREWALL,OT-JUMP-01,HIST-01,admin_katjiuongua,HTTPS_SESSION,TCP/443,ALLOW,Low,,Approved historian administration
EVT01525,2026-10-17 07:35:51,HISTORIAN,HIST-01,HIST-REPLICA-01,system,REPLICATION,HTTPS,ALLOW,Low,,Scheduled historian replication
EVT01526,2026-10-17 08:00:26,FIREWALL,OT-JUMP-01,HIST-01,admin_katjiuongua,HTTPS_SESSION,TCP/443,ALLOW,Low,,Approved historian administration
EVT01527,2026-10-17 08:16:17,EDR,ENG-WS-01,SOC-SIEM-01,eng_kavita,PROCESS_START,Local,ALLOW,Low,,Signed engineering utility
EVT01528,2026-10-17 08:24:59,DNS,DNS-01,SOC-SIEM-01,system,DNS_QUERY,UDP/53,ALLOW,Low,weather.example,Normal name resolution
EVT01529,2026-10-17 08:40:23,WINDOWS,OT-JUMP-01,IDP-01,admin_katjiuongua,AUTH_SUCCESS,Kerberos,ALLOW,Low,,Approved privileged access
EVT01530,2026-10-17 08:45:40,VPN,VPN-GW-01,VENDOR-DMZ-01,vendor_maint,LOGIN_SUCCESS,TLS,ALLOW,Low,,Routine vendor session
EVT01531,2026-10-17 08:51:42,VPN,VPN-GW-01,VENDOR-DMZ-01,vendor_maint,LOGIN_SUCCESS,TLS,ALLOW,Low,,Routine vendor session
EVT01532,2026-10-17 08:57:22,EDR,ENG-WS-01,SOC-SIEM-01,eng_kavita,PROCESS_START,Local,ALLOW,Low,,Signed engineering utility
EVT01533,2026-10-17 08:59:16,EDR,ENG-WS-01,SOC-SIEM-01,eng_kavita,PROCESS_START,Local,ALLOW,Low,,Signed engineering utility
EVT01534,2026-10-17 08:59:32,WINDOWS,OT-JUMP-01,IDP-01,admin_katjiuongua,AUTH_SUCCESS,Kerberos,ALLOW,Low,,Approved privileged access
EVT01535,2026-10-17 09:06:05,OT_IDS,HMI-01,PLC-SUB-01,system,MODBUS_READ,Modbus/TCP,ALLOW,Low,,Normal telemetry read
EVT01536,2026-10-17 09:12:43,OT_IDS,HMI-01,PLC-SUB-01,system,MODBUS_READ,Modbus/TCP,ALLOW,Low,,Normal telemetry read
EVT01537,2026-10-17 09:19:15,VPN,VPN-GW-01,VENDOR-DMZ-01,vendor_maint,LOGIN_SUCCESS,TLS,ALLOW,Low,,Routine vendor session
EVT01538,2026-10-17 09:24:20,WINDOWS,OT-JUMP-01,IDP-01,admin_katjiuongua,AUTH_SUCCESS,Kerberos,ALLOW,Low,,Approved privileged access
EVT01539,2026-10-17 09:43:38,VPN,VPN-GW-01,VENDOR-DMZ-01,vendor_maint,LOGIN_SUCCESS,TLS,ALLOW,Low,,Routine vendor session
EVT01540,2026-10-17 09:49:37,WINDOWS,OT-JUMP-01,IDP-01,admin_katjiuongua,AUTH_SUCCESS,Kerberos,ALLOW,Low,,Approved privileged access
EVT01541,2026-10-17 10:07:21,DNS,DNS-01,SOC-SIEM-01,system,DNS_QUERY,UDP/53,ALLOW,Low,updates.microsoft.example,Normal name resolution
EVT01542,2026-10-17 10:09:10,HISTORIAN,HIST-01,HIST-REPLICA-01,system,REPLICATION,HTTPS,ALLOW,Low,,Scheduled historian replication
EVT01543,2026-10-17 10:36:19,HISTORIAN,HIST-01,HIST-REPLICA-01,system,REPLICATION,HTTPS,ALLOW,Low,,Scheduled historian replication
EVT01544,2026-10-17 11:01:09,OT_IDS,HMI-01,PLC-SUB-01,system,MODBUS_READ,Modbus/TCP,ALLOW,Low,,Normal telemetry read
EVT01545,2026-10-17 11:18:03,OT_IDS,HMI-01,PLC-SUB-01,system,MODBUS_READ,Modbus/TCP,ALLOW,Low,,Normal telemetry read
EVT01546,2026-10-17 11:31:03,DNS,DNS-01,SOC-SIEM-01,system,DNS_QUERY,UDP/53,ALLOW,Low,ntp.pool.example,Normal name resolution
EVT01547,2026-10-17 11:32:41,WINDOWS,OT-JUMP-01,IDP-01,admin_katjiuongua,AUTH_SUCCESS,Kerberos,ALLOW,Low,,Approved privileged access
EVT01548,2026-10-17 11:38:18,WINDOWS,OT-JUMP-01,IDP-01,admin_katjiuongua,AUTH_SUCCESS,Kerberos,ALLOW,Low,,Approved privileged access
EVT01549,2026-10-17 11:48:34,DNS,DNS-01,SOC-SIEM-01,system,DNS_QUERY,UDP/53,ALLOW,Low,updates.microsoft.example,Normal name resolution
EVT01550,2026-10-17 11:53:54,DNS,DNS-01,SOC-SIEM-01,system,DNS_QUERY,UDP/53,ALLOW,Low,updates.microsoft.example,Normal name resolution
EVT01551,2026-10-17 12:03:49,HISTORIAN,HIST-01,HIST-REPLICA-01,system,REPLICATION,HTTPS,ALLOW,Low,,Scheduled historian replication
EVT01552,2026-10-17 12:12:06,EDR,ENG-WS-01,SOC-SIEM-01,eng_kavita,PROCESS_START,Local,ALLOW,Low,,Signed engineering utility
EVT01553,2026-10-17 12:14:54,EDR,ENG-WS-01,SOC-SIEM-01,eng_kavita,PROCESS_START,Local,ALLOW,Low,,Signed engineering utility
EVT01554,2026-10-17 12:34:55,FIREWALL,OT-JUMP-01,HIST-01,admin_katjiuongua,HTTPS_SESSION,TCP/443,ALLOW,Low,,Approved historian administration
EVT01555,2026-10-17 12:39:16,DNS,DNS-01,SOC-SIEM-01,system,DNS_QUERY,UDP/53,ALLOW,Low,ntp.pool.example,Normal name resolution
EVT01556,2026-10-17 13:05:15,HISTORIAN,HIST-01,HIST-REPLICA-01,system,REPLICATION,HTTPS,ALLOW,Low,,Scheduled historian replication
EVT01557,2026-10-17 13:14:33,EDR,ENG-WS-01,SOC-SIEM-01,eng_kavita,PROCESS_START,Local,ALLOW,Low,,Signed engineering utility
EVT01558,2026-10-17 13:19:04,WINDOWS,OT-JUMP-01,IDP-01,admin_katjiuongua,AUTH_SUCCESS,Kerberos,ALLOW,Low,,Approved privileged access
EVT01559,2026-10-17 13:31:50,OT_IDS,HMI-01,PLC-SUB-01,system,MODBUS_READ,Modbus/TCP,ALLOW,Low,,Normal telemetry read
EVT01560,2026-10-17 14:18:29,DNS,DNS-01,SOC-SIEM-01,system,DNS_QUERY,UDP/53,ALLOW,Low,ntp.pool.example,Normal name resolution
EVT01561,2026-10-17 14:22:44,OT_IDS,HMI-01,PLC-SUB-01,system,MODBUS_READ,Modbus/TCP,ALLOW,Low,,Normal telemetry read
EVT01562,2026-10-17 14:35:13,EDR,ENG-WS-01,SOC-SIEM-01,eng_kavita,PROCESS_START,Local,ALLOW,Low,,Signed engineering utility
EVT01563,2026-10-17 14:53:26,FIREWALL,OT-JUMP-01,HIST-01,admin_katjiuongua,HTTPS_SESSION,TCP/443,ALLOW,Low,,Approved historian administration
EVT01564,2026-10-17 16:05:40,VPN,VPN-GW-01,VENDOR-DMZ-01,vendor_maint,LOGIN_SUCCESS,TLS,ALLOW,Low,,Routine vendor session
EVT01565,2026-10-17 16:24:20,VPN,VPN-GW-01,VENDOR-DMZ-01,vendor_maint,LOGIN_SUCCESS,TLS,ALLOW,Low,,Routine vendor session
EVT01566,2026-10-17 16:38:37,WINDOWS,OT-JUMP-01,IDP-01,admin_katjiuongua,AUTH_SUCCESS,Kerberos,ALLOW,Low,,Approved privileged access
EVT01567,2026-10-17 16:43:34,FIREWALL,OT-JUMP-01,HIST-01,admin_katjiuongua,HTTPS_SESSION,TCP/443,ALLOW,Low,,Approved historian administration
EVT01568,2026-10-17 17:31:57,OT_IDS,HMI-01,PLC-SUB-01,system,MODBUS_READ,Modbus/TCP,ALLOW,Low,,Normal telemetry read
EVT01569,2026-10-17 17:37:29,OT_IDS,HMI-01,PLC-SUB-01,system,MODBUS_READ,Modbus/TCP,ALLOW,Low,,Normal telemetry read
EVT01570,2026-10-17 17:43:56,OT_IDS,HMI-01,PLC-SUB-01,system,MODBUS_READ,Modbus/TCP,ALLOW,Low,,Normal telemetry read
EVT01571,2026-10-17 17:50:23,HISTORIAN,HIST-01,HIST-REPLICA-01,system,REPLICATION,HTTPS,ALLOW,Low,,Scheduled historian replication
EVT01572,2026-10-17 18:20:37,VPN,VPN-GW-01,VENDOR-DMZ-01,vendor_maint,LOGIN_SUCCESS,TLS,ALLOW,Low,,Routine vendor session
EVT01573,2026-10-17 18:53:45,OT_IDS,HMI-01,PLC-SUB-01,system,MODBUS_READ,Modbus/TCP,ALLOW,Low,,Normal telemetry read
EVT01574,2026-10-17 19:42:10,VPN,VPN-GW-01,VENDOR-DMZ-01,vendor_maint,LOGIN_FAILURE,TLS,DENY,Medium,203.0.113.77,New external source; MFA rejected
EVT01575,2026-10-17 19:42:46,VPN,VPN-GW-01,VENDOR-DMZ-01,vendor_maint,LOGIN_FAILURE,TLS,DENY,Medium,203.0.113.77,Repeated authentication failure
EVT01576,2026-10-17 19:43:18,VPN,VPN-GW-01,VENDOR-DMZ-01,vendor_maint,LOGIN_SUCCESS,TLS,ALLOW,High,203.0.113.77,Successful login from new device after MFA approval
EVT01577,2026-10-17 19:47:03,EDR,VENDOR-LT-07,SOC-SIEM-01,vendor_maint,PROCESS_START,Local,ALLOW,High,sandstorm-loader.bin,Unsigned remote support binary launched PowerShell
EVT01578,2026-10-17 19:49:12,DNS,VENDOR-LT-07,DNS-01,vendor_maint,DNS_QUERY,UDP/53,ALLOW,High,desert-sync.example,High-entropy subdomain with 60-second periodicity
EVT01579,2026-10-17 19:51:40,FIREWALL,VENDOR-LT-07,VENDOR-DMZ-01,vendor_maint,RDP_SESSION,TCP/3389,ALLOW,Medium,203.0.113.77,Remote desktop session through vendor path
EVT01580,2026-10-17 20:03:15,WINDOWS,VENDOR-DMZ-01,OT-JUMP-01,vendor_maint,AUTH_SUCCESS,Kerberos,ALLOW,High,vendor_maint,Vendor account authenticated to OT jump outside approved window
EVT01581,2026-10-17 20:06:08,EDR,OT-JUMP-01,SOC-SIEM-01,vendor_maint,CREDENTIAL_ACCESS,Local,BLOCK,Critical,procdump-lsass,Credential-dumping attempt blocked by EDR
EVT01582,2026-10-17 20:08:31,FIREWALL,OT-JUMP-01,ENG-WS-01,vendor_maint,RDP_SESSION,TCP/3389,ALLOW,High,10.60.10.11,Unexpected engineering workstation access
EVT01583,2026-10-17 20:11:09,OT_IDS,ENG-WS-01,10.60.40.0/24,vendor_maint,NETWORK_SCAN,TCP,ALERT,High,Modbus/502,Sequential scan of PLC subnet
EVT01584,2026-10-17 20:14:25,HISTORIAN,ENG-WS-01,HIST-01,vendor_maint,TAG_ENUMERATION,HTTPS,ALLOW,High,grid_frequency;breaker_state,Bulk historian tag enumeration
EVT01585,2026-10-17 20:16:42,OT_IDS,ENG-WS-01,PLC-SUB-01,vendor_maint,MODBUS_DEVICE_ID,Modbus/TCP,BLOCK,Critical,Function 43,Unauthorised device-identification query blocked
EVT01586,2026-10-17 20:18:02,OT_IDS,ENG-WS-01,PLC-SUB-01,vendor_maint,MODBUS_WRITE_ATTEMPT,Modbus/TCP,BLOCK,Critical,Function 16,Attempted register write blocked by OT firewall
EVT01587,2026-10-17 20:19:44,DNS,OT-JUMP-01,DNS-01,vendor_maint,DNS_QUERY,UDP/53,ALLOW,High,desert-sync.example,Beacon domain queried from OT jump
EVT01588,2026-10-17 20:24:10,FIREWALL,OT-JUMP-01,198.51.100.44,vendor_maint,OUTBOUND_SESSION,TCP/443,BLOCK,Critical,198.51.100.44,Outbound connection blocked by OT egress policy
EVT01589,2026-10-17 20:28:03,EDR,OT-JUMP-01,SOC-SIEM-01,soc_ndapewa,HOST_ISOLATION,Local,BLOCK,Critical,OT-JUMP-01,SOC isolated OT jump host
EVT01590,2026-10-17 20:31:58,VPN,VPN-GW-01,VENDOR-DMZ-01,soc_ndapewa,SESSION_TERMINATED,TLS,BLOCK,High,vendor_maint,Vendor VPN session terminated
EVT01591,2026-10-17 21:23:14,FIREWALL,OT-JUMP-01,HIST-01,admin_katjiuongua,HTTPS_SESSION,TCP/443,ALLOW,Low,,Approved historian administration
EVT01592,2026-10-18 01:18:41,HISTORIAN,HIST-01,HIST-REPLICA-01,system,REPLICATION,HTTPS,ALLOW,Low,,Scheduled historian replication
EVT01593,2026-10-18 02:14:38,FIREWALL,OT-JUMP-01,HIST-01,admin_katjiuongua,HTTPS_SESSION,TCP/443,ALLOW,Low,,Approved historian administration
EVT01594,2026-10-18 03:53:54,EDR,ENG-WS-01,SOC-SIEM-01,eng_kavita,PROCESS_START,Local,ALLOW,Low,,Signed engineering utility
EVT01595,2026-10-18 05:04:00,DNS,DNS-01,SOC-SIEM-01,system,DNS_QUERY,UDP/53,ALLOW,Low,erp.egs.example,Normal name resolution
EVT01596,2026-10-18 06:04:59,EDR,ENG-WS-01,SOC-SIEM-01,eng_kavita,PROCESS_START,Local,ALLOW,Low,,Signed engineering utility
EVT01597,2026-10-18 06:10:51,EDR,ENG-WS-01,SOC-SIEM-01,eng_kavita,PROCESS_START,Local,ALLOW,Low,,Signed engineering utility
EVT01598,2026-10-18 07:27:08,DNS,DNS-01,SOC-SIEM-01,system,DNS_QUERY,UDP/53,ALLOW,Low,updates.microsoft.example,Normal name resolution
EVT01599,2026-10-18 07:46:03,WINDOWS,OT-JUMP-01,IDP-01,admin_katjiuongua,AUTH_SUCCESS,Kerberos,ALLOW,Low,,Approved privileged access
EVT01600,2026-10-18 08:19:53,OT_IDS,HMI-01,PLC-SUB-01,system,MODBUS_READ,Modbus/TCP,ALLOW,Low,,Normal telemetry read
EVT01601,2026-10-18 08:19:54,VPN,VPN-GW-01,VENDOR-DMZ-01,vendor_maint,LOGIN_SUCCESS,TLS,ALLOW,Low,,Routine vendor session
EVT01602,2026-10-18 08:30:59,HISTORIAN,HIST-01,HIST-REPLICA-01,system,REPLICATION,HTTPS,ALLOW,Low,,Scheduled historian replication
EVT01603,2026-10-18 08:58:29,EDR,ENG-WS-01,SOC-SIEM-01,eng_kavita,PROCESS_START,Local,ALLOW,Low,,Signed engineering utility
EVT01604,2026-10-18 08:58:33,FIREWALL,OT-JUMP-01,HIST-01,admin_katjiuongua,HTTPS_SESSION,TCP/443,ALLOW,Low,,Approved historian administration
EVT01605,2026-10-18 09:03:38,WINDOWS,OT-JUMP-01,IDP-01,admin_katjiuongua,AUTH_SUCCESS,Kerberos,ALLOW,Low,,Approved privileged access
EVT01606,2026-10-18 09:04:53,OT_IDS,HMI-01,PLC-SUB-01,system,MODBUS_READ,Modbus/TCP,ALLOW,Low,,Normal telemetry read
EVT01607,2026-10-18 09:08:59,EDR,ENG-WS-01,SOC-SIEM-01,eng_kavita,PROCESS_START,Local,ALLOW,Low,,Signed engineering utility
EVT01608,2026-10-18 09:20:35,WINDOWS,OT-JUMP-01,IDP-01,admin_katjiuongua,AUTH_SUCCESS,Kerberos,ALLOW,Low,,Approved privileged access
EVT01609,2026-10-18 09:40:09,DNS,DNS-01,SOC-SIEM-01,system,DNS_QUERY,UDP/53,ALLOW,Low,erp.egs.example,Normal name resolution
EVT01610,2026-10-18 09:56:10,WINDOWS,OT-JUMP-01,IDP-01,admin_katjiuongua,AUTH_SUCCESS,Kerberos,ALLOW,Low,,Approved privileged access
EVT01611,2026-10-18 10:00:58,EDR,ENG-WS-01,SOC-SIEM-01,eng_kavita,PROCESS_START,Local,ALLOW,Low,,Signed engineering utility
EVT01612,2026-10-18 10:03:06,WINDOWS,OT-JUMP-01,IDP-01,admin_katjiuongua,AUTH_SUCCESS,Kerberos,ALLOW,Low,,Approved privileged access
EVT01613,2026-10-18 10:06:55,DNS,DNS-01,SOC-SIEM-01,system,DNS_QUERY,UDP/53,ALLOW,Low,updates.microsoft.example,Normal name resolution
EVT01614,2026-10-18 10:20:29,EDR,ENG-WS-01,SOC-SIEM-01,eng_kavita,PROCESS_START,Local,ALLOW,Low,,Signed engineering utility
EVT01615,2026-10-18 10:37:29,VPN,VPN-GW-01,VENDOR-DMZ-01,vendor_maint,LOGIN_SUCCESS,TLS,ALLOW,Low,,Routine vendor session
EVT01616,2026-10-18 10:44:33,DNS,DNS-01,SOC-SIEM-01,system,DNS_QUERY,UDP/53,ALLOW,Low,ntp.pool.example,Normal name resolution
EVT01617,2026-10-18 10:52:52,HISTORIAN,HIST-01,HIST-REPLICA-01,system,REPLICATION,HTTPS,ALLOW,Low,,Scheduled historian replication
EVT01618,2026-10-18 10:59:31,EDR,ENG-WS-01,SOC-SIEM-01,eng_kavita,PROCESS_START,Local,ALLOW,Low,,Signed engineering utility
EVT01619,2026-10-18 11:07:26,DNS,DNS-01,SOC-SIEM-01,system,DNS_QUERY,UDP/53,ALLOW,Low,updates.microsoft.example,Normal name resolution
EVT01620,2026-10-18 11:08:46,OT_IDS,HMI-01,PLC-SUB-01,system,MODBUS_READ,Modbus/TCP,ALLOW,Low,,Normal telemetry read
EVT01621,2026-10-18 11:15:57,WINDOWS,OT-JUMP-01,IDP-01,admin_katjiuongua,AUTH_SUCCESS,Kerberos,ALLOW,Low,,Approved privileged access
EVT01622,2026-10-18 11:17:33,EDR,ENG-WS-01,SOC-SIEM-01,eng_kavita,PROCESS_START,Local,ALLOW,Low,,Signed engineering utility
EVT01623,2026-10-18 11:30:08,EDR,ENG-WS-01,SOC-SIEM-01,eng_kavita,PROCESS_START,Local,ALLOW,Low,,Signed engineering utility
EVT01624,2026-10-18 11:49:38,VPN,VPN-GW-01,VENDOR-DMZ-01,vendor_maint,LOGIN_SUCCESS,TLS,ALLOW,Low,,Routine vendor session
EVT01625,2026-10-18 11:54:48,FIREWALL,OT-JUMP-01,HIST-01,admin_katjiuongua,HTTPS_SESSION,TCP/443,ALLOW,Low,,Approved historian administration
EVT01626,2026-10-18 12:00:12,DNS,DNS-01,SOC-SIEM-01,system,DNS_QUERY,UDP/53,ALLOW,Low,weather.example,Normal name resolution
EVT01627,2026-10-18 12:13:36,FIREWALL,OT-JUMP-01,HIST-01,admin_katjiuongua,HTTPS_SESSION,TCP/443,ALLOW,Low,,Approved historian administration
EVT01628,2026-10-18 12:15:43,DNS,DNS-01,SOC-SIEM-01,system,DNS_QUERY,UDP/53,ALLOW,Low,updates.microsoft.example,Normal name resolution
EVT01629,2026-10-18 12:20:04,WINDOWS,OT-JUMP-01,IDP-01,admin_katjiuongua,AUTH_SUCCESS,Kerberos,ALLOW,Low,,Approved privileged access
EVT01630,2026-10-18 13:21:38,EDR,ENG-WS-01,SOC-SIEM-01,eng_kavita,PROCESS_START,Local,ALLOW,Low,,Signed engineering utility
EVT01631,2026-10-18 13:30:22,FIREWALL,OT-JUMP-01,HIST-01,admin_katjiuongua,HTTPS_SESSION,TCP/443,ALLOW,Low,,Approved historian administration
EVT01632,2026-10-18 13:58:14,WINDOWS,OT-JUMP-01,IDP-01,admin_katjiuongua,AUTH_SUCCESS,Kerberos,ALLOW,Low,,Approved privileged access
EVT01633,2026-10-18 14:01:34,WINDOWS,OT-JUMP-01,IDP-01,admin_katjiuongua,AUTH_SUCCESS,Kerberos,ALLOW,Low,,Approved privileged access
EVT01634,2026-10-18 14:15:49,WINDOWS,OT-JUMP-01,IDP-01,admin_katjiuongua,AUTH_SUCCESS,Kerberos,ALLOW,Low,,Approved privileged access
EVT01635,2026-10-18 14:17:02,WINDOWS,OT-JUMP-01,IDP-01,admin_katjiuongua,AUTH_SUCCESS,Kerberos,ALLOW,Low,,Approved privileged access
EVT01636,2026-10-18 14:44:07,FIREWALL,OT-JUMP-01,HIST-01,admin_katjiuongua,HTTPS_SESSION,TCP/443,ALLOW,Low,,Approved historian administration
EVT01637,2026-10-18 14:49:01,VPN,VPN-GW-01,VENDOR-DMZ-01,vendor_maint,LOGIN_SUCCESS,TLS,ALLOW,Low,,Routine vendor session
EVT01638,2026-10-18 14:52:30,WINDOWS,OT-JUMP-01,IDP-01,admin_katjiuongua,AUTH_SUCCESS,Kerberos,ALLOW,Low,,Approved privileged access
EVT01639,2026-10-18 14:59:03,VPN,VPN-GW-01,VENDOR-DMZ-01,vendor_maint,LOGIN_SUCCESS,TLS,ALLOW,Low,,Routine vendor session
EVT01640,2026-10-18 15:00:45,WINDOWS,OT-JUMP-01,IDP-01,admin_katjiuongua,AUTH_SUCCESS,Kerberos,ALLOW,Low,,Approved privileged access
EVT01641,2026-10-18 15:21:45,VPN,VPN-GW-01,VENDOR-DMZ-01,vendor_maint,LOGIN_SUCCESS,TLS,ALLOW,Low,,Routine vendor session
EVT01642,2026-10-18 15:41:49,EDR,ENG-WS-01,SOC-SIEM-01,eng_kavita,PROCESS_START,Local,ALLOW,Low,,Signed engineering utility
EVT01643,2026-10-18 15:52:46,DNS,DNS-01,SOC-SIEM-01,system,DNS_QUERY,UDP/53,ALLOW,Low,ntp.pool.example,Normal name resolution
EVT01644,2026-10-18 15:56:19,HISTORIAN,HIST-01,HIST-REPLICA-01,system,REPLICATION,HTTPS,ALLOW,Low,,Scheduled historian replication
EVT01645,2026-10-18 16:08:34,OT_IDS,HMI-01,PLC-SUB-01,system,MODBUS_READ,Modbus/TCP,ALLOW,Low,,Normal telemetry read
EVT01646,2026-10-18 16:46:59,DNS,DNS-01,SOC-SIEM-01,system,DNS_QUERY,UDP/53,ALLOW,Low,ntp.pool.example,Normal name resolution
EVT01647,2026-10-18 17:37:46,VPN,VPN-GW-01,VENDOR-DMZ-01,vendor_maint,LOGIN_SUCCESS,TLS,ALLOW,Low,,Routine vendor session
EVT01648,2026-10-18 18:00:53,OT_IDS,HMI-01,PLC-SUB-01,system,MODBUS_READ,Modbus/TCP,ALLOW,Low,,Normal telemetry read
EVT01649,2026-10-18 18:31:41,OT_IDS,HMI-01,PLC-SUB-01,system,MODBUS_READ,Modbus/TCP,ALLOW,Low,,Normal telemetry read
EVT01650,2026-10-18 18:38:06,HISTORIAN,HIST-01,HIST-REPLICA-01,system,REPLICATION,HTTPS,ALLOW,Low,,Scheduled historian replication
EVT01651,2026-10-18 20:02:21,DNS,DNS-01,SOC-SIEM-01,system,DNS_QUERY,UDP/53,ALLOW,Low,weather.example,Normal name resolution
EVT01652,2026-10-18 21:05:24,VPN,VPN-GW-01,VENDOR-DMZ-01,vendor_maint,LOGIN_SUCCESS,TLS,ALLOW,Low,,Routine vendor session
EVT01653,2026-10-19 01:10:19,VPN,VPN-GW-01,VENDOR-DMZ-01,vendor_maint,LOGIN_SUCCESS,TLS,ALLOW,Low,,Routine vendor session
EVT01654,2026-10-19 02:05:42,EDR,ENG-WS-01,SOC-SIEM-01,eng_kavita,PROCESS_START,Local,ALLOW,Low,,Signed engineering utility
EVT01655,2026-10-19 03:37:34,WINDOWS,OT-JUMP-01,IDP-01,admin_katjiuongua,AUTH_SUCCESS,Kerberos,ALLOW,Low,,Approved privileged access
EVT01656,2026-10-19 04:32:55,HISTORIAN,HIST-01,HIST-REPLICA-01,system,REPLICATION,HTTPS,ALLOW,Low,,Scheduled historian replication
EVT01657,2026-10-19 04:47:11,OT_IDS,HMI-01,PLC-SUB-01,system,MODBUS_READ,Modbus/TCP,ALLOW,Low,,Normal telemetry read
EVT01658,2026-10-19 05:00:48,VPN,VPN-GW-01,VENDOR-DMZ-01,vendor_maint,LOGIN_SUCCESS,TLS,ALLOW,Low,,Routine vendor session
EVT01659,2026-10-19 05:13:35,OT_IDS,HMI-01,PLC-SUB-01,system,MODBUS_READ,Modbus/TCP,ALLOW,Low,,Normal telemetry read
EVT01660,2026-10-19 05:19:55,HISTORIAN,HIST-01,HIST-REPLICA-01,system,REPLICATION,HTTPS,ALLOW,Low,,Scheduled historian replication
EVT01661,2026-10-19 05:39:17,EDR,ENG-WS-01,SOC-SIEM-01,eng_kavita,PROCESS_START,Local,ALLOW,Low,,Signed engineering utility
EVT01662,2026-10-19 05:44:55,DNS,DNS-01,SOC-SIEM-01,system,DNS_QUERY,UDP/53,ALLOW,Low,weather.example,Normal name resolution
EVT01663,2026-10-19 06:19:13,VPN,VPN-GW-01,VENDOR-DMZ-01,vendor_maint,LOGIN_SUCCESS,TLS,ALLOW,Low,,Routine vendor session
EVT01664,2026-10-19 06:44:09,HISTORIAN,HIST-01,HIST-REPLICA-01,system,REPLICATION,HTTPS,ALLOW,Low,,Scheduled historian replication
EVT01665,2026-10-19 06:45:16,EDR,ENG-WS-01,SOC-SIEM-01,eng_kavita,PROCESS_START,Local,ALLOW,Low,,Signed engineering utility
EVT01666,2026-10-19 07:00:08,HISTORIAN,HIST-01,HIST-REPLICA-01,system,REPLICATION,HTTPS,ALLOW,Low,,Scheduled historian replication
EVT01667,2026-10-19 07:15:25,WINDOWS,OT-JUMP-01,IDP-01,admin_katjiuongua,AUTH_SUCCESS,Kerberos,ALLOW,Low,,Approved privileged access
EVT01668,2026-10-19 07:34:11,DNS,DNS-01,SOC-SIEM-01,system,DNS_QUERY,UDP/53,ALLOW,Low,ntp.pool.example,Normal name resolution
EVT01669,2026-10-19 07:55:35,FIREWALL,OT-JUMP-01,HIST-01,admin_katjiuongua,HTTPS_SESSION,TCP/443,ALLOW,Low,,Approved historian administration
EVT01670,2026-10-19 08:19:40,DNS,DNS-01,SOC-SIEM-01,system,DNS_QUERY,UDP/53,ALLOW,Low,updates.microsoft.example,Normal name resolution
EVT01671,2026-10-19 08:29:10,DNS,DNS-01,SOC-SIEM-01,system,DNS_QUERY,UDP/53,ALLOW,Low,erp.egs.example,Normal name resolution
EVT01672,2026-10-19 08:34:47,FIREWALL,OT-JUMP-01,HIST-01,admin_katjiuongua,HTTPS_SESSION,TCP/443,ALLOW,Low,,Approved historian administration
EVT01673,2026-10-19 08:37:44,WINDOWS,OT-JUMP-01,IDP-01,admin_katjiuongua,AUTH_SUCCESS,Kerberos,ALLOW,Low,,Approved privileged access
EVT01674,2026-10-19 08:38:51,VPN,VPN-GW-01,VENDOR-DMZ-01,vendor_maint,LOGIN_SUCCESS,TLS,ALLOW,Low,,Routine vendor session
EVT01675,2026-10-19 08:41:01,DNS,DNS-01,SOC-SIEM-01,system,DNS_QUERY,UDP/53,ALLOW,Low,ntp.pool.example,Normal name resolution
EVT01676,2026-10-19 09:31:18,HISTORIAN,HIST-01,HIST-REPLICA-01,system,REPLICATION,HTTPS,ALLOW,Low,,Scheduled historian replication
EVT01677,2026-10-19 09:36:03,DNS,DNS-01,SOC-SIEM-01,system,DNS_QUERY,UDP/53,ALLOW,Low,updates.microsoft.example,Normal name resolution
EVT01678,2026-10-19 09:38:01,VPN,VPN-GW-01,VENDOR-DMZ-01,vendor_maint,LOGIN_SUCCESS,TLS,ALLOW,Low,,Routine vendor session
EVT01679,2026-10-19 10:12:00,VPN,VPN-GW-01,VENDOR-DMZ-01,vendor_maint,LOGIN_SUCCESS,TLS,ALLOW,Low,,Routine vendor session
EVT01680,2026-10-19 10:21:38,OT_IDS,HMI-01,PLC-SUB-01,system,MODBUS_READ,Modbus/TCP,ALLOW,Low,,Normal telemetry read
EVT01681,2026-10-19 10:28:38,HISTORIAN,HIST-01,HIST-REPLICA-01,system,REPLICATION,HTTPS,ALLOW,Low,,Scheduled historian replication
EVT01682,2026-10-19 10:30:44,FIREWALL,OT-JUMP-01,HIST-01,admin_katjiuongua,HTTPS_SESSION,TCP/443,ALLOW,Low,,Approved historian administration
EVT01683,2026-10-19 10:31:03,OT_IDS,HMI-01,PLC-SUB-01,system,MODBUS_READ,Modbus/TCP,ALLOW,Low,,Normal telemetry read
EVT01684,2026-10-19 10:58:12,HISTORIAN,HIST-01,HIST-REPLICA-01,system,REPLICATION,HTTPS,ALLOW,Low,,Scheduled historian replication
EVT01685,2026-10-19 11:04:09,OT_IDS,HMI-01,PLC-SUB-01,system,MODBUS_READ,Modbus/TCP,ALLOW,Low,,Normal telemetry read
EVT01686,2026-10-19 11:07:51,DNS,DNS-01,SOC-SIEM-01,system,DNS_QUERY,UDP/53,ALLOW,Low,weather.example,Normal name resolution
EVT01687,2026-10-19 11:11:12,HISTORIAN,HIST-01,HIST-REPLICA-01,system,REPLICATION,HTTPS,ALLOW,Low,,Scheduled historian replication
EVT01688,2026-10-19 11:17:03,DNS,DNS-01,SOC-SIEM-01,system,DNS_QUERY,UDP/53,ALLOW,Low,updates.microsoft.example,Normal name resolution
EVT01689,2026-10-19 11:23:31,WINDOWS,OT-JUMP-01,IDP-01,admin_katjiuongua,AUTH_SUCCESS,Kerberos,ALLOW,Low,,Approved privileged access
EVT01690,2026-10-19 11:32:21,HISTORIAN,HIST-01,HIST-REPLICA-01,system,REPLICATION,HTTPS,ALLOW,Low,,Scheduled historian replication
EVT01691,2026-10-19 12:00:06,FIREWALL,OT-JUMP-01,HIST-01,admin_katjiuongua,HTTPS_SESSION,TCP/443,ALLOW,Low,,Approved historian administration
EVT01692,2026-10-19 12:04:24,DNS,DNS-01,SOC-SIEM-01,system,DNS_QUERY,UDP/53,ALLOW,Low,weather.example,Normal name resolution
EVT01693,2026-10-19 12:14:21,HISTORIAN,HIST-01,HIST-REPLICA-01,system,REPLICATION,HTTPS,ALLOW,Low,,Scheduled historian replication
EVT01694,2026-10-19 12:25:00,OT_IDS,HMI-01,PLC-SUB-01,system,MODBUS_READ,Modbus/TCP,ALLOW,Low,,Normal telemetry read
EVT01695,2026-10-19 12:41:38,VPN,VPN-GW-01,VENDOR-DMZ-01,vendor_maint,LOGIN_SUCCESS,TLS,ALLOW,Low,,Routine vendor session
EVT01696,2026-10-19 12:56:42,VPN,VPN-GW-01,VENDOR-DMZ-01,vendor_maint,LOGIN_SUCCESS,TLS,ALLOW,Low,,Routine vendor session
EVT01697,2026-10-19 13:10:11,EDR,ENG-WS-01,SOC-SIEM-01,eng_kavita,PROCESS_START,Local,ALLOW,Low,,Signed engineering utility
EVT01698,2026-10-19 13:13:23,OT_IDS,HMI-01,PLC-SUB-01,system,MODBUS_READ,Modbus/TCP,ALLOW,Low,,Normal telemetry read
EVT01699,2026-10-19 13:25:02,EDR,ENG-WS-01,SOC-SIEM-01,eng_kavita,PROCESS_START,Local,ALLOW,Low,,Signed engineering utility
EVT01700,2026-10-19 13:47:05,OT_IDS,HMI-01,PLC-SUB-01,system,MODBUS_READ,Modbus/TCP,ALLOW,Low,,Normal telemetry read
EVT01701,2026-10-19 13:54:40,OT_IDS,HMI-01,PLC-SUB-01,system,MODBUS_READ,Modbus/TCP,ALLOW,Low,,Normal telemetry read
EVT01702,2026-10-19 14:05:23,OT_IDS,HMI-01,PLC-SUB-01,system,MODBUS_READ,Modbus/TCP,ALLOW,Low,,Normal telemetry read
EVT01703,2026-10-19 14:41:50,EDR,ENG-WS-01,SOC-SIEM-01,eng_kavita,PROCESS_START,Local,ALLOW,Low,,Signed engineering utility
EVT01704,2026-10-19 14:52:24,EDR,ENG-WS-01,SOC-SIEM-01,eng_kavita,PROCESS_START,Local,ALLOW,Low,,Signed engineering utility
EVT01705,2026-10-19 14:53:10,DNS,DNS-01,SOC-SIEM-01,system,DNS_QUERY,UDP/53,ALLOW,Low,ntp.pool.example,Normal name resolution
EVT01706,2026-10-19 15:16:23,VPN,VPN-GW-01,VENDOR-DMZ-01,vendor_maint,LOGIN_SUCCESS,TLS,ALLOW,Low,,Routine vendor session
EVT01707,2026-10-19 15:23:28,EDR,ENG-WS-01,SOC-SIEM-01,eng_kavita,PROCESS_START,Local,ALLOW,Low,,Signed engineering utility
EVT01708,2026-10-19 15:31:14,EDR,ENG-WS-01,SOC-SIEM-01,eng_kavita,PROCESS_START,Local,ALLOW,Low,,Signed engineering utility
EVT01709,2026-10-19 15:40:15,VPN,VPN-GW-01,VENDOR-DMZ-01,vendor_maint,LOGIN_SUCCESS,TLS,ALLOW,Low,,Routine vendor session
EVT01710,2026-10-19 15:45:27,OT_IDS,HMI-01,PLC-SUB-01,system,MODBUS_READ,Modbus/TCP,ALLOW,Low,,Normal telemetry read
EVT01711,2026-10-19 16:03:07,DNS,DNS-01,SOC-SIEM-01,system,DNS_QUERY,UDP/53,ALLOW,Low,updates.microsoft.example,Normal name resolution
EVT01712,2026-10-19 16:09:26,DNS,DNS-01,SOC-SIEM-01,system,DNS_QUERY,UDP/53,ALLOW,Low,updates.microsoft.example,Normal name resolution
EVT01713,2026-10-19 16:56:22,WINDOWS,OT-JUMP-01,IDP-01,admin_katjiuongua,AUTH_SUCCESS,Kerberos,ALLOW,Low,,Approved privileged access
EVT01714,2026-10-19 17:09:32,VPN,VPN-GW-01,VENDOR-DMZ-01,vendor_maint,LOGIN_SUCCESS,TLS,ALLOW,Low,,Routine vendor session
EVT01715,2026-10-19 18:31:21,DNS,DNS-01,SOC-SIEM-01,system,DNS_QUERY,UDP/53,ALLOW,Low,weather.example,Normal name resolution
EVT01716,2026-10-19 19:02:46,VPN,VPN-GW-01,VENDOR-DMZ-01,vendor_maint,LOGIN_SUCCESS,TLS,ALLOW,Low,,Routine vendor session
EVT01717,2026-10-19 19:09:27,FIREWALL,OT-JUMP-01,HIST-01,admin_katjiuongua,HTTPS_SESSION,TCP/443,ALLOW,Low,,Approved historian administration
