report_id,published_at,source,title,report_text,relevant_label
TRN00001,2026-05-22,Commercial Intelligence,General technology bulletin,Researchers published a general vulnerability affecting energy utilities. The advisory applies to versions not deployed by the organisation and contains no evidence of active exploitation in Southern Africa.,0
TRN00002,2026-05-29,CERT-NA,Routine maintenance advisory,"The Technology conference will discuss digital transformation, resilience and operational excellence. Registration closes next month.",0
TRN00003,2025-01-30,Open-source Research,Patch availability update,A scheduled backup agent update improves performance and resolves minor compatibility issues. No exploitation has been observed and no action is required beyond normal change management.,0
TRN00004,2025-05-12,CERT-NA,Energy-sector malware activity,"Incident responders identified credential phishing against an electricity operator. The actor Unknown actor moved from a vendor workstation to an OT jump server and queried PLC services. Monitor node-4-sync.example, 198.51.100.5 and hash 37786edb666f352e99db.",1
TRN00005,2025-03-29,Commercial Intelligence,Campaign targets industrial operators,"A campaign affecting critical infrastructure operators uses compromised maintenance accounts, PowerShell and unknown PowerShell loader. Activity includes ransomware deployment, historian discovery and scanning of industrial protocols. The infrastructure node-5-sync.example resolves to 198.51.100.6.",1
TRN00006,2025-10-04,Commercial Intelligence,Routine maintenance advisory,A service notice confirms routine maintenance for backup agent. Temporary latency may occur during the approved maintenance window.,0
TRN00007,2025-04-01,CERT-NA,Industrial protocol reconnaissance observed,"A campaign affecting energy utilities uses compromised maintenance accounts, PowerShell and unknown PowerShell loader. Activity includes DNS tunnelling, historian discovery and scanning of industrial protocols. The infrastructure node-7-sync.example resolves to 198.51.100.8.",1
TRN00008,2026-07-05,Open-source Research,Patch availability update,A scheduled billing platform update improves performance and resolves minor compatibility issues. No exploitation has been observed and no action is required beyond normal change management.,0
TRN00009,2025-07-05,Regional ISAC,Industrial protocol reconnaissance observed,"A campaign affecting critical infrastructure operators uses compromised maintenance accounts, PowerShell and Sandstorm Loader. Activity includes credential phishing, historian discovery and scanning of industrial protocols. The infrastructure node-9-sync.example resolves to 198.51.100.10.",1
TRN00010,2026-07-14,Open-source Research,Patch availability update,A scheduled billing platform update improves performance and resolves minor compatibility issues. No exploitation has been observed and no action is required beyond normal change management.,0
TRN00011,2026-04-21,Commercial Intelligence,Energy-sector malware activity,"A campaign affecting critical infrastructure operators uses compromised maintenance accounts, PowerShell and Sandstorm Loader. Activity includes vendor compromise, historian discovery and scanning of industrial protocols. The infrastructure node-11-sync.example resolves to 198.51.100.12.",1
TRN00012,2025-02-28,Vendor Advisory,Routine maintenance advisory,"A scheduled router firmware update improves performance and resolves minor compatibility issues. No exploitation has been observed and no action is required beyond normal change management. The bulletin references security monitoring, risk assessment and operational resilience.",0
TRN00013,2025-12-03,CERT-NA,Vendor access abused in OT intrusion,"Incident responders identified Modbus scanning against an electricity operator. The actor Red Kudu moved from a vendor workstation to an OT jump server and queried PLC services. Monitor node-13-sync.example, 198.51.100.14 and hash 55934ddf1ff0c071af95.",1
TRN00014,2025-10-11,Vendor Advisory,Conference notice,"The Cloud Services conference will discuss digital transformation, resilience and operational excellence. Registration closes next month.",1
TRN00015,2025-06-24,Commercial Intelligence,Industrial protocol reconnaissance observed,"Incident responders identified DNS tunnelling against an electricity operator. The actor Copper Dune moved from a vendor workstation to an OT jump server and queried PLC services. Monitor node-15-sync.example, 198.51.100.16 and hash 2956d93c11a9c33c8665.",1
TRN00016,2025-07-06,CERT-NA,Routine maintenance advisory,A service notice confirms routine maintenance for backup agent. Temporary latency may occur during the approved maintenance window.,0
TRN00017,2026-07-13,CERT-NA,General technology bulletin,A scheduled router firmware update improves performance and resolves minor compatibility issues. No exploitation has been observed and no action is required beyond normal change management.,0
TRN00018,2025-11-21,Regional ISAC,Conference notice,"The Cloud Services conference will discuss digital transformation, resilience and operational excellence. Registration closes next month.",0
TRN00019,2025-03-20,Vendor Advisory,Vendor access abused in OT intrusion,"A campaign affecting power distributors uses compromised maintenance accounts, PowerShell and GridLock. Activity includes credential phishing, historian discovery and scanning of industrial protocols. The infrastructure node-19-sync.example resolves to 198.51.100.20.",1
TRN00020,2026-06-11,Regional ISAC,Patch availability update,"A scheduled office suite update improves performance and resolves minor compatibility issues. No exploitation has been observed and no action is required beyond normal change management. The bulletin references security monitoring, risk assessment and operational resilience.",0
TRN00021,2026-04-15,CERT-NA,Conference notice,"A service notice confirms routine maintenance for billing platform. Temporary latency may occur during the approved maintenance window. The bulletin references security monitoring, risk assessment and operational resilience.",0
TRN00022,2025-03-30,Open-source Research,Conference notice,Researchers published a general vulnerability affecting retail organisations. The advisory applies to versions not deployed by the organisation and contains no evidence of active exploitation in Europe.,0
TRN00023,2025-11-15,Vendor Advisory,Industrial protocol reconnaissance observed,"Incident responders identified remote service abuse against an electricity operator. The actor Kalahari Jackal moved from a vendor workstation to an OT jump server and queried PLC services. Monitor node-23-sync.example, 198.51.100.24 and hash 4c018ed77bbb136bfbda. The bulletin references security monitoring, risk assessment and operational resilience.",1
TRN00024,2025-01-02,Open-source Research,Conference notice,A scheduled billing platform update improves performance and resolves minor compatibility issues. No exploitation has been observed and no action is required beyond normal change management.,0
TRN00025,2026-02-12,Vendor Advisory,Routine maintenance advisory,"The Technology conference will discuss digital transformation, resilience and operational excellence. Registration closes next month.",0
TRN00026,2025-02-27,Commercial Intelligence,General technology bulletin,A service notice confirms routine maintenance for billing platform. Temporary latency may occur during the approved maintenance window.,0
TRN00027,2025-03-30,Regional ISAC,General technology bulletin,"The Cloud Services conference will discuss digital transformation, resilience and operational excellence. Registration closes next month.",0
TRN00028,2025-07-25,Regional ISAC,General technology bulletin,Researchers published a general vulnerability affecting retail organisations. The advisory applies to versions not deployed by the organisation and contains no evidence of active exploitation in Asia-Pacific.,0
TRN00029,2025-03-05,Open-source Research,Conference notice,A service notice confirms routine maintenance for billing platform. Temporary latency may occur during the approved maintenance window.,0
TRN00030,2026-09-04,Commercial Intelligence,Conference notice,"The Technology conference will discuss digital transformation, resilience and operational excellence. Registration closes next month.",0
TRN00031,2026-02-16,CERT-NA,Energy-sector malware activity,"Incident responders identified credential phishing against an electricity operator. The actor Red Kudu moved from a vendor workstation to an OT jump server and queried PLC services. Monitor node-31-sync.example, 198.51.100.32 and hash 26134ca774a515faf079. The bulletin references security monitoring, risk assessment and operational resilience.",0
TRN00032,2026-04-23,Vendor Advisory,Vendor access abused in OT intrusion,"Kalahari Jackal is targeting energy utilities in North America using GridLock. Analysts observed remote service abuse, unusual vendor access and attempts to reach operational technology networks. Indicators include node-32-sync.example and 198.51.100.33.",1
TRN00033,2026-04-05,Open-source Research,Routine maintenance advisory,Researchers published a general vulnerability affecting retail organisations. The advisory applies to versions not deployed by the organisation and contains no evidence of active exploitation in North America.,0
TRN00034,2025-11-30,Open-source Research,Routine maintenance advisory,A scheduled billing platform update improves performance and resolves minor compatibility issues. No exploitation has been observed and no action is required beyond normal change management.,0
TRN00035,2025-12-19,Commercial Intelligence,Conference notice,"The Compliance conference will discuss digital transformation, resilience and operational excellence. Registration closes next month. The bulletin references security monitoring, risk assessment and operational resilience.",0
TRN00036,2025-12-09,Commercial Intelligence,Conference notice,"The Technology conference will discuss digital transformation, resilience and operational excellence. Registration closes next month.",0
TRN00037,2025-12-17,CERT-NA,Energy-sector malware activity,"Incident responders identified remote service abuse against an electricity operator. The actor Night Heron moved from a vendor workstation to an OT jump server and queried PLC services. Monitor node-37-sync.example, 198.51.100.38 and hash 3c3fc2c6e702a016fb42.",1
TRN00038,2026-07-19,Vendor Advisory,General technology bulletin,"The Technology conference will discuss digital transformation, resilience and operational excellence. Registration closes next month.",0
TRN00039,2025-08-23,CERT-NA,Conference notice,A service notice confirms routine maintenance for billing platform. Temporary latency may occur during the approved maintenance window.,0
TRN00040,2026-05-26,Vendor Advisory,Conference notice,"The Compliance conference will discuss digital transformation, resilience and operational excellence. Registration closes next month.",0
TRN00041,2025-02-26,Vendor Advisory,Conference notice,A scheduled backup agent update improves performance and resolves minor compatibility issues. No exploitation has been observed and no action is required beyond normal change management.,0
TRN00042,2026-08-21,Commercial Intelligence,Campaign targets industrial operators,"Unknown actor is targeting energy utilities in East Africa using Sandstorm Loader. Analysts observed remote service abuse, unusual vendor access and attempts to reach operational technology networks. Indicators include node-42-sync.example and 198.51.100.43.",1
TRN00043,2025-12-28,CERT-NA,General technology bulletin,"A scheduled backup agent update improves performance and resolves minor compatibility issues. No exploitation has been observed and no action is required beyond normal change management. The bulletin references security monitoring, risk assessment and operational resilience.",0
TRN00044,2026-05-16,Commercial Intelligence,General technology bulletin,"The Compliance conference will discuss digital transformation, resilience and operational excellence. Registration closes next month.",0
TRN00045,2025-04-02,Regional ISAC,Routine maintenance advisory,Researchers published a general vulnerability affecting energy utilities. The advisory applies to versions not deployed by the organisation and contains no evidence of active exploitation in Asia-Pacific.,0
TRN00046,2025-09-27,Vendor Advisory,Conference notice,Researchers published a general vulnerability affecting universities. The advisory applies to versions not deployed by the organisation and contains no evidence of active exploitation in East Africa.,0
TRN00047,2026-04-01,Regional ISAC,Patch availability update,Researchers published a general vulnerability affecting energy utilities. The advisory applies to versions not deployed by the organisation and contains no evidence of active exploitation in North America.,1
TRN00048,2026-01-17,Open-source Research,Vendor access abused in OT intrusion,"Copper Dune is targeting critical infrastructure operators in East Africa using GridLock. Analysts observed ransomware deployment, unusual vendor access and attempts to reach operational technology networks. Indicators include node-48-sync.example and 198.51.100.49.",1
TRN00049,2025-11-20,Open-source Research,Energy-sector malware activity,"Incident responders identified ransomware deployment against an electricity operator. The actor Copper Dune moved from a vendor workstation to an OT jump server and queried PLC services. Monitor node-49-sync.example, 198.51.100.50 and hash 712d32d4981da79859c8.",1
TRN00050,2026-04-16,Open-source Research,Campaign targets industrial operators,"Incident responders identified remote service abuse against an electricity operator. The actor Red Kudu moved from a vendor workstation to an OT jump server and queried PLC services. Monitor node-50-sync.example, 198.51.100.51 and hash d559a4f7ae37a5ef6f16.",1
TRN00051,2026-05-15,Commercial Intelligence,Conference notice,A scheduled router firmware update improves performance and resolves minor compatibility issues. No exploitation has been observed and no action is required beyond normal change management.,0
TRN00052,2025-12-25,Regional ISAC,Vendor access abused in OT intrusion,"Red Kudu is targeting critical infrastructure operators in Europe using DustRAT. Analysts observed Modbus scanning, unusual vendor access and attempts to reach operational technology networks. Indicators include node-52-sync.example and 198.51.100.53.",1
TRN00053,2026-02-26,CERT-NA,Conference notice,Researchers published a general vulnerability affecting energy utilities. The advisory applies to versions not deployed by the organisation and contains no evidence of active exploitation in North America.,0
TRN00054,2025-02-06,Open-source Research,General technology bulletin,"The Compliance conference will discuss digital transformation, resilience and operational excellence. Registration closes next month.",0
TRN00055,2025-08-31,CERT-NA,Routine maintenance advisory,"The Cloud Services conference will discuss digital transformation, resilience and operational excellence. Registration closes next month.",0
TRN00056,2026-02-10,Commercial Intelligence,Conference notice,"The Compliance conference will discuss digital transformation, resilience and operational excellence. Registration closes next month.",0
TRN00057,2025-10-08,Vendor Advisory,General technology bulletin,"The Cloud Services conference will discuss digital transformation, resilience and operational excellence. Registration closes next month.",0
TRN00058,2025-02-03,Regional ISAC,General technology bulletin,"Researchers published a general vulnerability affecting telecommunications providers. The advisory applies to versions not deployed by the organisation and contains no evidence of active exploitation in Southern Africa. The bulletin references security monitoring, risk assessment and operational resilience.",0
TRN00059,2026-02-23,Vendor Advisory,General technology bulletin,"The Cloud Services conference will discuss digital transformation, resilience and operational excellence. Registration closes next month. The bulletin references security monitoring, risk assessment and operational resilience.",0
TRN00060,2025-01-03,CERT-NA,Conference notice,A service notice confirms routine maintenance for billing platform. Temporary latency may occur during the approved maintenance window.,0
TRN00061,2025-08-09,Regional ISAC,Conference notice,Researchers published a general vulnerability affecting telecommunications providers. The advisory applies to versions not deployed by the organisation and contains no evidence of active exploitation in Southern Africa.,1
TRN00062,2025-10-15,Vendor Advisory,Conference notice,"The Cloud Services conference will discuss digital transformation, resilience and operational excellence. Registration closes next month. The bulletin references security monitoring, risk assessment and operational resilience.",0
TRN00063,2025-10-13,Commercial Intelligence,Conference notice,A service notice confirms routine maintenance for router firmware. Temporary latency may occur during the approved maintenance window.,1
TRN00064,2026-02-04,Open-source Research,Campaign targets industrial operators,"A campaign affecting power distributors uses compromised maintenance accounts, PowerShell and GridLock. Activity includes remote service abuse, historian discovery and scanning of industrial protocols. The infrastructure node-64-sync.example resolves to 198.51.100.65.",1
TRN00065,2025-12-24,Regional ISAC,Conference notice,A scheduled office suite update improves performance and resolves minor compatibility issues. No exploitation has been observed and no action is required beyond normal change management.,0
TRN00066,2025-03-31,Commercial Intelligence,Patch availability update,"The Technology conference will discuss digital transformation, resilience and operational excellence. Registration closes next month.",0
TRN00067,2025-04-05,Vendor Advisory,Campaign targets industrial operators,"Incident responders identified DNS tunnelling against an electricity operator. The actor Copper Dune moved from a vendor workstation to an OT jump server and queried PLC services. Monitor node-67-sync.example, 198.51.100.68 and hash 5522f68dd3ba7bdf9df7. The bulletin references security monitoring, risk assessment and operational resilience.",1
TRN00068,2026-06-22,Regional ISAC,Patch availability update,Researchers published a general vulnerability affecting retail organisations. The advisory applies to versions not deployed by the organisation and contains no evidence of active exploitation in Southern Africa.,0
TRN00069,2025-11-20,Vendor Advisory,Vendor access abused in OT intrusion,"Incident responders identified DNS tunnelling against an electricity operator. The actor Kalahari Jackal moved from a vendor workstation to an OT jump server and queried PLC services. Monitor node-69-sync.example, 198.51.100.70 and hash 026748b1648964fbf9a7. The bulletin references security monitoring, risk assessment and operational resilience.",1
TRN00070,2026-07-24,Regional ISAC,Routine maintenance advisory,A service notice confirms routine maintenance for backup agent. Temporary latency may occur during the approved maintenance window.,0
TRN00071,2026-06-29,Commercial Intelligence,Energy-sector malware activity,"Incident responders identified remote service abuse against an electricity operator. The actor Unknown actor moved from a vendor workstation to an OT jump server and queried PLC services. Monitor node-71-sync.example, 198.51.100.72 and hash 494818a846112b20aaf8. The bulletin references security monitoring, risk assessment and operational resilience.",1
TRN00072,2025-04-20,CERT-NA,Industrial protocol reconnaissance observed,"A campaign affecting critical infrastructure operators uses compromised maintenance accounts, PowerShell and BreakerFox. Activity includes DNS tunnelling, historian discovery and scanning of industrial protocols. The infrastructure node-72-sync.example resolves to 198.51.100.73.",1
TRN00073,2026-09-04,CERT-NA,Conference notice,Researchers published a general vulnerability affecting universities. The advisory applies to versions not deployed by the organisation and contains no evidence of active exploitation in North America.,0
TRN00074,2026-03-01,CERT-NA,Campaign targets industrial operators,"Incident responders identified vendor compromise against an electricity operator. The actor Kalahari Jackal moved from a vendor workstation to an OT jump server and queried PLC services. Monitor node-74-sync.example, 198.51.100.75 and hash 0dbb880b8e3f4761c227.",1
TRN00075,2025-11-24,Open-source Research,General technology bulletin,"A scheduled router firmware update improves performance and resolves minor compatibility issues. No exploitation has been observed and no action is required beyond normal change management. The bulletin references security monitoring, risk assessment and operational resilience.",0
TRN00076,2026-04-17,Commercial Intelligence,Conference notice,"The Compliance conference will discuss digital transformation, resilience and operational excellence. Registration closes next month.",0
TRN00077,2025-01-05,Open-source Research,Conference notice,A scheduled router firmware update improves performance and resolves minor compatibility issues. No exploitation has been observed and no action is required beyond normal change management.,0
TRN00078,2025-01-29,Commercial Intelligence,Vendor access abused in OT intrusion,"A campaign affecting power distributors uses compromised maintenance accounts, PowerShell and unknown PowerShell loader. Activity includes DNS tunnelling, historian discovery and scanning of industrial protocols. The infrastructure node-78-sync.example resolves to 198.51.100.79.",1
TRN00079,2025-11-05,Vendor Advisory,Conference notice,"The Compliance conference will discuss digital transformation, resilience and operational excellence. Registration closes next month.",0
TRN00080,2025-02-13,Regional ISAC,Industrial protocol reconnaissance observed,"Unknown actor is targeting energy utilities in Europe using BreakerFox. Analysts observed vendor compromise, unusual vendor access and attempts to reach operational technology networks. Indicators include node-80-sync.example and 198.51.100.81.",1
TRN00081,2026-07-31,Vendor Advisory,General technology bulletin,"A service notice confirms routine maintenance for router firmware. Temporary latency may occur during the approved maintenance window. The bulletin references security monitoring, risk assessment and operational resilience.",0
TRN00082,2026-05-11,CERT-NA,Patch availability update,"The Technology conference will discuss digital transformation, resilience and operational excellence. Registration closes next month. The bulletin references security monitoring, risk assessment and operational resilience.",0
TRN00083,2025-09-04,Commercial Intelligence,General technology bulletin,"The Technology conference will discuss digital transformation, resilience and operational excellence. Registration closes next month.",0
TRN00084,2025-12-03,Open-source Research,General technology bulletin,A scheduled router firmware update improves performance and resolves minor compatibility issues. No exploitation has been observed and no action is required beyond normal change management.,0
TRN00085,2026-01-27,Open-source Research,General technology bulletin,Researchers published a general vulnerability affecting retail organisations. The advisory applies to versions not deployed by the organisation and contains no evidence of active exploitation in North America.,0
TRN00086,2026-02-01,Vendor Advisory,Patch availability update,"A service notice confirms routine maintenance for billing platform. Temporary latency may occur during the approved maintenance window. The bulletin references security monitoring, risk assessment and operational resilience.",0
TRN00087,2026-07-15,Open-source Research,Conference notice,"The Technology conference will discuss digital transformation, resilience and operational excellence. Registration closes next month. The bulletin references security monitoring, risk assessment and operational resilience.",0
TRN00088,2025-05-23,CERT-NA,Campaign targets industrial operators,"A campaign affecting energy utilities uses compromised maintenance accounts, PowerShell and GridLock. Activity includes Modbus scanning, historian discovery and scanning of industrial protocols. The infrastructure node-88-sync.example resolves to 198.51.100.89.",1
TRN00089,2025-07-26,Commercial Intelligence,Energy-sector malware activity,"Incident responders identified remote service abuse against an electricity operator. The actor Copper Dune moved from a vendor workstation to an OT jump server and queried PLC services. Monitor node-89-sync.example, 198.51.100.90 and hash d4db6afefe8b9008c702.",1
TRN00090,2026-01-07,Regional ISAC,Patch availability update,"A scheduled router firmware update improves performance and resolves minor compatibility issues. No exploitation has been observed and no action is required beyond normal change management. The bulletin references security monitoring, risk assessment and operational resilience.",0
TRN00091,2025-04-03,Open-source Research,Conference notice,A service notice confirms routine maintenance for office suite. Temporary latency may occur during the approved maintenance window.,0
TRN00092,2025-11-22,CERT-NA,Energy-sector malware activity,"A campaign affecting power distributors uses compromised maintenance accounts, PowerShell and unknown PowerShell loader. Activity includes vendor compromise, historian discovery and scanning of industrial protocols. The infrastructure node-92-sync.example resolves to 198.51.100.93.",1
TRN00093,2025-02-15,CERT-NA,Campaign targets industrial operators,"A campaign affecting critical infrastructure operators uses compromised maintenance accounts, PowerShell and GridLock. Activity includes remote service abuse, historian discovery and scanning of industrial protocols. The infrastructure node-93-sync.example resolves to 198.51.100.94.",1
TRN00094,2026-06-29,Vendor Advisory,Campaign targets industrial operators,"Unknown actor is targeting critical infrastructure operators in East Africa using BreakerFox. Analysts observed vendor compromise, unusual vendor access and attempts to reach operational technology networks. Indicators include node-94-sync.example and 198.51.100.95.",1
TRN00095,2025-11-15,CERT-NA,Campaign targets industrial operators,"A campaign affecting power distributors uses compromised maintenance accounts, PowerShell and DustRAT. Activity includes vendor compromise, historian discovery and scanning of industrial protocols. The infrastructure node-95-sync.example resolves to 198.51.100.96.",1
TRN00096,2026-09-09,Vendor Advisory,General technology bulletin,"A scheduled billing platform update improves performance and resolves minor compatibility issues. No exploitation has been observed and no action is required beyond normal change management. The bulletin references security monitoring, risk assessment and operational resilience.",0
TRN00097,2025-08-22,Regional ISAC,Energy-sector malware activity,"A campaign affecting critical infrastructure operators uses compromised maintenance accounts, PowerShell and DustRAT. Activity includes vendor compromise, historian discovery and scanning of industrial protocols. The infrastructure node-97-sync.example resolves to 198.51.100.98. The bulletin references security monitoring, risk assessment and operational resilience.",1
TRN00098,2025-08-18,Vendor Advisory,Patch availability update,A service notice confirms routine maintenance for backup agent. Temporary latency may occur during the approved maintenance window.,0
TRN00099,2026-08-05,Regional ISAC,Energy-sector malware activity,"Red Kudu is targeting power distributors in Europe using BreakerFox. Analysts observed credential phishing, unusual vendor access and attempts to reach operational technology networks. Indicators include node-99-sync.example and 198.51.100.100.",1
TRN00100,2025-03-31,CERT-NA,Industrial protocol reconnaissance observed,"A campaign affecting energy utilities uses compromised maintenance accounts, PowerShell and GridLock. Activity includes ransomware deployment, historian discovery and scanning of industrial protocols. The infrastructure node-100-sync.example resolves to 198.51.100.101.",1
TRN00101,2026-01-18,Commercial Intelligence,General technology bulletin,"A scheduled billing platform update improves performance and resolves minor compatibility issues. No exploitation has been observed and no action is required beyond normal change management. The bulletin references security monitoring, risk assessment and operational resilience.",0
TRN00102,2025-12-28,Open-source Research,Industrial protocol reconnaissance observed,"A campaign affecting critical infrastructure operators uses compromised maintenance accounts, PowerShell and Sandstorm Loader. Activity includes vendor compromise, historian discovery and scanning of industrial protocols. The infrastructure node-102-sync.example resolves to 198.51.100.103.",1
TRN00103,2025-07-08,Vendor Advisory,Campaign targets industrial operators,"Incident responders identified vendor compromise against an electricity operator. The actor Red Kudu moved from a vendor workstation to an OT jump server and queried PLC services. Monitor node-103-sync.example, 198.51.100.104 and hash 3b9ceeb32a1e5b401514.",1
TRN00104,2026-06-27,Vendor Advisory,General technology bulletin,"A scheduled office suite update improves performance and resolves minor compatibility issues. No exploitation has been observed and no action is required beyond normal change management. The bulletin references security monitoring, risk assessment and operational resilience.",0
TRN00105,2025-11-18,Vendor Advisory,Routine maintenance advisory,A scheduled office suite update improves performance and resolves minor compatibility issues. No exploitation has been observed and no action is required beyond normal change management.,0
TRN00106,2026-01-07,Open-source Research,Routine maintenance advisory,"The Technology conference will discuss digital transformation, resilience and operational excellence. Registration closes next month.",0
TRN00107,2025-06-11,CERT-NA,Conference notice,"The Compliance conference will discuss digital transformation, resilience and operational excellence. Registration closes next month.",0
TRN00108,2026-08-13,Vendor Advisory,Patch availability update,A service notice confirms routine maintenance for router firmware. Temporary latency may occur during the approved maintenance window.,0
TRN00109,2026-08-25,Regional ISAC,General technology bulletin,Researchers published a general vulnerability affecting financial institutions. The advisory applies to versions not deployed by the organisation and contains no evidence of active exploitation in Southern Africa.,0
TRN00110,2025-11-18,Open-source Research,General technology bulletin,"The Technology conference will discuss digital transformation, resilience and operational excellence. Registration closes next month.",0
TRN00111,2026-06-24,Open-source Research,Routine maintenance advisory,"A service notice confirms routine maintenance for office suite. Temporary latency may occur during the approved maintenance window. The bulletin references security monitoring, risk assessment and operational resilience.",0
TRN00112,2025-11-23,CERT-NA,General technology bulletin,"The Compliance conference will discuss digital transformation, resilience and operational excellence. Registration closes next month. The bulletin references security monitoring, risk assessment and operational resilience.",0
TRN00113,2025-08-23,Vendor Advisory,General technology bulletin,"Researchers published a general vulnerability affecting financial institutions. The advisory applies to versions not deployed by the organisation and contains no evidence of active exploitation in North America. The bulletin references security monitoring, risk assessment and operational resilience.",1
TRN00114,2026-06-01,Vendor Advisory,General technology bulletin,A scheduled billing platform update improves performance and resolves minor compatibility issues. No exploitation has been observed and no action is required beyond normal change management.,0
TRN00115,2026-02-02,Open-source Research,Campaign targets industrial operators,"A campaign affecting power distributors uses compromised maintenance accounts, PowerShell and GridLock. Activity includes remote service abuse, historian discovery and scanning of industrial protocols. The infrastructure node-115-sync.example resolves to 198.51.100.116.",1
TRN00116,2025-01-10,CERT-NA,Routine maintenance advisory,A service notice confirms routine maintenance for billing platform. Temporary latency may occur during the approved maintenance window.,0
TRN00117,2025-06-23,Commercial Intelligence,Patch availability update,A scheduled backup agent update improves performance and resolves minor compatibility issues. No exploitation has been observed and no action is required beyond normal change management.,0
TRN00118,2025-11-10,Commercial Intelligence,Campaign targets industrial operators,"A campaign affecting power distributors uses compromised maintenance accounts, PowerShell and BreakerFox. Activity includes DNS tunnelling, historian discovery and scanning of industrial protocols. The infrastructure node-118-sync.example resolves to 198.51.100.119. The bulletin references security monitoring, risk assessment and operational resilience.",1
TRN00119,2026-08-20,Commercial Intelligence,Routine maintenance advisory,A scheduled router firmware update improves performance and resolves minor compatibility issues. No exploitation has been observed and no action is required beyond normal change management.,0
TRN00120,2025-09-02,Regional ISAC,Patch availability update,A service notice confirms routine maintenance for billing platform. Temporary latency may occur during the approved maintenance window.,0
TRN00121,2026-08-28,Commercial Intelligence,General technology bulletin,A service notice confirms routine maintenance for router firmware. Temporary latency may occur during the approved maintenance window.,0
TRN00122,2026-02-19,Open-source Research,Routine maintenance advisory,A service notice confirms routine maintenance for office suite. Temporary latency may occur during the approved maintenance window.,0
TRN00123,2025-01-15,Regional ISAC,Conference notice,"The Technology conference will discuss digital transformation, resilience and operational excellence. Registration closes next month.",0
TRN00124,2026-04-18,Open-source Research,General technology bulletin,A scheduled backup agent update improves performance and resolves minor compatibility issues. No exploitation has been observed and no action is required beyond normal change management.,0
TRN00125,2025-09-04,Vendor Advisory,Vendor access abused in OT intrusion,"A campaign affecting critical infrastructure operators uses compromised maintenance accounts, PowerShell and Sandstorm Loader. Activity includes ransomware deployment, historian discovery and scanning of industrial protocols. The infrastructure node-125-sync.example resolves to 198.51.100.126.",1
TRN00126,2026-05-15,CERT-NA,Energy-sector malware activity,"Unknown actor is targeting energy utilities in North America using GridLock. Analysts observed DNS tunnelling, unusual vendor access and attempts to reach operational technology networks. Indicators include node-126-sync.example and 198.51.100.127. The bulletin references security monitoring, risk assessment and operational resilience.",1
TRN00127,2025-04-06,Open-source Research,Routine maintenance advisory,A service notice confirms routine maintenance for backup agent. Temporary latency may occur during the approved maintenance window.,0
TRN00128,2025-06-06,CERT-NA,Energy-sector malware activity,"Incident responders identified remote service abuse against an electricity operator. The actor Night Heron moved from a vendor workstation to an OT jump server and queried PLC services. Monitor node-128-sync.example, 198.51.100.129 and hash 8b8cea861e80103d6aa1.",1
TRN00129,2026-08-13,Commercial Intelligence,Energy-sector malware activity,"Copper Dune is targeting energy utilities in Asia-Pacific using BreakerFox. Analysts observed DNS tunnelling, unusual vendor access and attempts to reach operational technology networks. Indicators include node-129-sync.example and 198.51.100.130.",1
TRN00130,2025-12-28,Vendor Advisory,Industrial protocol reconnaissance observed,"Unknown actor is targeting power distributors in Southern Africa using Sandstorm Loader. Analysts observed vendor compromise, unusual vendor access and attempts to reach operational technology networks. Indicators include node-130-sync.example and 198.51.100.131.",1
TRN00131,2025-04-15,Open-source Research,General technology bulletin,Researchers published a general vulnerability affecting telecommunications providers. The advisory applies to versions not deployed by the organisation and contains no evidence of active exploitation in North America.,0
TRN00132,2025-01-16,Commercial Intelligence,Industrial protocol reconnaissance observed,"Incident responders identified DNS tunnelling against an electricity operator. The actor Red Kudu moved from a vendor workstation to an OT jump server and queried PLC services. Monitor node-132-sync.example, 198.51.100.133 and hash b8e262ec17d6ca2a710a.",1
TRN00133,2025-06-17,Regional ISAC,Campaign targets industrial operators,"A campaign affecting critical infrastructure operators uses compromised maintenance accounts, PowerShell and DustRAT. Activity includes remote service abuse, historian discovery and scanning of industrial protocols. The infrastructure node-133-sync.example resolves to 198.51.100.134.",1
TRN00134,2025-03-04,Open-source Research,Conference notice,A service notice confirms routine maintenance for backup agent. Temporary latency may occur during the approved maintenance window.,0
TRN00135,2026-04-29,CERT-NA,Patch availability update,A service notice confirms routine maintenance for billing platform. Temporary latency may occur during the approved maintenance window.,0
TRN00136,2025-06-18,CERT-NA,Vendor access abused in OT intrusion,"Copper Dune is targeting power distributors in East Africa using DustRAT. Analysts observed DNS tunnelling, unusual vendor access and attempts to reach operational technology networks. Indicators include node-136-sync.example and 198.51.100.137.",1
TRN00137,2025-06-21,Open-source Research,Patch availability update,"The Compliance conference will discuss digital transformation, resilience and operational excellence. Registration closes next month.",0
TRN00138,2025-01-31,Commercial Intelligence,Patch availability update,Researchers published a general vulnerability affecting energy utilities. The advisory applies to versions not deployed by the organisation and contains no evidence of active exploitation in East Africa.,0
TRN00139,2025-03-08,Vendor Advisory,Patch availability update,A scheduled router firmware update improves performance and resolves minor compatibility issues. No exploitation has been observed and no action is required beyond normal change management.,0
TRN00140,2025-03-07,CERT-NA,Routine maintenance advisory,"The Technology conference will discuss digital transformation, resilience and operational excellence. Registration closes next month.",0
TRN00141,2025-09-25,Vendor Advisory,Energy-sector malware activity,"Night Heron is targeting energy utilities in East Africa using BreakerFox. Analysts observed remote service abuse, unusual vendor access and attempts to reach operational technology networks. Indicators include node-141-sync.example and 198.51.100.142. The bulletin references security monitoring, risk assessment and operational resilience.",1
TRN00142,2025-08-11,Commercial Intelligence,Routine maintenance advisory,A scheduled backup agent update improves performance and resolves minor compatibility issues. No exploitation has been observed and no action is required beyond normal change management.,0
TRN00143,2026-07-11,Regional ISAC,General technology bulletin,Researchers published a general vulnerability affecting telecommunications providers. The advisory applies to versions not deployed by the organisation and contains no evidence of active exploitation in Asia-Pacific.,1
TRN00144,2026-01-01,Commercial Intelligence,Patch availability update,A service notice confirms routine maintenance for billing platform. Temporary latency may occur during the approved maintenance window.,0
TRN00145,2026-04-18,Commercial Intelligence,Patch availability update,A scheduled router firmware update improves performance and resolves minor compatibility issues. No exploitation has been observed and no action is required beyond normal change management.,0
TRN00146,2025-04-10,Regional ISAC,Patch availability update,Researchers published a general vulnerability affecting universities. The advisory applies to versions not deployed by the organisation and contains no evidence of active exploitation in Southern Africa.,0
TRN00147,2025-09-29,Open-source Research,Patch availability update,"The Technology conference will discuss digital transformation, resilience and operational excellence. Registration closes next month. The bulletin references security monitoring, risk assessment and operational resilience.",1
TRN00148,2026-04-15,Commercial Intelligence,General technology bulletin,"Researchers published a general vulnerability affecting retail organisations. The advisory applies to versions not deployed by the organisation and contains no evidence of active exploitation in North America. The bulletin references security monitoring, risk assessment and operational resilience.",0
TRN00149,2026-05-06,Vendor Advisory,Routine maintenance advisory,Researchers published a general vulnerability affecting energy utilities. The advisory applies to versions not deployed by the organisation and contains no evidence of active exploitation in North America.,0
TRN00150,2026-01-20,Regional ISAC,Patch availability update,Researchers published a general vulnerability affecting telecommunications providers. The advisory applies to versions not deployed by the organisation and contains no evidence of active exploitation in Asia-Pacific.,0
TRN00151,2026-08-10,Open-source Research,Campaign targets industrial operators,"Incident responders identified Modbus scanning against an electricity operator. The actor Kalahari Jackal moved from a vendor workstation to an OT jump server and queried PLC services. Monitor node-151-sync.example, 198.51.100.152 and hash 20d4ff423a044627d901. The bulletin references security monitoring, risk assessment and operational resilience.",1
TRN00152,2025-04-17,Commercial Intelligence,Campaign targets industrial operators,"Unknown actor is targeting energy utilities in North America using unknown PowerShell loader. Analysts observed remote service abuse, unusual vendor access and attempts to reach operational technology networks. Indicators include node-152-sync.example and 198.51.100.153.",1
TRN00153,2026-09-01,Commercial Intelligence,General technology bulletin,Researchers published a general vulnerability affecting telecommunications providers. The advisory applies to versions not deployed by the organisation and contains no evidence of active exploitation in Europe.,0
TRN00154,2025-12-01,Commercial Intelligence,Conference notice,"The Cloud Services conference will discuss digital transformation, resilience and operational excellence. Registration closes next month.",0
TRN00155,2026-03-09,Commercial Intelligence,Energy-sector malware activity,"Incident responders identified Modbus scanning against an electricity operator. The actor Kalahari Jackal moved from a vendor workstation to an OT jump server and queried PLC services. Monitor node-155-sync.example, 198.51.100.156 and hash 7dc70516f6b914b210f0. The bulletin references security monitoring, risk assessment and operational resilience.",1
TRN00156,2026-07-01,Regional ISAC,General technology bulletin,A scheduled billing platform update improves performance and resolves minor compatibility issues. No exploitation has been observed and no action is required beyond normal change management.,0
TRN00157,2025-03-19,Regional ISAC,Patch availability update,Researchers published a general vulnerability affecting energy utilities. The advisory applies to versions not deployed by the organisation and contains no evidence of active exploitation in Southern Africa.,0
TRN00158,2025-12-18,CERT-NA,Conference notice,A scheduled office suite update improves performance and resolves minor compatibility issues. No exploitation has been observed and no action is required beyond normal change management.,0
TRN00159,2025-06-28,Vendor Advisory,Patch availability update,A scheduled router firmware update improves performance and resolves minor compatibility issues. No exploitation has been observed and no action is required beyond normal change management.,0
TRN00160,2026-04-10,Open-source Research,Campaign targets industrial operators,"A campaign affecting energy utilities uses compromised maintenance accounts, PowerShell and Sandstorm Loader. Activity includes Modbus scanning, historian discovery and scanning of industrial protocols. The infrastructure node-160-sync.example resolves to 198.51.100.161.",0
TRN00161,2026-06-10,CERT-NA,Routine maintenance advisory,Researchers published a general vulnerability affecting energy utilities. The advisory applies to versions not deployed by the organisation and contains no evidence of active exploitation in Southern Africa.,0
TRN00162,2026-03-27,Commercial Intelligence,Conference notice,A service notice confirms routine maintenance for router firmware. Temporary latency may occur during the approved maintenance window.,0
TRN00163,2025-04-16,Regional ISAC,General technology bulletin,"The Cloud Services conference will discuss digital transformation, resilience and operational excellence. Registration closes next month.",0
TRN00164,2025-03-13,Commercial Intelligence,Industrial protocol reconnaissance observed,"A campaign affecting critical infrastructure operators uses compromised maintenance accounts, PowerShell and unknown PowerShell loader. Activity includes credential phishing, historian discovery and scanning of industrial protocols. The infrastructure node-164-sync.example resolves to 198.51.100.165.",1
TRN00165,2026-01-03,Vendor Advisory,Campaign targets industrial operators,"Copper Dune is targeting energy utilities in North America using unknown PowerShell loader. Analysts observed vendor compromise, unusual vendor access and attempts to reach operational technology networks. Indicators include node-165-sync.example and 198.51.100.166. The bulletin references security monitoring, risk assessment and operational resilience.",1
TRN00166,2025-01-22,Vendor Advisory,Conference notice,A scheduled router firmware update improves performance and resolves minor compatibility issues. No exploitation has been observed and no action is required beyond normal change management.,0
TRN00167,2026-05-26,Vendor Advisory,Campaign targets industrial operators,"A campaign affecting critical infrastructure operators uses compromised maintenance accounts, PowerShell and BreakerFox. Activity includes ransomware deployment, historian discovery and scanning of industrial protocols. The infrastructure node-167-sync.example resolves to 198.51.100.168.",1
TRN00168,2025-08-23,Commercial Intelligence,Patch availability update,A scheduled office suite update improves performance and resolves minor compatibility issues. No exploitation has been observed and no action is required beyond normal change management.,0
TRN00169,2026-06-08,Regional ISAC,Conference notice,"The Technology conference will discuss digital transformation, resilience and operational excellence. Registration closes next month. The bulletin references security monitoring, risk assessment and operational resilience.",0
TRN00170,2025-02-16,Open-source Research,Campaign targets industrial operators,"A campaign affecting power distributors uses compromised maintenance accounts, PowerShell and DustRAT. Activity includes vendor compromise, historian discovery and scanning of industrial protocols. The infrastructure node-170-sync.example resolves to 198.51.100.171. The bulletin references security monitoring, risk assessment and operational resilience.",1
TRN00171,2026-04-23,Commercial Intelligence,General technology bulletin,Researchers published a general vulnerability affecting retail organisations. The advisory applies to versions not deployed by the organisation and contains no evidence of active exploitation in Southern Africa.,0
TRN00172,2025-02-05,Commercial Intelligence,Conference notice,"The Cloud Services conference will discuss digital transformation, resilience and operational excellence. Registration closes next month.",0
TRN00173,2025-07-17,Commercial Intelligence,Vendor access abused in OT intrusion,"Incident responders identified Modbus scanning against an electricity operator. The actor Unknown actor moved from a vendor workstation to an OT jump server and queried PLC services. Monitor node-173-sync.example, 198.51.100.174 and hash a17fb40a6276dcade2d6. The bulletin references security monitoring, risk assessment and operational resilience.",1
TRN00174,2026-02-19,Regional ISAC,Industrial protocol reconnaissance observed,"A campaign affecting critical infrastructure operators uses compromised maintenance accounts, PowerShell and BreakerFox. Activity includes vendor compromise, historian discovery and scanning of industrial protocols. The infrastructure node-174-sync.example resolves to 198.51.100.175.",1
TRN00175,2025-09-28,CERT-NA,Conference notice,Researchers published a general vulnerability affecting energy utilities. The advisory applies to versions not deployed by the organisation and contains no evidence of active exploitation in North America.,0
TRN00176,2026-02-12,Regional ISAC,Conference notice,"A service notice confirms routine maintenance for office suite. Temporary latency may occur during the approved maintenance window. The bulletin references security monitoring, risk assessment and operational resilience.",0
TRN00177,2025-08-21,Commercial Intelligence,Routine maintenance advisory,"The Cloud Services conference will discuss digital transformation, resilience and operational excellence. Registration closes next month.",0
TRN00178,2026-07-22,Open-source Research,Routine maintenance advisory,A service notice confirms routine maintenance for backup agent. Temporary latency may occur during the approved maintenance window.,0
TRN00179,2026-06-23,Regional ISAC,Energy-sector malware activity,"A campaign affecting power distributors uses compromised maintenance accounts, PowerShell and Sandstorm Loader. Activity includes remote service abuse, historian discovery and scanning of industrial protocols. The infrastructure node-179-sync.example resolves to 198.51.100.180.",1
TRN00180,2025-11-21,Regional ISAC,Conference notice,Researchers published a general vulnerability affecting universities. The advisory applies to versions not deployed by the organisation and contains no evidence of active exploitation in Southern Africa.,0
TRN00181,2026-06-04,Regional ISAC,General technology bulletin,A service notice confirms routine maintenance for backup agent. Temporary latency may occur during the approved maintenance window.,0
TRN00182,2026-03-07,CERT-NA,Routine maintenance advisory,A service notice confirms routine maintenance for office suite. Temporary latency may occur during the approved maintenance window.,1
TRN00183,2025-11-26,Regional ISAC,Patch availability update,A scheduled billing platform update improves performance and resolves minor compatibility issues. No exploitation has been observed and no action is required beyond normal change management.,0
TRN00184,2026-03-08,Regional ISAC,Routine maintenance advisory,"The Compliance conference will discuss digital transformation, resilience and operational excellence. Registration closes next month. The bulletin references security monitoring, risk assessment and operational resilience.",0
TRN00185,2026-04-15,CERT-NA,Routine maintenance advisory,A service notice confirms routine maintenance for billing platform. Temporary latency may occur during the approved maintenance window.,0
TRN00186,2026-05-17,Open-source Research,Patch availability update,A service notice confirms routine maintenance for backup agent. Temporary latency may occur during the approved maintenance window.,0
TRN00187,2025-10-02,Regional ISAC,Routine maintenance advisory,A service notice confirms routine maintenance for office suite. Temporary latency may occur during the approved maintenance window.,0
TRN00188,2026-03-23,Vendor Advisory,General technology bulletin,Researchers published a general vulnerability affecting retail organisations. The advisory applies to versions not deployed by the organisation and contains no evidence of active exploitation in Europe.,0
TRN00189,2026-07-26,Commercial Intelligence,Campaign targets industrial operators,"Kalahari Jackal is targeting energy utilities in North America using Sandstorm Loader. Analysts observed remote service abuse, unusual vendor access and attempts to reach operational technology networks. Indicators include node-189-sync.example and 198.51.100.190.",1
TRN00190,2026-05-23,CERT-NA,Industrial protocol reconnaissance observed,"A campaign affecting critical infrastructure operators uses compromised maintenance accounts, PowerShell and Sandstorm Loader. Activity includes vendor compromise, historian discovery and scanning of industrial protocols. The infrastructure node-190-sync.example resolves to 198.51.100.191. The bulletin references security monitoring, risk assessment and operational resilience.",1
TRN00191,2025-06-05,CERT-NA,Energy-sector malware activity,"Copper Dune is targeting power distributors in Southern Africa using Sandstorm Loader. Analysts observed ransomware deployment, unusual vendor access and attempts to reach operational technology networks. Indicators include node-191-sync.example and 198.51.100.192.",1
TRN00192,2025-03-11,Commercial Intelligence,Patch availability update,A service notice confirms routine maintenance for router firmware. Temporary latency may occur during the approved maintenance window.,1
TRN00193,2026-09-07,Open-source Research,Routine maintenance advisory,Researchers published a general vulnerability affecting financial institutions. The advisory applies to versions not deployed by the organisation and contains no evidence of active exploitation in East Africa.,0
TRN00194,2026-05-19,Open-source Research,General technology bulletin,"The Technology conference will discuss digital transformation, resilience and operational excellence. Registration closes next month.",0
TRN00195,2025-04-10,Regional ISAC,Patch availability update,"The Cloud Services conference will discuss digital transformation, resilience and operational excellence. Registration closes next month.",0
TRN00196,2026-06-25,Regional ISAC,Campaign targets industrial operators,"Incident responders identified Modbus scanning against an electricity operator. The actor Red Kudu moved from a vendor workstation to an OT jump server and queried PLC services. Monitor node-196-sync.example, 198.51.100.197 and hash 412ef23f9201bdae1e75.",1
TRN00197,2025-06-05,CERT-NA,General technology bulletin,"A service notice confirms routine maintenance for backup agent. Temporary latency may occur during the approved maintenance window. The bulletin references security monitoring, risk assessment and operational resilience.",0
TRN00198,2025-05-28,CERT-NA,Patch availability update,"The Technology conference will discuss digital transformation, resilience and operational excellence. Registration closes next month.",0
TRN00199,2025-01-26,Regional ISAC,Vendor access abused in OT intrusion,"A campaign affecting critical infrastructure operators uses compromised maintenance accounts, PowerShell and BreakerFox. Activity includes Modbus scanning, historian discovery and scanning of industrial protocols. The infrastructure node-199-sync.example resolves to 198.51.100.200.",1
TRN00200,2025-03-13,Regional ISAC,Energy-sector malware activity,"A campaign affecting critical infrastructure operators uses compromised maintenance accounts, PowerShell and DustRAT. Activity includes Modbus scanning, historian discovery and scanning of industrial protocols. The infrastructure node-200-sync.example resolves to 198.51.100.201.",0
TRN00201,2026-02-10,Regional ISAC,Patch availability update,A service notice confirms routine maintenance for router firmware. Temporary latency may occur during the approved maintenance window.,0
TRN00202,2026-03-29,Commercial Intelligence,Patch availability update,"The Compliance conference will discuss digital transformation, resilience and operational excellence. Registration closes next month. The bulletin references security monitoring, risk assessment and operational resilience.",0
TRN00203,2026-06-05,Open-source Research,Campaign targets industrial operators,"Kalahari Jackal is targeting critical infrastructure operators in Asia-Pacific using GridLock. Analysts observed credential phishing, unusual vendor access and attempts to reach operational technology networks. Indicators include node-203-sync.example and 198.51.100.204.",1
TRN00204,2026-07-20,Commercial Intelligence,Routine maintenance advisory,A service notice confirms routine maintenance for router firmware. Temporary latency may occur during the approved maintenance window.,0
TRN00205,2025-04-24,Vendor Advisory,Conference notice,Researchers published a general vulnerability affecting telecommunications providers. The advisory applies to versions not deployed by the organisation and contains no evidence of active exploitation in North America.,0
TRN00206,2025-10-19,Regional ISAC,General technology bulletin,A scheduled router firmware update improves performance and resolves minor compatibility issues. No exploitation has been observed and no action is required beyond normal change management.,1
TRN00207,2025-12-15,Vendor Advisory,Conference notice,"The Technology conference will discuss digital transformation, resilience and operational excellence. Registration closes next month.",0
TRN00208,2025-07-11,Vendor Advisory,Campaign targets industrial operators,"Kalahari Jackal is targeting critical infrastructure operators in Europe using GridLock. Analysts observed ransomware deployment, unusual vendor access and attempts to reach operational technology networks. Indicators include node-208-sync.example and 198.51.100.209.",1
TRN00209,2025-07-25,Open-source Research,General technology bulletin,"Researchers published a general vulnerability affecting energy utilities. The advisory applies to versions not deployed by the organisation and contains no evidence of active exploitation in Europe. The bulletin references security monitoring, risk assessment and operational resilience.",0
TRN00210,2026-04-15,Open-source Research,Conference notice,A service notice confirms routine maintenance for router firmware. Temporary latency may occur during the approved maintenance window.,0
TRN00211,2025-10-20,Vendor Advisory,Vendor access abused in OT intrusion,"A campaign affecting power distributors uses compromised maintenance accounts, PowerShell and Sandstorm Loader. Activity includes remote service abuse, historian discovery and scanning of industrial protocols. The infrastructure node-211-sync.example resolves to 198.51.100.212.",1
TRN00212,2025-07-11,Commercial Intelligence,Conference notice,A service notice confirms routine maintenance for backup agent. Temporary latency may occur during the approved maintenance window.,0
TRN00213,2026-09-05,Regional ISAC,Patch availability update,"A scheduled backup agent update improves performance and resolves minor compatibility issues. No exploitation has been observed and no action is required beyond normal change management. The bulletin references security monitoring, risk assessment and operational resilience.",0
TRN00214,2025-07-17,Regional ISAC,Conference notice,Researchers published a general vulnerability affecting telecommunications providers. The advisory applies to versions not deployed by the organisation and contains no evidence of active exploitation in North America.,0
TRN00215,2025-07-06,Regional ISAC,Patch availability update,"Researchers published a general vulnerability affecting financial institutions. The advisory applies to versions not deployed by the organisation and contains no evidence of active exploitation in North America. The bulletin references security monitoring, risk assessment and operational resilience.",0
TRN00216,2025-01-08,Commercial Intelligence,Vendor access abused in OT intrusion,"Incident responders identified Modbus scanning against an electricity operator. The actor Kalahari Jackal moved from a vendor workstation to an OT jump server and queried PLC services. Monitor node-216-sync.example, 198.51.100.217 and hash 601390826bd03a252b36.",0
TRN00217,2025-07-23,Open-source Research,Routine maintenance advisory,A service notice confirms routine maintenance for billing platform. Temporary latency may occur during the approved maintenance window.,1
TRN00218,2026-01-17,Commercial Intelligence,General technology bulletin,A scheduled router firmware update improves performance and resolves minor compatibility issues. No exploitation has been observed and no action is required beyond normal change management.,0
TRN00219,2025-04-19,Commercial Intelligence,Routine maintenance advisory,"A service notice confirms routine maintenance for office suite. Temporary latency may occur during the approved maintenance window. The bulletin references security monitoring, risk assessment and operational resilience.",0
TRN00220,2025-09-29,Regional ISAC,Patch availability update,"The Technology conference will discuss digital transformation, resilience and operational excellence. Registration closes next month.",0
TRN00221,2026-04-30,Regional ISAC,General technology bulletin,A service notice confirms routine maintenance for router firmware. Temporary latency may occur during the approved maintenance window.,0
TRN00222,2025-09-15,Vendor Advisory,Energy-sector malware activity,"A campaign affecting power distributors uses compromised maintenance accounts, PowerShell and unknown PowerShell loader. Activity includes remote service abuse, historian discovery and scanning of industrial protocols. The infrastructure node-222-sync.example resolves to 198.51.100.3.",1
TRN00223,2026-03-25,Open-source Research,Industrial protocol reconnaissance observed,"Copper Dune is targeting energy utilities in East Africa using DustRAT. Analysts observed Modbus scanning, unusual vendor access and attempts to reach operational technology networks. Indicators include node-223-sync.example and 198.51.100.4.",1
TRN00224,2025-07-14,Open-source Research,Routine maintenance advisory,"Researchers published a general vulnerability affecting retail organisations. The advisory applies to versions not deployed by the organisation and contains no evidence of active exploitation in Europe. The bulletin references security monitoring, risk assessment and operational resilience.",0
TRN00225,2026-07-26,CERT-NA,General technology bulletin,Researchers published a general vulnerability affecting universities. The advisory applies to versions not deployed by the organisation and contains no evidence of active exploitation in Europe.,0
TRN00226,2025-12-27,Open-source Research,Industrial protocol reconnaissance observed,"Incident responders identified DNS tunnelling against an electricity operator. The actor Red Kudu moved from a vendor workstation to an OT jump server and queried PLC services. Monitor node-226-sync.example, 198.51.100.7 and hash 523851f7881aa45174fc.",1
TRN00227,2025-10-06,Vendor Advisory,Patch availability update,A scheduled office suite update improves performance and resolves minor compatibility issues. No exploitation has been observed and no action is required beyond normal change management.,0
TRN00228,2025-03-14,Regional ISAC,Patch availability update,"The Technology conference will discuss digital transformation, resilience and operational excellence. Registration closes next month.",0
TRN00229,2025-12-17,CERT-NA,Vendor access abused in OT intrusion,"A campaign affecting power distributors uses compromised maintenance accounts, PowerShell and Sandstorm Loader. Activity includes remote service abuse, historian discovery and scanning of industrial protocols. The infrastructure node-229-sync.example resolves to 198.51.100.10.",1
TRN00230,2025-10-05,Vendor Advisory,Conference notice,A service notice confirms routine maintenance for backup agent. Temporary latency may occur during the approved maintenance window.,0
TRN00231,2025-09-19,CERT-NA,Routine maintenance advisory,Researchers published a general vulnerability affecting telecommunications providers. The advisory applies to versions not deployed by the organisation and contains no evidence of active exploitation in Europe.,0
TRN00232,2026-06-13,Vendor Advisory,General technology bulletin,"The Compliance conference will discuss digital transformation, resilience and operational excellence. Registration closes next month.",0
TRN00233,2025-03-09,Open-source Research,Patch availability update,A scheduled router firmware update improves performance and resolves minor compatibility issues. No exploitation has been observed and no action is required beyond normal change management.,0
TRN00234,2025-06-22,Open-source Research,Vendor access abused in OT intrusion,"Kalahari Jackal is targeting critical infrastructure operators in North America using BreakerFox. Analysts observed ransomware deployment, unusual vendor access and attempts to reach operational technology networks. Indicators include node-234-sync.example and 198.51.100.15.",1
TRN00235,2025-10-08,Regional ISAC,Patch availability update,A service notice confirms routine maintenance for billing platform. Temporary latency may occur during the approved maintenance window.,0
TRN00236,2026-04-20,Regional ISAC,Conference notice,Researchers published a general vulnerability affecting energy utilities. The advisory applies to versions not deployed by the organisation and contains no evidence of active exploitation in Southern Africa.,0
TRN00237,2025-05-02,Commercial Intelligence,Routine maintenance advisory,A service notice confirms routine maintenance for backup agent. Temporary latency may occur during the approved maintenance window.,0
TRN00238,2026-05-22,Vendor Advisory,Campaign targets industrial operators,"A campaign affecting power distributors uses compromised maintenance accounts, PowerShell and DustRAT. Activity includes DNS tunnelling, historian discovery and scanning of industrial protocols. The infrastructure node-238-sync.example resolves to 198.51.100.19.",1
TRN00239,2025-04-02,Vendor Advisory,Conference notice,Researchers published a general vulnerability affecting energy utilities. The advisory applies to versions not deployed by the organisation and contains no evidence of active exploitation in East Africa.,0
TRN00240,2025-04-16,Commercial Intelligence,General technology bulletin,"The Technology conference will discuss digital transformation, resilience and operational excellence. Registration closes next month. The bulletin references security monitoring, risk assessment and operational resilience.",0
TRN00241,2025-11-21,Commercial Intelligence,General technology bulletin,"The Technology conference will discuss digital transformation, resilience and operational excellence. Registration closes next month.",0
TRN00242,2025-08-22,Commercial Intelligence,Conference notice,A service notice confirms routine maintenance for billing platform. Temporary latency may occur during the approved maintenance window.,0
TRN00243,2025-12-26,Open-source Research,Conference notice,A service notice confirms routine maintenance for billing platform. Temporary latency may occur during the approved maintenance window.,0
TRN00244,2025-09-12,Regional ISAC,Conference notice,Researchers published a general vulnerability affecting retail organisations. The advisory applies to versions not deployed by the organisation and contains no evidence of active exploitation in North America.,0
TRN00245,2026-06-08,Commercial Intelligence,Energy-sector malware activity,"A campaign affecting critical infrastructure operators uses compromised maintenance accounts, PowerShell and BreakerFox. Activity includes remote service abuse, historian discovery and scanning of industrial protocols. The infrastructure node-245-sync.example resolves to 198.51.100.26.",1
TRN00246,2026-08-04,Regional ISAC,Routine maintenance advisory,A scheduled backup agent update improves performance and resolves minor compatibility issues. No exploitation has been observed and no action is required beyond normal change management.,0
TRN00247,2026-06-29,Regional ISAC,Routine maintenance advisory,A service notice confirms routine maintenance for router firmware. Temporary latency may occur during the approved maintenance window.,0
TRN00248,2025-01-09,CERT-NA,General technology bulletin,Researchers published a general vulnerability affecting universities. The advisory applies to versions not deployed by the organisation and contains no evidence of active exploitation in East Africa.,0
TRN00249,2025-03-12,Vendor Advisory,Patch availability update,Researchers published a general vulnerability affecting telecommunications providers. The advisory applies to versions not deployed by the organisation and contains no evidence of active exploitation in East Africa.,0
TRN00250,2026-08-31,Open-source Research,Energy-sector malware activity,"Incident responders identified Modbus scanning against an electricity operator. The actor Red Kudu moved from a vendor workstation to an OT jump server and queried PLC services. Monitor node-250-sync.example, 198.51.100.31 and hash 146bca20d6aced89a8b2.",1
TRN00251,2026-02-05,Regional ISAC,Routine maintenance advisory,A service notice confirms routine maintenance for router firmware. Temporary latency may occur during the approved maintenance window.,0
TRN00252,2025-11-30,Commercial Intelligence,Campaign targets industrial operators,"A campaign affecting critical infrastructure operators uses compromised maintenance accounts, PowerShell and GridLock. Activity includes remote service abuse, historian discovery and scanning of industrial protocols. The infrastructure node-252-sync.example resolves to 198.51.100.33.",1
TRN00253,2026-07-15,Vendor Advisory,Conference notice,A service notice confirms routine maintenance for office suite. Temporary latency may occur during the approved maintenance window.,0
TRN00254,2025-07-26,Commercial Intelligence,Patch availability update,Researchers published a general vulnerability affecting energy utilities. The advisory applies to versions not deployed by the organisation and contains no evidence of active exploitation in Southern Africa.,0
TRN00255,2026-02-03,Regional ISAC,Patch availability update,A service notice confirms routine maintenance for backup agent. Temporary latency may occur during the approved maintenance window.,0
TRN00256,2026-04-04,Vendor Advisory,Patch availability update,"The Technology conference will discuss digital transformation, resilience and operational excellence. Registration closes next month.",0
TRN00257,2026-06-24,Vendor Advisory,Vendor access abused in OT intrusion,"Copper Dune is targeting critical infrastructure operators in East Africa using Sandstorm Loader. Analysts observed Modbus scanning, unusual vendor access and attempts to reach operational technology networks. Indicators include node-257-sync.example and 198.51.100.38. The bulletin references security monitoring, risk assessment and operational resilience.",1
TRN00258,2025-09-01,Commercial Intelligence,Conference notice,A service notice confirms routine maintenance for billing platform. Temporary latency may occur during the approved maintenance window.,0
TRN00259,2026-09-01,CERT-NA,Conference notice,A service notice confirms routine maintenance for backup agent. Temporary latency may occur during the approved maintenance window.,0
TRN00260,2025-10-05,Vendor Advisory,Conference notice,A service notice confirms routine maintenance for router firmware. Temporary latency may occur during the approved maintenance window.,0
TRN00261,2026-07-09,Commercial Intelligence,Patch availability update,"The Technology conference will discuss digital transformation, resilience and operational excellence. Registration closes next month. The bulletin references security monitoring, risk assessment and operational resilience.",0
TRN00262,2026-02-08,Vendor Advisory,Patch availability update,Researchers published a general vulnerability affecting telecommunications providers. The advisory applies to versions not deployed by the organisation and contains no evidence of active exploitation in Southern Africa.,0
TRN00263,2026-03-14,Vendor Advisory,Routine maintenance advisory,Researchers published a general vulnerability affecting energy utilities. The advisory applies to versions not deployed by the organisation and contains no evidence of active exploitation in Southern Africa.,0
TRN00264,2025-10-15,Open-source Research,General technology bulletin,A service notice confirms routine maintenance for router firmware. Temporary latency may occur during the approved maintenance window.,0
TRN00265,2026-01-24,CERT-NA,General technology bulletin,A scheduled router firmware update improves performance and resolves minor compatibility issues. No exploitation has been observed and no action is required beyond normal change management.,0
TRN00266,2025-09-10,Vendor Advisory,Industrial protocol reconnaissance observed,"Copper Dune is targeting critical infrastructure operators in Asia-Pacific using Sandstorm Loader. Analysts observed vendor compromise, unusual vendor access and attempts to reach operational technology networks. Indicators include node-266-sync.example and 198.51.100.47.",1
TRN00267,2025-05-21,Commercial Intelligence,General technology bulletin,"Researchers published a general vulnerability affecting retail organisations. The advisory applies to versions not deployed by the organisation and contains no evidence of active exploitation in East Africa. The bulletin references security monitoring, risk assessment and operational resilience.",0
TRN00268,2025-01-05,Commercial Intelligence,Industrial protocol reconnaissance observed,"Incident responders identified vendor compromise against an electricity operator. The actor Night Heron moved from a vendor workstation to an OT jump server and queried PLC services. Monitor node-268-sync.example, 198.51.100.49 and hash e3ac1e39479cc9ca976c.",1
TRN00269,2025-10-30,CERT-NA,Industrial protocol reconnaissance observed,"A campaign affecting critical infrastructure operators uses compromised maintenance accounts, PowerShell and DustRAT. Activity includes DNS tunnelling, historian discovery and scanning of industrial protocols. The infrastructure node-269-sync.example resolves to 198.51.100.50. The bulletin references security monitoring, risk assessment and operational resilience.",1
TRN00270,2025-12-20,Commercial Intelligence,Campaign targets industrial operators,"Kalahari Jackal is targeting power distributors in East Africa using DustRAT. Analysts observed vendor compromise, unusual vendor access and attempts to reach operational technology networks. Indicators include node-270-sync.example and 198.51.100.51.",1
TRN00271,2025-07-27,Commercial Intelligence,Conference notice,A scheduled office suite update improves performance and resolves minor compatibility issues. No exploitation has been observed and no action is required beyond normal change management.,0
TRN00272,2026-03-31,Commercial Intelligence,Industrial protocol reconnaissance observed,"A campaign affecting critical infrastructure operators uses compromised maintenance accounts, PowerShell and Sandstorm Loader. Activity includes Modbus scanning, historian discovery and scanning of industrial protocols. The infrastructure node-272-sync.example resolves to 198.51.100.53.",1
TRN00273,2025-04-24,Vendor Advisory,Patch availability update,"The Cloud Services conference will discuss digital transformation, resilience and operational excellence. Registration closes next month.",0
TRN00274,2025-10-28,Regional ISAC,Conference notice,A service notice confirms routine maintenance for billing platform. Temporary latency may occur during the approved maintenance window.,0
TRN00275,2025-03-09,Commercial Intelligence,Conference notice,"The Compliance conference will discuss digital transformation, resilience and operational excellence. Registration closes next month.",0
TRN00276,2026-09-12,CERT-NA,Industrial protocol reconnaissance observed,"A campaign affecting energy utilities uses compromised maintenance accounts, PowerShell and unknown PowerShell loader. Activity includes remote service abuse, historian discovery and scanning of industrial protocols. The infrastructure node-276-sync.example resolves to 198.51.100.57.",1
TRN00277,2025-05-23,Commercial Intelligence,Patch availability update,"The Compliance conference will discuss digital transformation, resilience and operational excellence. Registration closes next month.",0
TRN00278,2026-07-13,Regional ISAC,Vendor access abused in OT intrusion,"A campaign affecting energy utilities uses compromised maintenance accounts, PowerShell and unknown PowerShell loader. Activity includes Modbus scanning, historian discovery and scanning of industrial protocols. The infrastructure node-278-sync.example resolves to 198.51.100.59.",1
TRN00279,2025-02-09,Regional ISAC,Conference notice,"Researchers published a general vulnerability affecting universities. The advisory applies to versions not deployed by the organisation and contains no evidence of active exploitation in North America. The bulletin references security monitoring, risk assessment and operational resilience.",0
TRN00280,2026-01-24,Commercial Intelligence,Conference notice,Researchers published a general vulnerability affecting retail organisations. The advisory applies to versions not deployed by the organisation and contains no evidence of active exploitation in Europe.,0
TRN00281,2026-07-23,CERT-NA,Conference notice,"The Compliance conference will discuss digital transformation, resilience and operational excellence. Registration closes next month.",0
TRN00282,2025-01-20,Commercial Intelligence,Energy-sector malware activity,"Incident responders identified vendor compromise against an electricity operator. The actor Unknown actor moved from a vendor workstation to an OT jump server and queried PLC services. Monitor node-282-sync.example, 198.51.100.63 and hash 3f63c1d9ca088db0c145.",1
TRN00283,2026-02-09,CERT-NA,General technology bulletin,A scheduled billing platform update improves performance and resolves minor compatibility issues. No exploitation has been observed and no action is required beyond normal change management.,0
TRN00284,2026-07-23,Regional ISAC,Routine maintenance advisory,Researchers published a general vulnerability affecting energy utilities. The advisory applies to versions not deployed by the organisation and contains no evidence of active exploitation in Southern Africa.,0
TRN00285,2025-10-27,Open-source Research,Patch availability update,A scheduled office suite update improves performance and resolves minor compatibility issues. No exploitation has been observed and no action is required beyond normal change management.,0
TRN00286,2025-08-28,CERT-NA,Routine maintenance advisory,Researchers published a general vulnerability affecting universities. The advisory applies to versions not deployed by the organisation and contains no evidence of active exploitation in Europe.,0
TRN00287,2025-10-11,CERT-NA,Conference notice,"The Compliance conference will discuss digital transformation, resilience and operational excellence. Registration closes next month.",0
TRN00288,2025-07-06,CERT-NA,Patch availability update,A service notice confirms routine maintenance for billing platform. Temporary latency may occur during the approved maintenance window.,0
TRN00289,2025-10-16,Regional ISAC,Routine maintenance advisory,A service notice confirms routine maintenance for office suite. Temporary latency may occur during the approved maintenance window.,0
TRN00290,2025-08-27,Vendor Advisory,Vendor access abused in OT intrusion,"Incident responders identified ransomware deployment against an electricity operator. The actor Kalahari Jackal moved from a vendor workstation to an OT jump server and queried PLC services. Monitor node-290-sync.example, 198.51.100.71 and hash d7b0cf95cc11758f3e87.",1
TRN00291,2025-09-05,CERT-NA,Campaign targets industrial operators,"Red Kudu is targeting energy utilities in Asia-Pacific using unknown PowerShell loader. Analysts observed Modbus scanning, unusual vendor access and attempts to reach operational technology networks. Indicators include node-291-sync.example and 198.51.100.72. The bulletin references security monitoring, risk assessment and operational resilience.",1
TRN00292,2025-06-05,Commercial Intelligence,Conference notice,A scheduled backup agent update improves performance and resolves minor compatibility issues. No exploitation has been observed and no action is required beyond normal change management.,0
TRN00293,2025-11-20,CERT-NA,Conference notice,"The Compliance conference will discuss digital transformation, resilience and operational excellence. Registration closes next month.",0
TRN00294,2025-03-03,Regional ISAC,Industrial protocol reconnaissance observed,"Incident responders identified DNS tunnelling against an electricity operator. The actor Night Heron moved from a vendor workstation to an OT jump server and queried PLC services. Monitor node-294-sync.example, 198.51.100.75 and hash 7b4e13ed8a2dad271f2d. The bulletin references security monitoring, risk assessment and operational resilience.",1
TRN00295,2025-07-25,Commercial Intelligence,General technology bulletin,A scheduled office suite update improves performance and resolves minor compatibility issues. No exploitation has been observed and no action is required beyond normal change management.,0
TRN00296,2025-02-27,Vendor Advisory,Industrial protocol reconnaissance observed,"Incident responders identified credential phishing against an electricity operator. The actor Copper Dune moved from a vendor workstation to an OT jump server and queried PLC services. Monitor node-296-sync.example, 198.51.100.77 and hash 4bca3e6185e88359880e. The bulletin references security monitoring, risk assessment and operational resilience.",1
TRN00297,2025-12-16,Commercial Intelligence,Routine maintenance advisory,Researchers published a general vulnerability affecting telecommunications providers. The advisory applies to versions not deployed by the organisation and contains no evidence of active exploitation in Asia-Pacific.,0
TRN00298,2025-09-23,Vendor Advisory,Conference notice,Researchers published a general vulnerability affecting financial institutions. The advisory applies to versions not deployed by the organisation and contains no evidence of active exploitation in Europe.,0
TRN00299,2025-10-24,Vendor Advisory,Energy-sector malware activity,"A campaign affecting critical infrastructure operators uses compromised maintenance accounts, PowerShell and BreakerFox. Activity includes credential phishing, historian discovery and scanning of industrial protocols. The infrastructure node-299-sync.example resolves to 198.51.100.80.",1
TRN00300,2026-02-02,Vendor Advisory,Patch availability update,"A service notice confirms routine maintenance for router firmware. Temporary latency may occur during the approved maintenance window. The bulletin references security monitoring, risk assessment and operational resilience.",0
TRN00301,2025-10-02,Vendor Advisory,Industrial protocol reconnaissance observed,"Incident responders identified vendor compromise against an electricity operator. The actor Red Kudu moved from a vendor workstation to an OT jump server and queried PLC services. Monitor node-301-sync.example, 198.51.100.82 and hash 30d35852ec3b4bf24cc0.",1
TRN00302,2025-02-08,CERT-NA,Patch availability update,A scheduled router firmware update improves performance and resolves minor compatibility issues. No exploitation has been observed and no action is required beyond normal change management.,0
TRN00303,2025-12-18,Commercial Intelligence,Routine maintenance advisory,"The Technology conference will discuss digital transformation, resilience and operational excellence. Registration closes next month. The bulletin references security monitoring, risk assessment and operational resilience.",0
TRN00304,2026-05-06,Commercial Intelligence,General technology bulletin,"The Technology conference will discuss digital transformation, resilience and operational excellence. Registration closes next month. The bulletin references security monitoring, risk assessment and operational resilience.",0
TRN00305,2026-05-09,Commercial Intelligence,Routine maintenance advisory,Researchers published a general vulnerability affecting telecommunications providers. The advisory applies to versions not deployed by the organisation and contains no evidence of active exploitation in Asia-Pacific.,0
TRN00306,2025-05-28,CERT-NA,Industrial protocol reconnaissance observed,"Incident responders identified vendor compromise against an electricity operator. The actor Unknown actor moved from a vendor workstation to an OT jump server and queried PLC services. Monitor node-306-sync.example, 198.51.100.87 and hash a8a3068dac7f363573db.",1
TRN00307,2026-03-14,CERT-NA,Vendor access abused in OT intrusion,"Unknown actor is targeting power distributors in Asia-Pacific using GridLock. Analysts observed remote service abuse, unusual vendor access and attempts to reach operational technology networks. Indicators include node-307-sync.example and 198.51.100.88.",1
TRN00308,2026-02-05,Regional ISAC,Campaign targets industrial operators,"A campaign affecting energy utilities uses compromised maintenance accounts, PowerShell and GridLock. Activity includes credential phishing, historian discovery and scanning of industrial protocols. The infrastructure node-308-sync.example resolves to 198.51.100.89.",1
TRN00309,2026-06-16,Regional ISAC,General technology bulletin,A service notice confirms routine maintenance for billing platform. Temporary latency may occur during the approved maintenance window.,0
TRN00310,2026-07-11,Commercial Intelligence,Conference notice,"The Compliance conference will discuss digital transformation, resilience and operational excellence. Registration closes next month.",0
TRN00311,2025-10-01,Open-source Research,General technology bulletin,A scheduled backup agent update improves performance and resolves minor compatibility issues. No exploitation has been observed and no action is required beyond normal change management.,0
TRN00312,2026-08-04,Open-source Research,Patch availability update,"The Cloud Services conference will discuss digital transformation, resilience and operational excellence. Registration closes next month. The bulletin references security monitoring, risk assessment and operational resilience.",0
TRN00313,2026-06-21,Regional ISAC,Vendor access abused in OT intrusion,"Incident responders identified remote service abuse against an electricity operator. The actor Red Kudu moved from a vendor workstation to an OT jump server and queried PLC services. Monitor node-313-sync.example, 198.51.100.94 and hash bcf410848ff28ba3bde0.",0
TRN00314,2025-07-21,Regional ISAC,General technology bulletin,A service notice confirms routine maintenance for backup agent. Temporary latency may occur during the approved maintenance window.,0
TRN00315,2026-03-31,Vendor Advisory,Energy-sector malware activity,"Red Kudu is targeting energy utilities in East Africa using Sandstorm Loader. Analysts observed remote service abuse, unusual vendor access and attempts to reach operational technology networks. Indicators include node-315-sync.example and 198.51.100.96.",1
TRN00316,2025-03-07,Open-source Research,General technology bulletin,"A scheduled backup agent update improves performance and resolves minor compatibility issues. No exploitation has been observed and no action is required beyond normal change management. The bulletin references security monitoring, risk assessment and operational resilience.",0
TRN00317,2025-08-12,Regional ISAC,Campaign targets industrial operators,"Incident responders identified credential phishing against an electricity operator. The actor Kalahari Jackal moved from a vendor workstation to an OT jump server and queried PLC services. Monitor node-317-sync.example, 198.51.100.98 and hash 221a62714f3d4b31606a.",1
TRN00318,2026-02-03,CERT-NA,Conference notice,"The Compliance conference will discuss digital transformation, resilience and operational excellence. Registration closes next month.",0
TRN00319,2025-03-27,Vendor Advisory,General technology bulletin,A service notice confirms routine maintenance for backup agent. Temporary latency may occur during the approved maintenance window.,0
TRN00320,2025-08-25,Open-source Research,Conference notice,"The Technology conference will discuss digital transformation, resilience and operational excellence. Registration closes next month.",0
TRN00321,2025-08-24,Open-source Research,Patch availability update,"The Compliance conference will discuss digital transformation, resilience and operational excellence. Registration closes next month.",0
TRN00322,2026-08-01,Vendor Advisory,Energy-sector malware activity,"Copper Dune is targeting energy utilities in Europe using BreakerFox. Analysts observed vendor compromise, unusual vendor access and attempts to reach operational technology networks. Indicators include node-322-sync.example and 198.51.100.103.",1
TRN00323,2026-08-30,Regional ISAC,Conference notice,"A service notice confirms routine maintenance for router firmware. Temporary latency may occur during the approved maintenance window. The bulletin references security monitoring, risk assessment and operational resilience.",0
TRN00324,2025-03-27,Open-source Research,Energy-sector malware activity,"Incident responders identified credential phishing against an electricity operator. The actor Night Heron moved from a vendor workstation to an OT jump server and queried PLC services. Monitor node-324-sync.example, 198.51.100.105 and hash 82a9c4a9a9b46cf259f5.",1
TRN00325,2025-05-20,CERT-NA,Routine maintenance advisory,"The Cloud Services conference will discuss digital transformation, resilience and operational excellence. Registration closes next month.",0
TRN00326,2025-06-13,CERT-NA,Vendor access abused in OT intrusion,"Incident responders identified Modbus scanning against an electricity operator. The actor Night Heron moved from a vendor workstation to an OT jump server and queried PLC services. Monitor node-326-sync.example, 198.51.100.107 and hash 791312246dc24fe77ad0.",1
TRN00327,2025-07-07,Vendor Advisory,Routine maintenance advisory,A service notice confirms routine maintenance for backup agent. Temporary latency may occur during the approved maintenance window.,0
TRN00328,2025-03-28,Vendor Advisory,Vendor access abused in OT intrusion,"Incident responders identified remote service abuse against an electricity operator. The actor Kalahari Jackal moved from a vendor workstation to an OT jump server and queried PLC services. Monitor node-328-sync.example, 198.51.100.109 and hash cf2235342f72fcbf83a3.",1
TRN00329,2026-07-15,Vendor Advisory,Campaign targets industrial operators,"Incident responders identified ransomware deployment against an electricity operator. The actor Kalahari Jackal moved from a vendor workstation to an OT jump server and queried PLC services. Monitor node-329-sync.example, 198.51.100.110 and hash 0972bb371d17e83a8e66.",1
TRN00330,2025-12-03,Open-source Research,Industrial protocol reconnaissance observed,"Incident responders identified remote service abuse against an electricity operator. The actor Unknown actor moved from a vendor workstation to an OT jump server and queried PLC services. Monitor node-330-sync.example, 198.51.100.111 and hash fddea744360488f8dbbc.",1
TRN00331,2026-08-20,Regional ISAC,Campaign targets industrial operators,"Incident responders identified ransomware deployment against an electricity operator. The actor Copper Dune moved from a vendor workstation to an OT jump server and queried PLC services. Monitor node-331-sync.example, 198.51.100.112 and hash f1148ea72784846b8ee2.",1
TRN00332,2025-12-02,CERT-NA,Patch availability update,"The Compliance conference will discuss digital transformation, resilience and operational excellence. Registration closes next month.",0
TRN00333,2025-01-22,Vendor Advisory,Patch availability update,A scheduled router firmware update improves performance and resolves minor compatibility issues. No exploitation has been observed and no action is required beyond normal change management.,0
TRN00334,2026-03-10,Regional ISAC,Routine maintenance advisory,A service notice confirms routine maintenance for office suite. Temporary latency may occur during the approved maintenance window.,0
TRN00335,2025-03-25,Open-source Research,Industrial protocol reconnaissance observed,"Unknown actor is targeting energy utilities in East Africa using BreakerFox. Analysts observed Modbus scanning, unusual vendor access and attempts to reach operational technology networks. Indicators include node-335-sync.example and 198.51.100.116.",1
TRN00336,2026-01-13,Open-source Research,General technology bulletin,A service notice confirms routine maintenance for billing platform. Temporary latency may occur during the approved maintenance window.,0
TRN00337,2026-09-05,Open-source Research,General technology bulletin,A service notice confirms routine maintenance for backup agent. Temporary latency may occur during the approved maintenance window.,0
TRN00338,2026-03-22,Open-source Research,Vendor access abused in OT intrusion,"Incident responders identified DNS tunnelling against an electricity operator. The actor Night Heron moved from a vendor workstation to an OT jump server and queried PLC services. Monitor node-338-sync.example, 198.51.100.119 and hash 7577f275738e0db39de1.",1
TRN00339,2025-04-15,Open-source Research,Patch availability update,A service notice confirms routine maintenance for office suite. Temporary latency may occur during the approved maintenance window.,0
TRN00340,2026-05-11,Vendor Advisory,General technology bulletin,"Researchers published a general vulnerability affecting financial institutions. The advisory applies to versions not deployed by the organisation and contains no evidence of active exploitation in Southern Africa. The bulletin references security monitoring, risk assessment and operational resilience.",1
TRN00341,2025-07-23,Regional ISAC,Patch availability update,A scheduled billing platform update improves performance and resolves minor compatibility issues. No exploitation has been observed and no action is required beyond normal change management.,0
TRN00342,2026-08-29,Open-source Research,Vendor access abused in OT intrusion,"Incident responders identified ransomware deployment against an electricity operator. The actor Kalahari Jackal moved from a vendor workstation to an OT jump server and queried PLC services. Monitor node-342-sync.example, 198.51.100.123 and hash 7c8fbe74c6eaffaa54d9.",1
TRN00343,2026-07-06,Vendor Advisory,Routine maintenance advisory,A service notice confirms routine maintenance for billing platform. Temporary latency may occur during the approved maintenance window.,0
TRN00344,2026-05-24,Regional ISAC,Vendor access abused in OT intrusion,"Copper Dune is targeting energy utilities in East Africa using Sandstorm Loader. Analysts observed Modbus scanning, unusual vendor access and attempts to reach operational technology networks. Indicators include node-344-sync.example and 198.51.100.125.",1
TRN00345,2025-03-15,Commercial Intelligence,Campaign targets industrial operators,"Unknown actor is targeting power distributors in East Africa using BreakerFox. Analysts observed vendor compromise, unusual vendor access and attempts to reach operational technology networks. Indicators include node-345-sync.example and 198.51.100.126.",1
TRN00346,2025-02-28,CERT-NA,Routine maintenance advisory,A service notice confirms routine maintenance for office suite. Temporary latency may occur during the approved maintenance window.,0
TRN00347,2026-06-28,Regional ISAC,General technology bulletin,"The Technology conference will discuss digital transformation, resilience and operational excellence. Registration closes next month.",0
TRN00348,2026-07-28,Commercial Intelligence,Campaign targets industrial operators,"A campaign affecting energy utilities uses compromised maintenance accounts, PowerShell and GridLock. Activity includes Modbus scanning, historian discovery and scanning of industrial protocols. The infrastructure node-348-sync.example resolves to 198.51.100.129.",1
TRN00349,2025-04-17,Open-source Research,Patch availability update,"The Technology conference will discuss digital transformation, resilience and operational excellence. Registration closes next month.",0
TRN00350,2026-04-27,Regional ISAC,Routine maintenance advisory,"The Technology conference will discuss digital transformation, resilience and operational excellence. Registration closes next month.",0
TRN00351,2026-07-18,Open-source Research,Industrial protocol reconnaissance observed,"Unknown actor is targeting energy utilities in North America using unknown PowerShell loader. Analysts observed DNS tunnelling, unusual vendor access and attempts to reach operational technology networks. Indicators include node-351-sync.example and 198.51.100.132. The bulletin references security monitoring, risk assessment and operational resilience.",1
TRN00352,2025-10-20,Regional ISAC,General technology bulletin,Researchers published a general vulnerability affecting telecommunications providers. The advisory applies to versions not deployed by the organisation and contains no evidence of active exploitation in Europe.,0
TRN00353,2025-05-30,Commercial Intelligence,Patch availability update,"The Technology conference will discuss digital transformation, resilience and operational excellence. Registration closes next month.",1
TRN00354,2025-03-04,CERT-NA,Industrial protocol reconnaissance observed,"Red Kudu is targeting energy utilities in North America using GridLock. Analysts observed ransomware deployment, unusual vendor access and attempts to reach operational technology networks. Indicators include node-354-sync.example and 198.51.100.135.",1
TRN00355,2025-09-03,Vendor Advisory,Routine maintenance advisory,A service notice confirms routine maintenance for office suite. Temporary latency may occur during the approved maintenance window.,0
TRN00356,2025-11-08,Vendor Advisory,Industrial protocol reconnaissance observed,"Incident responders identified ransomware deployment against an electricity operator. The actor Kalahari Jackal moved from a vendor workstation to an OT jump server and queried PLC services. Monitor node-356-sync.example, 198.51.100.137 and hash 442dbb0b618898e51484. The bulletin references security monitoring, risk assessment and operational resilience.",1
TRN00357,2025-12-08,Vendor Advisory,Conference notice,A service notice confirms routine maintenance for office suite. Temporary latency may occur during the approved maintenance window.,0
TRN00358,2026-09-02,Commercial Intelligence,Routine maintenance advisory,A scheduled billing platform update improves performance and resolves minor compatibility issues. No exploitation has been observed and no action is required beyond normal change management.,0
TRN00359,2025-08-21,Open-source Research,Routine maintenance advisory,"The Compliance conference will discuss digital transformation, resilience and operational excellence. Registration closes next month. The bulletin references security monitoring, risk assessment and operational resilience.",0
TRN00360,2026-08-26,Vendor Advisory,General technology bulletin,"The Compliance conference will discuss digital transformation, resilience and operational excellence. Registration closes next month. The bulletin references security monitoring, risk assessment and operational resilience.",0
TRN00361,2025-11-25,Regional ISAC,Energy-sector malware activity,"Incident responders identified remote service abuse against an electricity operator. The actor Night Heron moved from a vendor workstation to an OT jump server and queried PLC services. Monitor node-361-sync.example, 198.51.100.142 and hash c859326dd7af5d64dbd9.",1
TRN00362,2026-03-20,Commercial Intelligence,General technology bulletin,A scheduled router firmware update improves performance and resolves minor compatibility issues. No exploitation has been observed and no action is required beyond normal change management.,0
TRN00363,2026-05-02,Open-source Research,Energy-sector malware activity,"Incident responders identified DNS tunnelling against an electricity operator. The actor Red Kudu moved from a vendor workstation to an OT jump server and queried PLC services. Monitor node-363-sync.example, 198.51.100.144 and hash 3d6e3d1852a3a28d9c62.",1
TRN00364,2025-07-29,Commercial Intelligence,Patch availability update,A service notice confirms routine maintenance for office suite. Temporary latency may occur during the approved maintenance window.,0
TRN00365,2025-08-07,Vendor Advisory,Vendor access abused in OT intrusion,"A campaign affecting critical infrastructure operators uses compromised maintenance accounts, PowerShell and BreakerFox. Activity includes ransomware deployment, historian discovery and scanning of industrial protocols. The infrastructure node-365-sync.example resolves to 198.51.100.146.",1
TRN00366,2025-09-05,CERT-NA,Routine maintenance advisory,A scheduled office suite update improves performance and resolves minor compatibility issues. No exploitation has been observed and no action is required beyond normal change management.,0
TRN00367,2026-06-09,Regional ISAC,Vendor access abused in OT intrusion,"Night Heron is targeting critical infrastructure operators in Southern Africa using Sandstorm Loader. Analysts observed ransomware deployment, unusual vendor access and attempts to reach operational technology networks. Indicators include node-367-sync.example and 198.51.100.148.",1
TRN00368,2025-04-05,Regional ISAC,Patch availability update,Researchers published a general vulnerability affecting energy utilities. The advisory applies to versions not deployed by the organisation and contains no evidence of active exploitation in Southern Africa.,0
TRN00369,2026-03-13,Vendor Advisory,Conference notice,"A scheduled router firmware update improves performance and resolves minor compatibility issues. No exploitation has been observed and no action is required beyond normal change management. The bulletin references security monitoring, risk assessment and operational resilience.",0
TRN00370,2026-02-24,Vendor Advisory,General technology bulletin,A service notice confirms routine maintenance for billing platform. Temporary latency may occur during the approved maintenance window.,0
TRN00371,2026-03-12,Vendor Advisory,Vendor access abused in OT intrusion,"Incident responders identified credential phishing against an electricity operator. The actor Unknown actor moved from a vendor workstation to an OT jump server and queried PLC services. Monitor node-371-sync.example, 198.51.100.152 and hash 1578ef5961e6e5737756.",1
TRN00372,2026-09-02,Commercial Intelligence,Patch availability update,Researchers published a general vulnerability affecting telecommunications providers. The advisory applies to versions not deployed by the organisation and contains no evidence of active exploitation in Asia-Pacific.,0
TRN00373,2026-05-25,CERT-NA,Routine maintenance advisory,A service notice confirms routine maintenance for billing platform. Temporary latency may occur during the approved maintenance window.,0
TRN00374,2025-05-07,Commercial Intelligence,Energy-sector malware activity,"Night Heron is targeting energy utilities in East Africa using unknown PowerShell loader. Analysts observed DNS tunnelling, unusual vendor access and attempts to reach operational technology networks. Indicators include node-374-sync.example and 198.51.100.155.",1
TRN00375,2025-11-06,Commercial Intelligence,Conference notice,Researchers published a general vulnerability affecting financial institutions. The advisory applies to versions not deployed by the organisation and contains no evidence of active exploitation in North America.,0
TRN00376,2026-08-31,CERT-NA,Routine maintenance advisory,A service notice confirms routine maintenance for billing platform. Temporary latency may occur during the approved maintenance window.,0
TRN00377,2025-07-10,Open-source Research,Patch availability update,A service notice confirms routine maintenance for billing platform. Temporary latency may occur during the approved maintenance window.,0
TRN00378,2026-01-16,Vendor Advisory,Routine maintenance advisory,"The Cloud Services conference will discuss digital transformation, resilience and operational excellence. Registration closes next month.",0
TRN00379,2025-05-07,Regional ISAC,General technology bulletin,"Researchers published a general vulnerability affecting retail organisations. The advisory applies to versions not deployed by the organisation and contains no evidence of active exploitation in Asia-Pacific. The bulletin references security monitoring, risk assessment and operational resilience.",0
TRN00380,2026-07-25,Regional ISAC,General technology bulletin,A service notice confirms routine maintenance for router firmware. Temporary latency may occur during the approved maintenance window.,0
TRN00381,2025-12-26,CERT-NA,Routine maintenance advisory,A service notice confirms routine maintenance for office suite. Temporary latency may occur during the approved maintenance window.,0
TRN00382,2025-10-17,Regional ISAC,Patch availability update,Researchers published a general vulnerability affecting energy utilities. The advisory applies to versions not deployed by the organisation and contains no evidence of active exploitation in North America.,0
TRN00383,2025-03-24,Regional ISAC,Industrial protocol reconnaissance observed,"Incident responders identified DNS tunnelling against an electricity operator. The actor Unknown actor moved from a vendor workstation to an OT jump server and queried PLC services. Monitor node-383-sync.example, 198.51.100.164 and hash cc1f6b8adf17ff974b73.",1
TRN00384,2026-07-06,CERT-NA,Patch availability update,A service notice confirms routine maintenance for router firmware. Temporary latency may occur during the approved maintenance window.,0
TRN00385,2025-11-18,Open-source Research,Routine maintenance advisory,A service notice confirms routine maintenance for router firmware. Temporary latency may occur during the approved maintenance window.,0
TRN00386,2026-04-18,Regional ISAC,Energy-sector malware activity,"Incident responders identified remote service abuse against an electricity operator. The actor Night Heron moved from a vendor workstation to an OT jump server and queried PLC services. Monitor node-386-sync.example, 198.51.100.167 and hash e4630d0b13ce7d1d2e1f.",1
TRN00387,2026-08-30,Open-source Research,Campaign targets industrial operators,"Incident responders identified remote service abuse against an electricity operator. The actor Night Heron moved from a vendor workstation to an OT jump server and queried PLC services. Monitor node-387-sync.example, 198.51.100.168 and hash 4e89abbfb8b4cfbc9898.",1
TRN00388,2026-04-25,Regional ISAC,Routine maintenance advisory,Researchers published a general vulnerability affecting universities. The advisory applies to versions not deployed by the organisation and contains no evidence of active exploitation in Southern Africa.,0
TRN00389,2025-09-09,Regional ISAC,Conference notice,Researchers published a general vulnerability affecting universities. The advisory applies to versions not deployed by the organisation and contains no evidence of active exploitation in North America.,0
TRN00390,2025-06-29,Open-source Research,Patch availability update,"The Compliance conference will discuss digital transformation, resilience and operational excellence. Registration closes next month.",0
TRN00391,2025-10-13,Open-source Research,Patch availability update,Researchers published a general vulnerability affecting universities. The advisory applies to versions not deployed by the organisation and contains no evidence of active exploitation in East Africa.,0
TRN00392,2025-11-28,Commercial Intelligence,Energy-sector malware activity,"Night Heron is targeting energy utilities in North America using DustRAT. Analysts observed vendor compromise, unusual vendor access and attempts to reach operational technology networks. Indicators include node-392-sync.example and 198.51.100.173.",1
TRN00393,2026-07-27,Regional ISAC,Energy-sector malware activity,"A campaign affecting critical infrastructure operators uses compromised maintenance accounts, PowerShell and DustRAT. Activity includes DNS tunnelling, historian discovery and scanning of industrial protocols. The infrastructure node-393-sync.example resolves to 198.51.100.174. The bulletin references security monitoring, risk assessment and operational resilience.",1
TRN00394,2026-08-22,Regional ISAC,Patch availability update,A scheduled office suite update improves performance and resolves minor compatibility issues. No exploitation has been observed and no action is required beyond normal change management.,0
TRN00395,2025-06-08,Regional ISAC,Vendor access abused in OT intrusion,"A campaign affecting energy utilities uses compromised maintenance accounts, PowerShell and GridLock. Activity includes ransomware deployment, historian discovery and scanning of industrial protocols. The infrastructure node-395-sync.example resolves to 198.51.100.176.",1
TRN00396,2025-12-20,Regional ISAC,Routine maintenance advisory,"The Cloud Services conference will discuss digital transformation, resilience and operational excellence. Registration closes next month.",0
TRN00397,2025-08-22,Commercial Intelligence,Vendor access abused in OT intrusion,"Incident responders identified DNS tunnelling against an electricity operator. The actor Night Heron moved from a vendor workstation to an OT jump server and queried PLC services. Monitor node-397-sync.example, 198.51.100.178 and hash d4190042ccc90ee42873.",1
TRN00398,2025-08-03,Vendor Advisory,Conference notice,Researchers published a general vulnerability affecting retail organisations. The advisory applies to versions not deployed by the organisation and contains no evidence of active exploitation in Europe.,0
TRN00399,2026-06-17,CERT-NA,Campaign targets industrial operators,"Incident responders identified DNS tunnelling against an electricity operator. The actor Night Heron moved from a vendor workstation to an OT jump server and queried PLC services. Monitor node-399-sync.example, 198.51.100.180 and hash 4bea93015d5d9b3167b3.",1
TRN00400,2026-06-16,Commercial Intelligence,Routine maintenance advisory,"A service notice confirms routine maintenance for office suite. Temporary latency may occur during the approved maintenance window. The bulletin references security monitoring, risk assessment and operational resilience.",0
TRN00401,2026-03-22,CERT-NA,Conference notice,A service notice confirms routine maintenance for router firmware. Temporary latency may occur during the approved maintenance window.,0
TRN00402,2025-12-23,CERT-NA,Routine maintenance advisory,A scheduled office suite update improves performance and resolves minor compatibility issues. No exploitation has been observed and no action is required beyond normal change management.,0
TRN00403,2025-05-21,Vendor Advisory,Campaign targets industrial operators,"Incident responders identified Modbus scanning against an electricity operator. The actor Red Kudu moved from a vendor workstation to an OT jump server and queried PLC services. Monitor node-403-sync.example, 198.51.100.184 and hash bfe7e992bdc19cdbcb10. The bulletin references security monitoring, risk assessment and operational resilience.",1
TRN00404,2026-06-17,Commercial Intelligence,General technology bulletin,A scheduled billing platform update improves performance and resolves minor compatibility issues. No exploitation has been observed and no action is required beyond normal change management.,0
TRN00405,2026-08-26,Vendor Advisory,Industrial protocol reconnaissance observed,"Kalahari Jackal is targeting power distributors in Asia-Pacific using Sandstorm Loader. Analysts observed Modbus scanning, unusual vendor access and attempts to reach operational technology networks. Indicators include node-405-sync.example and 198.51.100.186.",1
TRN00406,2025-01-24,Commercial Intelligence,Energy-sector malware activity,"Red Kudu is targeting power distributors in Southern Africa using BreakerFox. Analysts observed remote service abuse, unusual vendor access and attempts to reach operational technology networks. Indicators include node-406-sync.example and 198.51.100.187.",1
TRN00407,2025-06-07,Vendor Advisory,Industrial protocol reconnaissance observed,"Red Kudu is targeting critical infrastructure operators in East Africa using GridLock. Analysts observed DNS tunnelling, unusual vendor access and attempts to reach operational technology networks. Indicators include node-407-sync.example and 198.51.100.188.",1
TRN00408,2025-09-05,Regional ISAC,Campaign targets industrial operators,"Incident responders identified ransomware deployment against an electricity operator. The actor Kalahari Jackal moved from a vendor workstation to an OT jump server and queried PLC services. Monitor node-408-sync.example, 198.51.100.189 and hash e2d3e1de38de19cd3c6b.",0
TRN00409,2025-05-21,CERT-NA,Routine maintenance advisory,"The Technology conference will discuss digital transformation, resilience and operational excellence. Registration closes next month.",0
TRN00410,2026-08-06,Open-source Research,Routine maintenance advisory,"The Cloud Services conference will discuss digital transformation, resilience and operational excellence. Registration closes next month.",0
TRN00411,2025-07-15,Open-source Research,Campaign targets industrial operators,"Unknown actor is targeting energy utilities in North America using GridLock. Analysts observed remote service abuse, unusual vendor access and attempts to reach operational technology networks. Indicators include node-411-sync.example and 198.51.100.192.",1
TRN00412,2025-06-11,Commercial Intelligence,Conference notice,A service notice confirms routine maintenance for router firmware. Temporary latency may occur during the approved maintenance window.,0
TRN00413,2026-03-22,Vendor Advisory,Patch availability update,Researchers published a general vulnerability affecting telecommunications providers. The advisory applies to versions not deployed by the organisation and contains no evidence of active exploitation in Europe.,0
TRN00414,2026-06-03,Open-source Research,General technology bulletin,A service notice confirms routine maintenance for office suite. Temporary latency may occur during the approved maintenance window.,0
TRN00415,2026-04-18,CERT-NA,Energy-sector malware activity,"Night Heron is targeting power distributors in Asia-Pacific using Sandstorm Loader. Analysts observed credential phishing, unusual vendor access and attempts to reach operational technology networks. Indicators include node-415-sync.example and 198.51.100.196.",1
TRN00416,2025-02-21,Commercial Intelligence,Industrial protocol reconnaissance observed,"Incident responders identified ransomware deployment against an electricity operator. The actor Copper Dune moved from a vendor workstation to an OT jump server and queried PLC services. Monitor node-416-sync.example, 198.51.100.197 and hash c8ac2709ff9343dac952.",1
TRN00417,2026-01-28,CERT-NA,General technology bulletin,Researchers published a general vulnerability affecting financial institutions. The advisory applies to versions not deployed by the organisation and contains no evidence of active exploitation in East Africa.,0
TRN00418,2025-04-13,Vendor Advisory,Routine maintenance advisory,A service notice confirms routine maintenance for backup agent. Temporary latency may occur during the approved maintenance window.,0
TRN00419,2026-04-17,CERT-NA,Conference notice,"The Cloud Services conference will discuss digital transformation, resilience and operational excellence. Registration closes next month.",0
TRN00420,2025-04-11,CERT-NA,Campaign targets industrial operators,"Kalahari Jackal is targeting critical infrastructure operators in Southern Africa using DustRAT. Analysts observed ransomware deployment, unusual vendor access and attempts to reach operational technology networks. Indicators include node-420-sync.example and 198.51.100.201.",1
TRN00421,2025-03-17,Commercial Intelligence,Energy-sector malware activity,"Incident responders identified vendor compromise against an electricity operator. The actor Red Kudu moved from a vendor workstation to an OT jump server and queried PLC services. Monitor node-421-sync.example, 198.51.100.202 and hash 668ea0aa49f46e7d42ed.",1
TRN00422,2025-07-19,Vendor Advisory,Conference notice,A service notice confirms routine maintenance for office suite. Temporary latency may occur during the approved maintenance window.,0
TRN00423,2026-03-30,CERT-NA,General technology bulletin,"The Cloud Services conference will discuss digital transformation, resilience and operational excellence. Registration closes next month.",0
TRN00424,2026-02-26,CERT-NA,Patch availability update,A service notice confirms routine maintenance for backup agent. Temporary latency may occur during the approved maintenance window.,0
TRN00425,2025-10-07,CERT-NA,Energy-sector malware activity,"A campaign affecting power distributors uses compromised maintenance accounts, PowerShell and BreakerFox. Activity includes ransomware deployment, historian discovery and scanning of industrial protocols. The infrastructure node-425-sync.example resolves to 198.51.100.206.",1
TRN00426,2026-05-09,Vendor Advisory,General technology bulletin,"The Compliance conference will discuss digital transformation, resilience and operational excellence. Registration closes next month.",0
TRN00427,2026-08-11,Vendor Advisory,General technology bulletin,A service notice confirms routine maintenance for router firmware. Temporary latency may occur during the approved maintenance window.,0
TRN00428,2026-06-09,Commercial Intelligence,Routine maintenance advisory,"A scheduled office suite update improves performance and resolves minor compatibility issues. No exploitation has been observed and no action is required beyond normal change management. The bulletin references security monitoring, risk assessment and operational resilience.",0
TRN00429,2025-07-30,Regional ISAC,Patch availability update,A scheduled router firmware update improves performance and resolves minor compatibility issues. No exploitation has been observed and no action is required beyond normal change management.,0
TRN00430,2026-01-16,Commercial Intelligence,Vendor access abused in OT intrusion,"A campaign affecting energy utilities uses compromised maintenance accounts, PowerShell and DustRAT. Activity includes Modbus scanning, historian discovery and scanning of industrial protocols. The infrastructure node-430-sync.example resolves to 198.51.100.211.",1
TRN00431,2026-07-15,CERT-NA,General technology bulletin,A service notice confirms routine maintenance for backup agent. Temporary latency may occur during the approved maintenance window.,0
TRN00432,2026-02-19,Regional ISAC,Patch availability update,A scheduled billing platform update improves performance and resolves minor compatibility issues. No exploitation has been observed and no action is required beyond normal change management.,0
TRN00433,2025-07-29,CERT-NA,General technology bulletin,"The Compliance conference will discuss digital transformation, resilience and operational excellence. Registration closes next month.",0
TRN00434,2026-07-31,Open-source Research,Conference notice,A scheduled billing platform update improves performance and resolves minor compatibility issues. No exploitation has been observed and no action is required beyond normal change management.,0
TRN00435,2026-02-12,Commercial Intelligence,Routine maintenance advisory,A service notice confirms routine maintenance for backup agent. Temporary latency may occur during the approved maintenance window.,0
TRN00436,2025-04-09,Vendor Advisory,General technology bulletin,Researchers published a general vulnerability affecting financial institutions. The advisory applies to versions not deployed by the organisation and contains no evidence of active exploitation in Southern Africa.,0
TRN00437,2026-07-24,Commercial Intelligence,Conference notice,"The Technology conference will discuss digital transformation, resilience and operational excellence. Registration closes next month.",0
TRN00438,2025-10-16,CERT-NA,Conference notice,"The Cloud Services conference will discuss digital transformation, resilience and operational excellence. Registration closes next month.",0
TRN00439,2025-08-12,Open-source Research,Routine maintenance advisory,"The Technology conference will discuss digital transformation, resilience and operational excellence. Registration closes next month.",0
TRN00440,2026-08-07,CERT-NA,General technology bulletin,Researchers published a general vulnerability affecting energy utilities. The advisory applies to versions not deployed by the organisation and contains no evidence of active exploitation in Southern Africa.,0
TRN00441,2025-08-31,Vendor Advisory,General technology bulletin,Researchers published a general vulnerability affecting retail organisations. The advisory applies to versions not deployed by the organisation and contains no evidence of active exploitation in Southern Africa.,0
TRN00442,2026-01-31,Commercial Intelligence,Patch availability update,"The Compliance conference will discuss digital transformation, resilience and operational excellence. Registration closes next month.",0
TRN00443,2025-07-17,Vendor Advisory,Campaign targets industrial operators,"Incident responders identified DNS tunnelling against an electricity operator. The actor Kalahari Jackal moved from a vendor workstation to an OT jump server and queried PLC services. Monitor node-443-sync.example, 198.51.100.4 and hash 6fa6f01ee59ad1679ab7.",1
TRN00444,2025-08-14,Open-source Research,Routine maintenance advisory,A service notice confirms routine maintenance for office suite. Temporary latency may occur during the approved maintenance window.,0
TRN00445,2025-08-18,Vendor Advisory,Conference notice,A scheduled billing platform update improves performance and resolves minor compatibility issues. No exploitation has been observed and no action is required beyond normal change management.,0
TRN00446,2025-04-04,Open-source Research,Conference notice,A scheduled backup agent update improves performance and resolves minor compatibility issues. No exploitation has been observed and no action is required beyond normal change management.,0
TRN00447,2025-04-18,CERT-NA,General technology bulletin,A service notice confirms routine maintenance for router firmware. Temporary latency may occur during the approved maintenance window.,1
TRN00448,2025-02-22,CERT-NA,Patch availability update,Researchers published a general vulnerability affecting retail organisations. The advisory applies to versions not deployed by the organisation and contains no evidence of active exploitation in Southern Africa.,0
TRN00449,2026-03-03,CERT-NA,Vendor access abused in OT intrusion,"A campaign affecting energy utilities uses compromised maintenance accounts, PowerShell and unknown PowerShell loader. Activity includes Modbus scanning, historian discovery and scanning of industrial protocols. The infrastructure node-449-sync.example resolves to 198.51.100.10.",1
TRN00450,2025-01-18,Commercial Intelligence,General technology bulletin,A scheduled router firmware update improves performance and resolves minor compatibility issues. No exploitation has been observed and no action is required beyond normal change management.,0
TRN00451,2026-03-11,CERT-NA,Patch availability update,A service notice confirms routine maintenance for router firmware. Temporary latency may occur during the approved maintenance window.,0
TRN00452,2025-09-29,CERT-NA,Conference notice,Researchers published a general vulnerability affecting retail organisations. The advisory applies to versions not deployed by the organisation and contains no evidence of active exploitation in Asia-Pacific.,0
TRN00453,2026-04-20,Open-source Research,Energy-sector malware activity,"Incident responders identified vendor compromise against an electricity operator. The actor Unknown actor moved from a vendor workstation to an OT jump server and queried PLC services. Monitor node-453-sync.example, 198.51.100.14 and hash 4300d822c013040aa5ee. The bulletin references security monitoring, risk assessment and operational resilience.",1
TRN00454,2025-08-16,Regional ISAC,Conference notice,"A scheduled backup agent update improves performance and resolves minor compatibility issues. No exploitation has been observed and no action is required beyond normal change management. The bulletin references security monitoring, risk assessment and operational resilience.",0
TRN00455,2025-04-08,Commercial Intelligence,Routine maintenance advisory,Researchers published a general vulnerability affecting retail organisations. The advisory applies to versions not deployed by the organisation and contains no evidence of active exploitation in Europe.,0
TRN00456,2025-05-26,Vendor Advisory,Industrial protocol reconnaissance observed,"Incident responders identified remote service abuse against an electricity operator. The actor Copper Dune moved from a vendor workstation to an OT jump server and queried PLC services. Monitor node-456-sync.example, 198.51.100.17 and hash 6eec5afb32bcdffd1bc1.",1
TRN00457,2025-04-25,Commercial Intelligence,Vendor access abused in OT intrusion,"A campaign affecting critical infrastructure operators uses compromised maintenance accounts, PowerShell and GridLock. Activity includes DNS tunnelling, historian discovery and scanning of industrial protocols. The infrastructure node-457-sync.example resolves to 198.51.100.18.",1
TRN00458,2025-07-13,CERT-NA,Campaign targets industrial operators,"Incident responders identified ransomware deployment against an electricity operator. The actor Kalahari Jackal moved from a vendor workstation to an OT jump server and queried PLC services. Monitor node-458-sync.example, 198.51.100.19 and hash e2f94a5395f0f3f91cf4.",1
TRN00459,2025-11-11,Vendor Advisory,General technology bulletin,"A service notice confirms routine maintenance for billing platform. Temporary latency may occur during the approved maintenance window. The bulletin references security monitoring, risk assessment and operational resilience.",0
TRN00460,2026-08-31,Regional ISAC,Campaign targets industrial operators,"Night Heron is targeting power distributors in East Africa using DustRAT. Analysts observed DNS tunnelling, unusual vendor access and attempts to reach operational technology networks. Indicators include node-460-sync.example and 198.51.100.21.",1
TRN00461,2026-06-20,Regional ISAC,Conference notice,"The Technology conference will discuss digital transformation, resilience and operational excellence. Registration closes next month.",0
TRN00462,2025-02-16,CERT-NA,Routine maintenance advisory,Researchers published a general vulnerability affecting energy utilities. The advisory applies to versions not deployed by the organisation and contains no evidence of active exploitation in Europe.,0
TRN00463,2025-07-24,Open-source Research,Vendor access abused in OT intrusion,"A campaign affecting power distributors uses compromised maintenance accounts, PowerShell and GridLock. Activity includes Modbus scanning, historian discovery and scanning of industrial protocols. The infrastructure node-463-sync.example resolves to 198.51.100.24.",1
TRN00464,2026-01-03,Regional ISAC,General technology bulletin,A service notice confirms routine maintenance for billing platform. Temporary latency may occur during the approved maintenance window.,1
TRN00465,2026-02-16,Commercial Intelligence,Conference notice,Researchers published a general vulnerability affecting telecommunications providers. The advisory applies to versions not deployed by the organisation and contains no evidence of active exploitation in East Africa.,0
TRN00466,2026-01-28,Commercial Intelligence,General technology bulletin,Researchers published a general vulnerability affecting telecommunications providers. The advisory applies to versions not deployed by the organisation and contains no evidence of active exploitation in Southern Africa.,0
TRN00467,2025-08-25,Regional ISAC,Conference notice,A scheduled office suite update improves performance and resolves minor compatibility issues. No exploitation has been observed and no action is required beyond normal change management.,0
TRN00468,2025-07-25,Commercial Intelligence,Campaign targets industrial operators,"Unknown actor is targeting power distributors in Europe using Sandstorm Loader. Analysts observed Modbus scanning, unusual vendor access and attempts to reach operational technology networks. Indicators include node-468-sync.example and 198.51.100.29.",1
TRN00469,2025-05-06,Commercial Intelligence,Campaign targets industrial operators,"Incident responders identified DNS tunnelling against an electricity operator. The actor Red Kudu moved from a vendor workstation to an OT jump server and queried PLC services. Monitor node-469-sync.example, 198.51.100.30 and hash 7762e4ad6e568a0432bd.",1
TRN00470,2025-03-19,Regional ISAC,General technology bulletin,Researchers published a general vulnerability affecting telecommunications providers. The advisory applies to versions not deployed by the organisation and contains no evidence of active exploitation in East Africa.,0
TRN00471,2025-07-29,Commercial Intelligence,Routine maintenance advisory,A service notice confirms routine maintenance for backup agent. Temporary latency may occur during the approved maintenance window.,0
TRN00472,2025-11-23,Vendor Advisory,Routine maintenance advisory,Researchers published a general vulnerability affecting retail organisations. The advisory applies to versions not deployed by the organisation and contains no evidence of active exploitation in Asia-Pacific.,0
TRN00473,2025-08-15,Vendor Advisory,Routine maintenance advisory,A service notice confirms routine maintenance for router firmware. Temporary latency may occur during the approved maintenance window.,0
TRN00474,2025-01-19,Commercial Intelligence,Campaign targets industrial operators,"Red Kudu is targeting energy utilities in Southern Africa using DustRAT. Analysts observed credential phishing, unusual vendor access and attempts to reach operational technology networks. Indicators include node-474-sync.example and 198.51.100.35.",1
TRN00475,2026-09-02,Regional ISAC,Industrial protocol reconnaissance observed,"Night Heron is targeting power distributors in Europe using Sandstorm Loader. Analysts observed remote service abuse, unusual vendor access and attempts to reach operational technology networks. Indicators include node-475-sync.example and 198.51.100.36.",1
TRN00476,2025-09-27,Open-source Research,Industrial protocol reconnaissance observed,"Incident responders identified vendor compromise against an electricity operator. The actor Unknown actor moved from a vendor workstation to an OT jump server and queried PLC services. Monitor node-476-sync.example, 198.51.100.37 and hash c93874c1439050bfce2c.",1
TRN00477,2025-02-24,CERT-NA,Routine maintenance advisory,A scheduled billing platform update improves performance and resolves minor compatibility issues. No exploitation has been observed and no action is required beyond normal change management.,0
TRN00478,2025-08-23,Vendor Advisory,Routine maintenance advisory,A scheduled router firmware update improves performance and resolves minor compatibility issues. No exploitation has been observed and no action is required beyond normal change management.,0
TRN00479,2025-12-12,CERT-NA,General technology bulletin,"The Compliance conference will discuss digital transformation, resilience and operational excellence. Registration closes next month.",0
TRN00480,2025-05-07,Vendor Advisory,General technology bulletin,Researchers published a general vulnerability affecting energy utilities. The advisory applies to versions not deployed by the organisation and contains no evidence of active exploitation in Southern Africa.,0
TRN00481,2025-07-13,Regional ISAC,Vendor access abused in OT intrusion,"A campaign affecting critical infrastructure operators uses compromised maintenance accounts, PowerShell and DustRAT. Activity includes DNS tunnelling, historian discovery and scanning of industrial protocols. The infrastructure node-481-sync.example resolves to 198.51.100.42.",1
TRN00482,2025-03-04,CERT-NA,Conference notice,A scheduled router firmware update improves performance and resolves minor compatibility issues. No exploitation has been observed and no action is required beyond normal change management.,0
TRN00483,2026-05-24,Vendor Advisory,Vendor access abused in OT intrusion,"Incident responders identified DNS tunnelling against an electricity operator. The actor Red Kudu moved from a vendor workstation to an OT jump server and queried PLC services. Monitor node-483-sync.example, 198.51.100.44 and hash 08106a7acfdf22023415.",1
TRN00484,2026-09-01,Commercial Intelligence,Patch availability update,A scheduled backup agent update improves performance and resolves minor compatibility issues. No exploitation has been observed and no action is required beyond normal change management.,0
TRN00485,2025-07-05,Regional ISAC,Conference notice,"Researchers published a general vulnerability affecting financial institutions. The advisory applies to versions not deployed by the organisation and contains no evidence of active exploitation in East Africa. The bulletin references security monitoring, risk assessment and operational resilience.",0
TRN00486,2026-08-24,Commercial Intelligence,Conference notice,Researchers published a general vulnerability affecting financial institutions. The advisory applies to versions not deployed by the organisation and contains no evidence of active exploitation in Asia-Pacific.,0
TRN00487,2025-05-05,CERT-NA,General technology bulletin,A scheduled backup agent update improves performance and resolves minor compatibility issues. No exploitation has been observed and no action is required beyond normal change management.,0
TRN00488,2026-05-12,Commercial Intelligence,Routine maintenance advisory,Researchers published a general vulnerability affecting energy utilities. The advisory applies to versions not deployed by the organisation and contains no evidence of active exploitation in Southern Africa.,0
TRN00489,2025-05-28,CERT-NA,Vendor access abused in OT intrusion,"Red Kudu is targeting energy utilities in North America using GridLock. Analysts observed remote service abuse, unusual vendor access and attempts to reach operational technology networks. Indicators include node-489-sync.example and 198.51.100.50. The bulletin references security monitoring, risk assessment and operational resilience.",1
TRN00490,2025-01-03,Open-source Research,Routine maintenance advisory,"The Compliance conference will discuss digital transformation, resilience and operational excellence. Registration closes next month.",0
TRN00491,2025-07-10,CERT-NA,Patch availability update,Researchers published a general vulnerability affecting financial institutions. The advisory applies to versions not deployed by the organisation and contains no evidence of active exploitation in North America.,0
TRN00492,2026-04-21,Vendor Advisory,Routine maintenance advisory,A service notice confirms routine maintenance for router firmware. Temporary latency may occur during the approved maintenance window.,1
TRN00493,2025-01-04,CERT-NA,Conference notice,Researchers published a general vulnerability affecting telecommunications providers. The advisory applies to versions not deployed by the organisation and contains no evidence of active exploitation in East Africa.,0
TRN00494,2025-08-03,Regional ISAC,Vendor access abused in OT intrusion,"A campaign affecting energy utilities uses compromised maintenance accounts, PowerShell and DustRAT. Activity includes ransomware deployment, historian discovery and scanning of industrial protocols. The infrastructure node-494-sync.example resolves to 198.51.100.55.",1
TRN00495,2025-05-20,Commercial Intelligence,Vendor access abused in OT intrusion,"Incident responders identified ransomware deployment against an electricity operator. The actor Kalahari Jackal moved from a vendor workstation to an OT jump server and queried PLC services. Monitor node-495-sync.example, 198.51.100.56 and hash 3b30842527c500e1387a. The bulletin references security monitoring, risk assessment and operational resilience.",1
TRN00496,2025-06-28,Vendor Advisory,Conference notice,"The Compliance conference will discuss digital transformation, resilience and operational excellence. Registration closes next month.",0
TRN00497,2026-05-29,Open-source Research,General technology bulletin,Researchers published a general vulnerability affecting telecommunications providers. The advisory applies to versions not deployed by the organisation and contains no evidence of active exploitation in North America.,0
TRN00498,2025-01-15,Open-source Research,Industrial protocol reconnaissance observed,"A campaign affecting energy utilities uses compromised maintenance accounts, PowerShell and DustRAT. Activity includes DNS tunnelling, historian discovery and scanning of industrial protocols. The infrastructure node-498-sync.example resolves to 198.51.100.59.",1
TRN00499,2026-03-30,CERT-NA,Patch availability update,A service notice confirms routine maintenance for office suite. Temporary latency may occur during the approved maintenance window.,0
TRN00500,2025-10-03,Vendor Advisory,Patch availability update,"Researchers published a general vulnerability affecting telecommunications providers. The advisory applies to versions not deployed by the organisation and contains no evidence of active exploitation in Asia-Pacific. The bulletin references security monitoring, risk assessment and operational resilience.",0
TRN00501,2025-06-04,Vendor Advisory,Routine maintenance advisory,"The Cloud Services conference will discuss digital transformation, resilience and operational excellence. Registration closes next month.",0
TRN00502,2026-05-23,Commercial Intelligence,Conference notice,"The Technology conference will discuss digital transformation, resilience and operational excellence. Registration closes next month.",0
TRN00503,2026-03-15,Commercial Intelligence,Industrial protocol reconnaissance observed,"A campaign affecting energy utilities uses compromised maintenance accounts, PowerShell and GridLock. Activity includes remote service abuse, historian discovery and scanning of industrial protocols. The infrastructure node-503-sync.example resolves to 198.51.100.64. The bulletin references security monitoring, risk assessment and operational resilience.",1
TRN00504,2025-06-02,Regional ISAC,General technology bulletin,A service notice confirms routine maintenance for billing platform. Temporary latency may occur during the approved maintenance window.,0
TRN00505,2025-09-24,CERT-NA,General technology bulletin,A service notice confirms routine maintenance for backup agent. Temporary latency may occur during the approved maintenance window.,0
TRN00506,2026-04-17,Commercial Intelligence,Patch availability update,A service notice confirms routine maintenance for router firmware. Temporary latency may occur during the approved maintenance window.,0
TRN00507,2025-08-24,CERT-NA,Vendor access abused in OT intrusion,"A campaign affecting power distributors uses compromised maintenance accounts, PowerShell and DustRAT. Activity includes remote service abuse, historian discovery and scanning of industrial protocols. The infrastructure node-507-sync.example resolves to 198.51.100.68.",1
TRN00508,2026-08-15,Regional ISAC,Campaign targets industrial operators,"Incident responders identified DNS tunnelling against an electricity operator. The actor Copper Dune moved from a vendor workstation to an OT jump server and queried PLC services. Monitor node-508-sync.example, 198.51.100.69 and hash ad543b623b6cd6f5cfe4. The bulletin references security monitoring, risk assessment and operational resilience.",1
TRN00509,2026-06-01,Vendor Advisory,Patch availability update,"The Technology conference will discuss digital transformation, resilience and operational excellence. Registration closes next month.",0
TRN00510,2026-01-02,Open-source Research,Conference notice,A service notice confirms routine maintenance for billing platform. Temporary latency may occur during the approved maintenance window.,0
TRN00511,2025-03-17,Open-source Research,Patch availability update,"The Cloud Services conference will discuss digital transformation, resilience and operational excellence. Registration closes next month.",0
TRN00512,2025-07-21,Regional ISAC,Vendor access abused in OT intrusion,"A campaign affecting critical infrastructure operators uses compromised maintenance accounts, PowerShell and unknown PowerShell loader. Activity includes ransomware deployment, historian discovery and scanning of industrial protocols. The infrastructure node-512-sync.example resolves to 198.51.100.73.",0
TRN00513,2025-06-05,CERT-NA,Energy-sector malware activity,"A campaign affecting power distributors uses compromised maintenance accounts, PowerShell and DustRAT. Activity includes DNS tunnelling, historian discovery and scanning of industrial protocols. The infrastructure node-513-sync.example resolves to 198.51.100.74.",1
TRN00514,2026-08-29,CERT-NA,General technology bulletin,Researchers published a general vulnerability affecting financial institutions. The advisory applies to versions not deployed by the organisation and contains no evidence of active exploitation in East Africa.,0
TRN00515,2025-08-28,Regional ISAC,Vendor access abused in OT intrusion,"A campaign affecting power distributors uses compromised maintenance accounts, PowerShell and unknown PowerShell loader. Activity includes remote service abuse, historian discovery and scanning of industrial protocols. The infrastructure node-515-sync.example resolves to 198.51.100.76.",1
TRN00516,2026-01-05,Commercial Intelligence,Industrial protocol reconnaissance observed,"Incident responders identified DNS tunnelling against an electricity operator. The actor Copper Dune moved from a vendor workstation to an OT jump server and queried PLC services. Monitor node-516-sync.example, 198.51.100.77 and hash 2a5cbdd766704018fc0e. The bulletin references security monitoring, risk assessment and operational resilience.",1
TRN00517,2025-06-08,Commercial Intelligence,Conference notice,A scheduled office suite update improves performance and resolves minor compatibility issues. No exploitation has been observed and no action is required beyond normal change management.,0
TRN00518,2026-08-18,Regional ISAC,Campaign targets industrial operators,"Incident responders identified DNS tunnelling against an electricity operator. The actor Copper Dune moved from a vendor workstation to an OT jump server and queried PLC services. Monitor node-518-sync.example, 198.51.100.79 and hash 7cef0554fc583bd9b649.",1
TRN00519,2026-08-27,Commercial Intelligence,Vendor access abused in OT intrusion,"Red Kudu is targeting power distributors in Asia-Pacific using Sandstorm Loader. Analysts observed credential phishing, unusual vendor access and attempts to reach operational technology networks. Indicators include node-519-sync.example and 198.51.100.80.",1
TRN00520,2025-03-23,Vendor Advisory,Patch availability update,A service notice confirms routine maintenance for backup agent. Temporary latency may occur during the approved maintenance window.,0
TRN00521,2026-04-22,Vendor Advisory,Patch availability update,A service notice confirms routine maintenance for office suite. Temporary latency may occur during the approved maintenance window.,0
TRN00522,2026-09-11,Vendor Advisory,General technology bulletin,Researchers published a general vulnerability affecting energy utilities. The advisory applies to versions not deployed by the organisation and contains no evidence of active exploitation in Asia-Pacific.,0
TRN00523,2025-05-17,CERT-NA,General technology bulletin,Researchers published a general vulnerability affecting energy utilities. The advisory applies to versions not deployed by the organisation and contains no evidence of active exploitation in East Africa.,0
TRN00524,2025-08-01,CERT-NA,Routine maintenance advisory,"The Cloud Services conference will discuss digital transformation, resilience and operational excellence. Registration closes next month.",0
TRN00525,2026-06-27,Commercial Intelligence,Conference notice,"The Technology conference will discuss digital transformation, resilience and operational excellence. Registration closes next month.",0
TRN00526,2025-05-29,Commercial Intelligence,General technology bulletin,A service notice confirms routine maintenance for office suite. Temporary latency may occur during the approved maintenance window.,0
TRN00527,2025-07-10,Vendor Advisory,General technology bulletin,A scheduled office suite update improves performance and resolves minor compatibility issues. No exploitation has been observed and no action is required beyond normal change management.,0
TRN00528,2025-06-02,Open-source Research,General technology bulletin,"The Compliance conference will discuss digital transformation, resilience and operational excellence. Registration closes next month.",0
TRN00529,2026-02-15,Commercial Intelligence,Conference notice,"The Compliance conference will discuss digital transformation, resilience and operational excellence. Registration closes next month.",0
TRN00530,2025-06-18,Commercial Intelligence,General technology bulletin,Researchers published a general vulnerability affecting retail organisations. The advisory applies to versions not deployed by the organisation and contains no evidence of active exploitation in Southern Africa.,1
TRN00531,2025-06-07,CERT-NA,General technology bulletin,"A service notice confirms routine maintenance for billing platform. Temporary latency may occur during the approved maintenance window. The bulletin references security monitoring, risk assessment and operational resilience.",0
TRN00532,2026-03-02,Open-source Research,Industrial protocol reconnaissance observed,"A campaign affecting energy utilities uses compromised maintenance accounts, PowerShell and BreakerFox. Activity includes credential phishing, historian discovery and scanning of industrial protocols. The infrastructure node-532-sync.example resolves to 198.51.100.93.",1
TRN00533,2025-01-16,Commercial Intelligence,Conference notice,"A scheduled router firmware update improves performance and resolves minor compatibility issues. No exploitation has been observed and no action is required beyond normal change management. The bulletin references security monitoring, risk assessment and operational resilience.",0
TRN00534,2025-09-11,Regional ISAC,Industrial protocol reconnaissance observed,"Red Kudu is targeting energy utilities in East Africa using BreakerFox. Analysts observed DNS tunnelling, unusual vendor access and attempts to reach operational technology networks. Indicators include node-534-sync.example and 198.51.100.95.",1
TRN00535,2025-12-17,Commercial Intelligence,Conference notice,"The Technology conference will discuss digital transformation, resilience and operational excellence. Registration closes next month. The bulletin references security monitoring, risk assessment and operational resilience.",0
TRN00536,2025-03-18,Commercial Intelligence,Campaign targets industrial operators,"Copper Dune is targeting energy utilities in North America using Sandstorm Loader. Analysts observed DNS tunnelling, unusual vendor access and attempts to reach operational technology networks. Indicators include node-536-sync.example and 198.51.100.97.",1
TRN00537,2026-05-16,Regional ISAC,Vendor access abused in OT intrusion,"Red Kudu is targeting energy utilities in North America using GridLock. Analysts observed remote service abuse, unusual vendor access and attempts to reach operational technology networks. Indicators include node-537-sync.example and 198.51.100.98.",1
TRN00538,2025-04-12,Commercial Intelligence,Routine maintenance advisory,"A service notice confirms routine maintenance for backup agent. Temporary latency may occur during the approved maintenance window. The bulletin references security monitoring, risk assessment and operational resilience.",0
TRN00539,2025-09-11,Regional ISAC,General technology bulletin,A scheduled billing platform update improves performance and resolves minor compatibility issues. No exploitation has been observed and no action is required beyond normal change management.,0
TRN00540,2026-03-20,CERT-NA,Routine maintenance advisory,Researchers published a general vulnerability affecting telecommunications providers. The advisory applies to versions not deployed by the organisation and contains no evidence of active exploitation in Asia-Pacific.,0
TRN00541,2025-08-08,CERT-NA,Industrial protocol reconnaissance observed,"Incident responders identified vendor compromise against an electricity operator. The actor Unknown actor moved from a vendor workstation to an OT jump server and queried PLC services. Monitor node-541-sync.example, 198.51.100.102 and hash 47a78a3f4be8c1a606cb.",1
TRN00542,2026-07-31,Open-source Research,General technology bulletin,Researchers published a general vulnerability affecting retail organisations. The advisory applies to versions not deployed by the organisation and contains no evidence of active exploitation in Southern Africa.,0
TRN00543,2026-06-03,CERT-NA,Patch availability update,Researchers published a general vulnerability affecting telecommunications providers. The advisory applies to versions not deployed by the organisation and contains no evidence of active exploitation in East Africa.,0
TRN00544,2025-11-06,Commercial Intelligence,Patch availability update,"A scheduled backup agent update improves performance and resolves minor compatibility issues. No exploitation has been observed and no action is required beyond normal change management. The bulletin references security monitoring, risk assessment and operational resilience.",0
TRN00545,2025-11-26,CERT-NA,General technology bulletin,Researchers published a general vulnerability affecting universities. The advisory applies to versions not deployed by the organisation and contains no evidence of active exploitation in Europe.,0
TRN00546,2025-03-07,Commercial Intelligence,Industrial protocol reconnaissance observed,"A campaign affecting energy utilities uses compromised maintenance accounts, PowerShell and BreakerFox. Activity includes Modbus scanning, historian discovery and scanning of industrial protocols. The infrastructure node-546-sync.example resolves to 198.51.100.107.",1
TRN00547,2026-07-01,CERT-NA,Patch availability update,Researchers published a general vulnerability affecting universities. The advisory applies to versions not deployed by the organisation and contains no evidence of active exploitation in Europe.,0
TRN00548,2025-04-03,Commercial Intelligence,Patch availability update,Researchers published a general vulnerability affecting universities. The advisory applies to versions not deployed by the organisation and contains no evidence of active exploitation in North America.,0
TRN00549,2025-08-07,CERT-NA,Industrial protocol reconnaissance observed,"Incident responders identified DNS tunnelling against an electricity operator. The actor Red Kudu moved from a vendor workstation to an OT jump server and queried PLC services. Monitor node-549-sync.example, 198.51.100.110 and hash 129db21b463bbd477cb9.",1
TRN00550,2025-02-16,Commercial Intelligence,Patch availability update,A scheduled backup agent update improves performance and resolves minor compatibility issues. No exploitation has been observed and no action is required beyond normal change management.,0
TRN00551,2025-11-13,Commercial Intelligence,Campaign targets industrial operators,"A campaign affecting energy utilities uses compromised maintenance accounts, PowerShell and DustRAT. Activity includes credential phishing, historian discovery and scanning of industrial protocols. The infrastructure node-551-sync.example resolves to 198.51.100.112.",1
TRN00552,2026-06-23,CERT-NA,Patch availability update,"The Compliance conference will discuss digital transformation, resilience and operational excellence. Registration closes next month.",0
TRN00553,2026-05-24,Vendor Advisory,General technology bulletin,"The Compliance conference will discuss digital transformation, resilience and operational excellence. Registration closes next month.",0
TRN00554,2025-10-23,CERT-NA,Vendor access abused in OT intrusion,"Incident responders identified DNS tunnelling against an electricity operator. The actor Unknown actor moved from a vendor workstation to an OT jump server and queried PLC services. Monitor node-554-sync.example, 198.51.100.115 and hash bc48fa4a6d044f5c4ef4.",1
TRN00555,2025-11-22,Commercial Intelligence,Patch availability update,"The Cloud Services conference will discuss digital transformation, resilience and operational excellence. Registration closes next month.",0
TRN00556,2026-07-25,Open-source Research,General technology bulletin,"A service notice confirms routine maintenance for router firmware. Temporary latency may occur during the approved maintenance window. The bulletin references security monitoring, risk assessment and operational resilience.",0
TRN00557,2026-09-07,Open-source Research,Campaign targets industrial operators,"A campaign affecting power distributors uses compromised maintenance accounts, PowerShell and BreakerFox. Activity includes credential phishing, historian discovery and scanning of industrial protocols. The infrastructure node-557-sync.example resolves to 198.51.100.118.",1
TRN00558,2025-06-30,CERT-NA,General technology bulletin,Researchers published a general vulnerability affecting financial institutions. The advisory applies to versions not deployed by the organisation and contains no evidence of active exploitation in Southern Africa.,1
TRN00559,2025-04-15,Commercial Intelligence,Industrial protocol reconnaissance observed,"Incident responders identified credential phishing against an electricity operator. The actor Kalahari Jackal moved from a vendor workstation to an OT jump server and queried PLC services. Monitor node-559-sync.example, 198.51.100.120 and hash 1d28f35e6d448ce6963b.",1
TRN00560,2026-09-09,Commercial Intelligence,Vendor access abused in OT intrusion,"Unknown actor is targeting energy utilities in Asia-Pacific using BreakerFox. Analysts observed credential phishing, unusual vendor access and attempts to reach operational technology networks. Indicators include node-560-sync.example and 198.51.100.121.",1
TRN00561,2025-03-11,CERT-NA,Routine maintenance advisory,"The Compliance conference will discuss digital transformation, resilience and operational excellence. Registration closes next month.",1
TRN00562,2025-12-01,Vendor Advisory,General technology bulletin,"A service notice confirms routine maintenance for billing platform. Temporary latency may occur during the approved maintenance window. The bulletin references security monitoring, risk assessment and operational resilience.",0
TRN00563,2026-05-27,Vendor Advisory,Patch availability update,"The Technology conference will discuss digital transformation, resilience and operational excellence. Registration closes next month.",0
TRN00564,2026-04-28,Vendor Advisory,Vendor access abused in OT intrusion,"Kalahari Jackal is targeting power distributors in North America using DustRAT. Analysts observed Modbus scanning, unusual vendor access and attempts to reach operational technology networks. Indicators include node-564-sync.example and 198.51.100.125.",1
TRN00565,2025-08-21,Commercial Intelligence,General technology bulletin,"A scheduled office suite update improves performance and resolves minor compatibility issues. No exploitation has been observed and no action is required beyond normal change management. The bulletin references security monitoring, risk assessment and operational resilience.",0
TRN00566,2026-04-23,Commercial Intelligence,Industrial protocol reconnaissance observed,"Incident responders identified vendor compromise against an electricity operator. The actor Red Kudu moved from a vendor workstation to an OT jump server and queried PLC services. Monitor node-566-sync.example, 198.51.100.127 and hash 2290f6fa3e1ecad67c2a.",1
TRN00567,2025-09-18,Open-source Research,Campaign targets industrial operators,"Incident responders identified credential phishing against an electricity operator. The actor Unknown actor moved from a vendor workstation to an OT jump server and queried PLC services. Monitor node-567-sync.example, 198.51.100.128 and hash 869c3b1e37dc68109b72.",1
TRN00568,2025-05-04,Regional ISAC,Patch availability update,A scheduled router firmware update improves performance and resolves minor compatibility issues. No exploitation has been observed and no action is required beyond normal change management.,0
TRN00569,2025-05-19,Vendor Advisory,Routine maintenance advisory,Researchers published a general vulnerability affecting universities. The advisory applies to versions not deployed by the organisation and contains no evidence of active exploitation in Europe.,0
TRN00570,2025-11-03,CERT-NA,Vendor access abused in OT intrusion,"Red Kudu is targeting critical infrastructure operators in Europe using GridLock. Analysts observed DNS tunnelling, unusual vendor access and attempts to reach operational technology networks. Indicators include node-570-sync.example and 198.51.100.131.",1
TRN00571,2026-04-22,Vendor Advisory,General technology bulletin,Researchers published a general vulnerability affecting financial institutions. The advisory applies to versions not deployed by the organisation and contains no evidence of active exploitation in Southern Africa.,0
TRN00572,2026-04-04,CERT-NA,Energy-sector malware activity,"Unknown actor is targeting power distributors in Europe using Sandstorm Loader. Analysts observed remote service abuse, unusual vendor access and attempts to reach operational technology networks. Indicators include node-572-sync.example and 198.51.100.133.",1
TRN00573,2025-09-06,Regional ISAC,Industrial protocol reconnaissance observed,"A campaign affecting critical infrastructure operators uses compromised maintenance accounts, PowerShell and BreakerFox. Activity includes vendor compromise, historian discovery and scanning of industrial protocols. The infrastructure node-573-sync.example resolves to 198.51.100.134.",1
TRN00574,2025-08-17,CERT-NA,Patch availability update,A scheduled billing platform update improves performance and resolves minor compatibility issues. No exploitation has been observed and no action is required beyond normal change management.,0
TRN00575,2025-09-22,Commercial Intelligence,Vendor access abused in OT intrusion,"Incident responders identified credential phishing against an electricity operator. The actor Night Heron moved from a vendor workstation to an OT jump server and queried PLC services. Monitor node-575-sync.example, 198.51.100.136 and hash a29fd773a202ba048269.",1
TRN00576,2025-06-22,Regional ISAC,Conference notice,A scheduled backup agent update improves performance and resolves minor compatibility issues. No exploitation has been observed and no action is required beyond normal change management.,0
TRN00577,2025-04-27,Vendor Advisory,Patch availability update,"Researchers published a general vulnerability affecting retail organisations. The advisory applies to versions not deployed by the organisation and contains no evidence of active exploitation in Southern Africa. The bulletin references security monitoring, risk assessment and operational resilience.",0
TRN00578,2025-06-19,Regional ISAC,Conference notice,"The Technology conference will discuss digital transformation, resilience and operational excellence. Registration closes next month.",0
TRN00579,2026-02-26,Open-source Research,Conference notice,"A service notice confirms routine maintenance for office suite. Temporary latency may occur during the approved maintenance window. The bulletin references security monitoring, risk assessment and operational resilience.",0
TRN00580,2025-06-14,Vendor Advisory,Patch availability update,A service notice confirms routine maintenance for office suite. Temporary latency may occur during the approved maintenance window.,0
TRN00581,2026-07-30,Commercial Intelligence,Conference notice,Researchers published a general vulnerability affecting universities. The advisory applies to versions not deployed by the organisation and contains no evidence of active exploitation in Asia-Pacific.,0
TRN00582,2025-08-19,Commercial Intelligence,Vendor access abused in OT intrusion,"Incident responders identified ransomware deployment against an electricity operator. The actor Night Heron moved from a vendor workstation to an OT jump server and queried PLC services. Monitor node-582-sync.example, 198.51.100.143 and hash 808f69fc0fd16b8f922b.",0
TRN00583,2026-07-12,Vendor Advisory,General technology bulletin,A scheduled office suite update improves performance and resolves minor compatibility issues. No exploitation has been observed and no action is required beyond normal change management.,0
TRN00584,2025-05-05,CERT-NA,General technology bulletin,"The Technology conference will discuss digital transformation, resilience and operational excellence. Registration closes next month.",0
TRN00585,2026-07-07,Regional ISAC,Routine maintenance advisory,"The Cloud Services conference will discuss digital transformation, resilience and operational excellence. Registration closes next month. The bulletin references security monitoring, risk assessment and operational resilience.",0
TRN00586,2025-05-13,Commercial Intelligence,Conference notice,A scheduled office suite update improves performance and resolves minor compatibility issues. No exploitation has been observed and no action is required beyond normal change management.,0
TRN00587,2025-11-06,Regional ISAC,General technology bulletin,"The Compliance conference will discuss digital transformation, resilience and operational excellence. Registration closes next month. The bulletin references security monitoring, risk assessment and operational resilience.",0
TRN00588,2025-09-29,Vendor Advisory,Energy-sector malware activity,"A campaign affecting power distributors uses compromised maintenance accounts, PowerShell and BreakerFox. Activity includes vendor compromise, historian discovery and scanning of industrial protocols. The infrastructure node-588-sync.example resolves to 198.51.100.149. The bulletin references security monitoring, risk assessment and operational resilience.",1
TRN00589,2026-08-12,Commercial Intelligence,Conference notice,Researchers published a general vulnerability affecting energy utilities. The advisory applies to versions not deployed by the organisation and contains no evidence of active exploitation in North America.,0
TRN00590,2025-09-07,Open-source Research,Energy-sector malware activity,"Incident responders identified ransomware deployment against an electricity operator. The actor Unknown actor moved from a vendor workstation to an OT jump server and queried PLC services. Monitor node-590-sync.example, 198.51.100.151 and hash 652729ba01ac7f5b44c1. The bulletin references security monitoring, risk assessment and operational resilience.",1
TRN00591,2026-08-28,CERT-NA,Patch availability update,A scheduled backup agent update improves performance and resolves minor compatibility issues. No exploitation has been observed and no action is required beyond normal change management.,0
TRN00592,2026-03-19,Commercial Intelligence,Campaign targets industrial operators,"A campaign affecting energy utilities uses compromised maintenance accounts, PowerShell and GridLock. Activity includes remote service abuse, historian discovery and scanning of industrial protocols. The infrastructure node-592-sync.example resolves to 198.51.100.153.",1
TRN00593,2025-06-25,Regional ISAC,Campaign targets industrial operators,"Incident responders identified DNS tunnelling against an electricity operator. The actor Night Heron moved from a vendor workstation to an OT jump server and queried PLC services. Monitor node-593-sync.example, 198.51.100.154 and hash 0300ece1bb02384bb230.",1
TRN00594,2025-04-11,Commercial Intelligence,Campaign targets industrial operators,"Incident responders identified credential phishing against an electricity operator. The actor Kalahari Jackal moved from a vendor workstation to an OT jump server and queried PLC services. Monitor node-594-sync.example, 198.51.100.155 and hash bb6399baebea10a9dbbf.",0
TRN00595,2025-05-28,Open-source Research,Industrial protocol reconnaissance observed,"Night Heron is targeting critical infrastructure operators in Southern Africa using unknown PowerShell loader. Analysts observed DNS tunnelling, unusual vendor access and attempts to reach operational technology networks. Indicators include node-595-sync.example and 198.51.100.156.",1
TRN00596,2025-11-09,Vendor Advisory,Industrial protocol reconnaissance observed,"A campaign affecting critical infrastructure operators uses compromised maintenance accounts, PowerShell and Sandstorm Loader. Activity includes ransomware deployment, historian discovery and scanning of industrial protocols. The infrastructure node-596-sync.example resolves to 198.51.100.157.",1
TRN00597,2025-07-10,Vendor Advisory,Patch availability update,A scheduled backup agent update improves performance and resolves minor compatibility issues. No exploitation has been observed and no action is required beyond normal change management.,0
TRN00598,2025-02-21,Regional ISAC,Patch availability update,"A service notice confirms routine maintenance for backup agent. Temporary latency may occur during the approved maintenance window. The bulletin references security monitoring, risk assessment and operational resilience.",0
TRN00599,2026-07-14,CERT-NA,Patch availability update,Researchers published a general vulnerability affecting energy utilities. The advisory applies to versions not deployed by the organisation and contains no evidence of active exploitation in Asia-Pacific.,0
TRN00600,2025-03-26,CERT-NA,Vendor access abused in OT intrusion,"Copper Dune is targeting power distributors in East Africa using DustRAT. Analysts observed Modbus scanning, unusual vendor access and attempts to reach operational technology networks. Indicators include node-600-sync.example and 198.51.100.161.",1
TRN00601,2025-05-31,Vendor Advisory,Energy-sector malware activity,"Incident responders identified credential phishing against an electricity operator. The actor Unknown actor moved from a vendor workstation to an OT jump server and queried PLC services. Monitor node-601-sync.example, 198.51.100.162 and hash 20e14d5232faa7207565.",1
TRN00602,2025-01-18,Open-source Research,Campaign targets industrial operators,"Copper Dune is targeting critical infrastructure operators in East Africa using GridLock. Analysts observed DNS tunnelling, unusual vendor access and attempts to reach operational technology networks. Indicators include node-602-sync.example and 198.51.100.163.",1
TRN00603,2026-03-13,Regional ISAC,Patch availability update,A service notice confirms routine maintenance for backup agent. Temporary latency may occur during the approved maintenance window.,0
TRN00604,2025-01-01,Open-source Research,Vendor access abused in OT intrusion,"Unknown actor is targeting energy utilities in Southern Africa using unknown PowerShell loader. Analysts observed ransomware deployment, unusual vendor access and attempts to reach operational technology networks. Indicators include node-604-sync.example and 198.51.100.165.",1
TRN00605,2025-07-09,Commercial Intelligence,General technology bulletin,"A service notice confirms routine maintenance for billing platform. Temporary latency may occur during the approved maintenance window. The bulletin references security monitoring, risk assessment and operational resilience.",0
TRN00606,2026-07-10,CERT-NA,Patch availability update,Researchers published a general vulnerability affecting financial institutions. The advisory applies to versions not deployed by the organisation and contains no evidence of active exploitation in East Africa.,0
TRN00607,2026-04-30,Commercial Intelligence,Conference notice,Researchers published a general vulnerability affecting universities. The advisory applies to versions not deployed by the organisation and contains no evidence of active exploitation in Europe.,0
TRN00608,2025-11-04,Vendor Advisory,Conference notice,"A scheduled billing platform update improves performance and resolves minor compatibility issues. No exploitation has been observed and no action is required beyond normal change management. The bulletin references security monitoring, risk assessment and operational resilience.",0
TRN00609,2025-09-25,Vendor Advisory,Patch availability update,"A service notice confirms routine maintenance for router firmware. Temporary latency may occur during the approved maintenance window. The bulletin references security monitoring, risk assessment and operational resilience.",0
TRN00610,2025-03-24,Vendor Advisory,General technology bulletin,Researchers published a general vulnerability affecting retail organisations. The advisory applies to versions not deployed by the organisation and contains no evidence of active exploitation in Asia-Pacific.,0
TRN00611,2026-08-07,Open-source Research,General technology bulletin,A scheduled router firmware update improves performance and resolves minor compatibility issues. No exploitation has been observed and no action is required beyond normal change management.,0
TRN00612,2026-07-09,Open-source Research,Patch availability update,"The Compliance conference will discuss digital transformation, resilience and operational excellence. Registration closes next month.",0
TRN00613,2026-06-15,Vendor Advisory,Patch availability update,"The Technology conference will discuss digital transformation, resilience and operational excellence. Registration closes next month. The bulletin references security monitoring, risk assessment and operational resilience.",0
TRN00614,2025-11-06,CERT-NA,Patch availability update,A service notice confirms routine maintenance for backup agent. Temporary latency may occur during the approved maintenance window.,0
TRN00615,2026-07-30,Open-source Research,Patch availability update,A service notice confirms routine maintenance for backup agent. Temporary latency may occur during the approved maintenance window.,0
TRN00616,2025-07-21,Vendor Advisory,Conference notice,"The Technology conference will discuss digital transformation, resilience and operational excellence. Registration closes next month.",0
TRN00617,2025-08-05,Vendor Advisory,General technology bulletin,"Researchers published a general vulnerability affecting universities. The advisory applies to versions not deployed by the organisation and contains no evidence of active exploitation in Southern Africa. The bulletin references security monitoring, risk assessment and operational resilience.",0
TRN00618,2025-02-09,CERT-NA,Energy-sector malware activity,"Night Heron is targeting critical infrastructure operators in Asia-Pacific using DustRAT. Analysts observed ransomware deployment, unusual vendor access and attempts to reach operational technology networks. Indicators include node-618-sync.example and 198.51.100.179.",1
TRN00619,2026-09-02,CERT-NA,Industrial protocol reconnaissance observed,"Incident responders identified Modbus scanning against an electricity operator. The actor Unknown actor moved from a vendor workstation to an OT jump server and queried PLC services. Monitor node-619-sync.example, 198.51.100.180 and hash b6b95ed6461db43d9109.",1
TRN00620,2025-10-15,Commercial Intelligence,Conference notice,A scheduled backup agent update improves performance and resolves minor compatibility issues. No exploitation has been observed and no action is required beyond normal change management.,0
TRN00621,2026-04-16,CERT-NA,Energy-sector malware activity,"Incident responders identified remote service abuse against an electricity operator. The actor Red Kudu moved from a vendor workstation to an OT jump server and queried PLC services. Monitor node-621-sync.example, 198.51.100.182 and hash 710be1b7e9eba9b3cfd1. The bulletin references security monitoring, risk assessment and operational resilience.",1
TRN00622,2026-04-30,Open-source Research,Industrial protocol reconnaissance observed,"Incident responders identified ransomware deployment against an electricity operator. The actor Unknown actor moved from a vendor workstation to an OT jump server and queried PLC services. Monitor node-622-sync.example, 198.51.100.183 and hash e203ecf76a6354048121.",1
TRN00623,2026-08-02,Regional ISAC,General technology bulletin,"A service notice confirms routine maintenance for router firmware. Temporary latency may occur during the approved maintenance window. The bulletin references security monitoring, risk assessment and operational resilience.",0
TRN00624,2025-06-23,Vendor Advisory,Routine maintenance advisory,"Researchers published a general vulnerability affecting energy utilities. The advisory applies to versions not deployed by the organisation and contains no evidence of active exploitation in Southern Africa. The bulletin references security monitoring, risk assessment and operational resilience.",0
TRN00625,2025-10-03,Regional ISAC,Routine maintenance advisory,A scheduled backup agent update improves performance and resolves minor compatibility issues. No exploitation has been observed and no action is required beyond normal change management.,0
TRN00626,2025-08-19,Open-source Research,Conference notice,A service notice confirms routine maintenance for backup agent. Temporary latency may occur during the approved maintenance window.,0
TRN00627,2025-02-23,CERT-NA,Conference notice,A scheduled office suite update improves performance and resolves minor compatibility issues. No exploitation has been observed and no action is required beyond normal change management.,0
TRN00628,2025-10-07,Open-source Research,Routine maintenance advisory,A service notice confirms routine maintenance for router firmware. Temporary latency may occur during the approved maintenance window.,0
TRN00629,2026-06-27,Vendor Advisory,General technology bulletin,"The Technology conference will discuss digital transformation, resilience and operational excellence. Registration closes next month.",0
TRN00630,2026-07-14,Open-source Research,Energy-sector malware activity,"Incident responders identified Modbus scanning against an electricity operator. The actor Copper Dune moved from a vendor workstation to an OT jump server and queried PLC services. Monitor node-630-sync.example, 198.51.100.191 and hash 062d91e7519c72148fd9.",1
TRN00631,2025-10-28,Vendor Advisory,Industrial protocol reconnaissance observed,"Incident responders identified Modbus scanning against an electricity operator. The actor Red Kudu moved from a vendor workstation to an OT jump server and queried PLC services. Monitor node-631-sync.example, 198.51.100.192 and hash a3925ca796a001daa4bc.",1
TRN00632,2025-01-22,Open-source Research,Conference notice,Researchers published a general vulnerability affecting energy utilities. The advisory applies to versions not deployed by the organisation and contains no evidence of active exploitation in Asia-Pacific.,0
TRN00633,2026-04-08,Regional ISAC,Routine maintenance advisory,"The Cloud Services conference will discuss digital transformation, resilience and operational excellence. Registration closes next month. The bulletin references security monitoring, risk assessment and operational resilience.",0
TRN00634,2025-02-09,Vendor Advisory,Routine maintenance advisory,A service notice confirms routine maintenance for router firmware. Temporary latency may occur during the approved maintenance window.,0
TRN00635,2026-02-25,Open-source Research,Routine maintenance advisory,A service notice confirms routine maintenance for billing platform. Temporary latency may occur during the approved maintenance window.,0
TRN00636,2025-08-10,Commercial Intelligence,Conference notice,A service notice confirms routine maintenance for router firmware. Temporary latency may occur during the approved maintenance window.,0
TRN00637,2026-07-06,Commercial Intelligence,Patch availability update,A scheduled billing platform update improves performance and resolves minor compatibility issues. No exploitation has been observed and no action is required beyond normal change management.,0
TRN00638,2026-06-15,CERT-NA,Patch availability update,A scheduled backup agent update improves performance and resolves minor compatibility issues. No exploitation has been observed and no action is required beyond normal change management.,0
TRN00639,2026-03-29,Regional ISAC,General technology bulletin,"The Cloud Services conference will discuss digital transformation, resilience and operational excellence. Registration closes next month.",0
TRN00640,2026-06-28,Open-source Research,Energy-sector malware activity,"Incident responders identified ransomware deployment against an electricity operator. The actor Copper Dune moved from a vendor workstation to an OT jump server and queried PLC services. Monitor node-640-sync.example, 198.51.100.201 and hash a7efcf87153cd398dba4. The bulletin references security monitoring, risk assessment and operational resilience.",1
TRN00641,2026-01-21,Open-source Research,Conference notice,"Researchers published a general vulnerability affecting universities. The advisory applies to versions not deployed by the organisation and contains no evidence of active exploitation in Asia-Pacific. The bulletin references security monitoring, risk assessment and operational resilience.",0
TRN00642,2025-08-23,CERT-NA,Industrial protocol reconnaissance observed,"Kalahari Jackal is targeting critical infrastructure operators in East Africa using Sandstorm Loader. Analysts observed remote service abuse, unusual vendor access and attempts to reach operational technology networks. Indicators include node-642-sync.example and 198.51.100.203.",1
TRN00643,2026-07-28,Commercial Intelligence,Vendor access abused in OT intrusion,"A campaign affecting energy utilities uses compromised maintenance accounts, PowerShell and DustRAT. Activity includes credential phishing, historian discovery and scanning of industrial protocols. The infrastructure node-643-sync.example resolves to 198.51.100.204.",1
TRN00644,2026-03-04,Open-source Research,Patch availability update,A scheduled billing platform update improves performance and resolves minor compatibility issues. No exploitation has been observed and no action is required beyond normal change management.,0
TRN00645,2026-05-24,Vendor Advisory,Conference notice,A service notice confirms routine maintenance for billing platform. Temporary latency may occur during the approved maintenance window.,0
TRN00646,2025-04-14,Regional ISAC,Patch availability update,A scheduled router firmware update improves performance and resolves minor compatibility issues. No exploitation has been observed and no action is required beyond normal change management.,0
TRN00647,2025-07-30,CERT-NA,Routine maintenance advisory,Researchers published a general vulnerability affecting retail organisations. The advisory applies to versions not deployed by the organisation and contains no evidence of active exploitation in North America.,0
TRN00648,2026-05-31,Open-source Research,Energy-sector malware activity,"Kalahari Jackal is targeting critical infrastructure operators in Europe using BreakerFox. Analysts observed DNS tunnelling, unusual vendor access and attempts to reach operational technology networks. Indicators include node-648-sync.example and 198.51.100.209.",1
TRN00649,2026-02-18,CERT-NA,General technology bulletin,"A scheduled billing platform update improves performance and resolves minor compatibility issues. No exploitation has been observed and no action is required beyond normal change management. The bulletin references security monitoring, risk assessment and operational resilience.",0
TRN00650,2026-05-31,Commercial Intelligence,Conference notice,A scheduled billing platform update improves performance and resolves minor compatibility issues. No exploitation has been observed and no action is required beyond normal change management.,0
TRN00651,2025-07-09,Commercial Intelligence,Patch availability update,"A service notice confirms routine maintenance for billing platform. Temporary latency may occur during the approved maintenance window. The bulletin references security monitoring, risk assessment and operational resilience.",0
TRN00652,2025-09-11,Commercial Intelligence,General technology bulletin,A scheduled router firmware update improves performance and resolves minor compatibility issues. No exploitation has been observed and no action is required beyond normal change management.,0
TRN00653,2025-12-03,Commercial Intelligence,Conference notice,"The Compliance conference will discuss digital transformation, resilience and operational excellence. Registration closes next month. The bulletin references security monitoring, risk assessment and operational resilience.",0
TRN00654,2025-08-04,Regional ISAC,General technology bulletin,"A scheduled router firmware update improves performance and resolves minor compatibility issues. No exploitation has been observed and no action is required beyond normal change management. The bulletin references security monitoring, risk assessment and operational resilience.",1
TRN00655,2025-07-27,Vendor Advisory,Energy-sector malware activity,"A campaign affecting energy utilities uses compromised maintenance accounts, PowerShell and BreakerFox. Activity includes vendor compromise, historian discovery and scanning of industrial protocols. The infrastructure node-655-sync.example resolves to 198.51.100.216. The bulletin references security monitoring, risk assessment and operational resilience.",1
TRN00656,2025-01-26,Vendor Advisory,Routine maintenance advisory,"A scheduled office suite update improves performance and resolves minor compatibility issues. No exploitation has been observed and no action is required beyond normal change management. The bulletin references security monitoring, risk assessment and operational resilience.",0
TRN00657,2025-01-06,Vendor Advisory,Campaign targets industrial operators,"Incident responders identified remote service abuse against an electricity operator. The actor Night Heron moved from a vendor workstation to an OT jump server and queried PLC services. Monitor node-657-sync.example, 198.51.100.218 and hash 6d3b6781d0b945bd8742.",1
TRN00658,2025-04-22,Regional ISAC,Patch availability update,A scheduled billing platform update improves performance and resolves minor compatibility issues. No exploitation has been observed and no action is required beyond normal change management.,0
TRN00659,2025-05-02,Open-source Research,Industrial protocol reconnaissance observed,"Incident responders identified ransomware deployment against an electricity operator. The actor Kalahari Jackal moved from a vendor workstation to an OT jump server and queried PLC services. Monitor node-659-sync.example, 198.51.100.220 and hash e6e2bb7b85e6d5e06e40.",1
TRN00660,2025-10-27,CERT-NA,Energy-sector malware activity,"Incident responders identified ransomware deployment against an electricity operator. The actor Copper Dune moved from a vendor workstation to an OT jump server and queried PLC services. Monitor node-660-sync.example, 198.51.100.1 and hash 2c49eb76ae7d6ad734e9.",1
TRN00661,2026-07-22,Open-source Research,Energy-sector malware activity,"Incident responders identified ransomware deployment against an electricity operator. The actor Red Kudu moved from a vendor workstation to an OT jump server and queried PLC services. Monitor node-661-sync.example, 198.51.100.2 and hash 3fa4bac12156732aeede.",1
TRN00662,2025-04-14,Open-source Research,Vendor access abused in OT intrusion,"A campaign affecting power distributors uses compromised maintenance accounts, PowerShell and BreakerFox. Activity includes ransomware deployment, historian discovery and scanning of industrial protocols. The infrastructure node-662-sync.example resolves to 198.51.100.3.",1
TRN00663,2026-09-10,Regional ISAC,Energy-sector malware activity,"A campaign affecting energy utilities uses compromised maintenance accounts, PowerShell and BreakerFox. Activity includes vendor compromise, historian discovery and scanning of industrial protocols. The infrastructure node-663-sync.example resolves to 198.51.100.4.",1
TRN00664,2026-02-19,Open-source Research,Industrial protocol reconnaissance observed,"A campaign affecting power distributors uses compromised maintenance accounts, PowerShell and Sandstorm Loader. Activity includes DNS tunnelling, historian discovery and scanning of industrial protocols. The infrastructure node-664-sync.example resolves to 198.51.100.5.",1
TRN00665,2025-10-09,Vendor Advisory,Routine maintenance advisory,"The Compliance conference will discuss digital transformation, resilience and operational excellence. Registration closes next month.",0
TRN00666,2025-06-21,Commercial Intelligence,Energy-sector malware activity,"Incident responders identified ransomware deployment against an electricity operator. The actor Red Kudu moved from a vendor workstation to an OT jump server and queried PLC services. Monitor node-666-sync.example, 198.51.100.7 and hash 4492329f89b5a910ed58.",1
TRN00667,2025-08-11,Commercial Intelligence,Campaign targets industrial operators,"Unknown actor is targeting energy utilities in Europe using Sandstorm Loader. Analysts observed ransomware deployment, unusual vendor access and attempts to reach operational technology networks. Indicators include node-667-sync.example and 198.51.100.8.",1
TRN00668,2025-09-10,Regional ISAC,General technology bulletin,"The Cloud Services conference will discuss digital transformation, resilience and operational excellence. Registration closes next month.",0
TRN00669,2025-01-25,Regional ISAC,Industrial protocol reconnaissance observed,"A campaign affecting critical infrastructure operators uses compromised maintenance accounts, PowerShell and DustRAT. Activity includes Modbus scanning, historian discovery and scanning of industrial protocols. The infrastructure node-669-sync.example resolves to 198.51.100.10.",1
TRN00670,2025-08-25,Commercial Intelligence,Vendor access abused in OT intrusion,"Incident responders identified Modbus scanning against an electricity operator. The actor Red Kudu moved from a vendor workstation to an OT jump server and queried PLC services. Monitor node-670-sync.example, 198.51.100.11 and hash 88e8b1528d13be2df164.",1
TRN00671,2025-04-24,Vendor Advisory,Patch availability update,A service notice confirms routine maintenance for backup agent. Temporary latency may occur during the approved maintenance window.,0
TRN00672,2025-12-30,CERT-NA,Routine maintenance advisory,A service notice confirms routine maintenance for router firmware. Temporary latency may occur during the approved maintenance window.,0
TRN00673,2025-10-18,CERT-NA,Campaign targets industrial operators,"Incident responders identified vendor compromise against an electricity operator. The actor Kalahari Jackal moved from a vendor workstation to an OT jump server and queried PLC services. Monitor node-673-sync.example, 198.51.100.14 and hash cda491533e0684e866a1.",1
TRN00674,2026-08-03,Vendor Advisory,Industrial protocol reconnaissance observed,"A campaign affecting critical infrastructure operators uses compromised maintenance accounts, PowerShell and Sandstorm Loader. Activity includes credential phishing, historian discovery and scanning of industrial protocols. The infrastructure node-674-sync.example resolves to 198.51.100.15.",1
TRN00675,2026-03-11,Vendor Advisory,Energy-sector malware activity,"Incident responders identified credential phishing against an electricity operator. The actor Kalahari Jackal moved from a vendor workstation to an OT jump server and queried PLC services. Monitor node-675-sync.example, 198.51.100.16 and hash 54bc2eaa051fe36fbb58.",1
TRN00676,2025-09-19,Regional ISAC,Campaign targets industrial operators,"A campaign affecting critical infrastructure operators uses compromised maintenance accounts, PowerShell and Sandstorm Loader. Activity includes DNS tunnelling, historian discovery and scanning of industrial protocols. The infrastructure node-676-sync.example resolves to 198.51.100.17.",1
TRN00677,2026-02-23,Regional ISAC,General technology bulletin,Researchers published a general vulnerability affecting energy utilities. The advisory applies to versions not deployed by the organisation and contains no evidence of active exploitation in Asia-Pacific.,0
TRN00678,2025-06-07,CERT-NA,Patch availability update,"A scheduled backup agent update improves performance and resolves minor compatibility issues. No exploitation has been observed and no action is required beyond normal change management. The bulletin references security monitoring, risk assessment and operational resilience.",0
TRN00679,2025-03-01,Open-source Research,Conference notice,A scheduled office suite update improves performance and resolves minor compatibility issues. No exploitation has been observed and no action is required beyond normal change management.,0
TRN00680,2026-07-22,CERT-NA,Patch availability update,A service notice confirms routine maintenance for router firmware. Temporary latency may occur during the approved maintenance window.,0
TRN00681,2026-01-22,CERT-NA,Vendor access abused in OT intrusion,"A campaign affecting power distributors uses compromised maintenance accounts, PowerShell and GridLock. Activity includes ransomware deployment, historian discovery and scanning of industrial protocols. The infrastructure node-681-sync.example resolves to 198.51.100.22.",1
TRN00682,2026-05-28,Open-source Research,Routine maintenance advisory,Researchers published a general vulnerability affecting universities. The advisory applies to versions not deployed by the organisation and contains no evidence of active exploitation in North America.,0
TRN00683,2026-06-29,Open-source Research,Campaign targets industrial operators,"Red Kudu is targeting energy utilities in North America using BreakerFox. Analysts observed credential phishing, unusual vendor access and attempts to reach operational technology networks. Indicators include node-683-sync.example and 198.51.100.24.",1
TRN00684,2026-03-12,Vendor Advisory,General technology bulletin,A service notice confirms routine maintenance for office suite. Temporary latency may occur during the approved maintenance window.,0
TRN00685,2025-02-19,Regional ISAC,Vendor access abused in OT intrusion,"Incident responders identified remote service abuse against an electricity operator. The actor Unknown actor moved from a vendor workstation to an OT jump server and queried PLC services. Monitor node-685-sync.example, 198.51.100.26 and hash d4e7f2d1900043310302. The bulletin references security monitoring, risk assessment and operational resilience.",1
TRN00686,2025-04-28,Open-source Research,Patch availability update,"Researchers published a general vulnerability affecting universities. The advisory applies to versions not deployed by the organisation and contains no evidence of active exploitation in Europe. The bulletin references security monitoring, risk assessment and operational resilience.",0
TRN00687,2025-04-28,Vendor Advisory,General technology bulletin,Researchers published a general vulnerability affecting retail organisations. The advisory applies to versions not deployed by the organisation and contains no evidence of active exploitation in Europe.,0
TRN00688,2025-06-25,Open-source Research,Campaign targets industrial operators,"Incident responders identified remote service abuse against an electricity operator. The actor Unknown actor moved from a vendor workstation to an OT jump server and queried PLC services. Monitor node-688-sync.example, 198.51.100.29 and hash a5fa447d1df9f9f35eec. The bulletin references security monitoring, risk assessment and operational resilience.",1
TRN00689,2026-02-03,CERT-NA,Conference notice,A scheduled backup agent update improves performance and resolves minor compatibility issues. No exploitation has been observed and no action is required beyond normal change management.,0
TRN00690,2025-04-28,Open-source Research,Conference notice,A service notice confirms routine maintenance for router firmware. Temporary latency may occur during the approved maintenance window.,0
TRN00691,2025-03-27,Open-source Research,Patch availability update,A service notice confirms routine maintenance for billing platform. Temporary latency may occur during the approved maintenance window.,0
TRN00692,2026-02-14,Commercial Intelligence,Routine maintenance advisory,"The Technology conference will discuss digital transformation, resilience and operational excellence. Registration closes next month.",0
TRN00693,2025-10-04,Open-source Research,Conference notice,"The Technology conference will discuss digital transformation, resilience and operational excellence. Registration closes next month. The bulletin references security monitoring, risk assessment and operational resilience.",0
TRN00694,2025-08-13,Commercial Intelligence,Conference notice,A scheduled router firmware update improves performance and resolves minor compatibility issues. No exploitation has been observed and no action is required beyond normal change management.,0
TRN00695,2025-06-01,Open-source Research,Energy-sector malware activity,"Red Kudu is targeting critical infrastructure operators in Asia-Pacific using GridLock. Analysts observed vendor compromise, unusual vendor access and attempts to reach operational technology networks. Indicators include node-695-sync.example and 198.51.100.36. The bulletin references security monitoring, risk assessment and operational resilience.",0
TRN00696,2025-10-13,Open-source Research,General technology bulletin,Researchers published a general vulnerability affecting universities. The advisory applies to versions not deployed by the organisation and contains no evidence of active exploitation in Asia-Pacific.,0
TRN00697,2026-08-14,Vendor Advisory,Conference notice,"The Compliance conference will discuss digital transformation, resilience and operational excellence. Registration closes next month. The bulletin references security monitoring, risk assessment and operational resilience.",0
TRN00698,2025-09-12,Commercial Intelligence,Conference notice,"The Cloud Services conference will discuss digital transformation, resilience and operational excellence. Registration closes next month.",0
TRN00699,2026-01-20,Open-source Research,General technology bulletin,A scheduled billing platform update improves performance and resolves minor compatibility issues. No exploitation has been observed and no action is required beyond normal change management.,0
TRN00700,2025-08-30,CERT-NA,Patch availability update,A service notice confirms routine maintenance for billing platform. Temporary latency may occur during the approved maintenance window.,0
TRN00701,2025-01-31,Commercial Intelligence,Conference notice,A scheduled office suite update improves performance and resolves minor compatibility issues. No exploitation has been observed and no action is required beyond normal change management.,0
TRN00702,2025-11-02,Vendor Advisory,Energy-sector malware activity,"Incident responders identified vendor compromise against an electricity operator. The actor Kalahari Jackal moved from a vendor workstation to an OT jump server and queried PLC services. Monitor node-702-sync.example, 198.51.100.43 and hash 03d8ef0c9e99bae69177.",0
TRN00703,2025-09-30,Vendor Advisory,Patch availability update,"A service notice confirms routine maintenance for router firmware. Temporary latency may occur during the approved maintenance window. The bulletin references security monitoring, risk assessment and operational resilience.",0
TRN00704,2025-10-30,Commercial Intelligence,General technology bulletin,"The Compliance conference will discuss digital transformation, resilience and operational excellence. Registration closes next month.",0
TRN00705,2025-03-30,CERT-NA,Campaign targets industrial operators,"Incident responders identified DNS tunnelling against an electricity operator. The actor Night Heron moved from a vendor workstation to an OT jump server and queried PLC services. Monitor node-705-sync.example, 198.51.100.46 and hash 771245937df4822f2253.",1
TRN00706,2026-04-22,Commercial Intelligence,Industrial protocol reconnaissance observed,"A campaign affecting energy utilities uses compromised maintenance accounts, PowerShell and DustRAT. Activity includes vendor compromise, historian discovery and scanning of industrial protocols. The infrastructure node-706-sync.example resolves to 198.51.100.47.",1
TRN00707,2025-10-24,CERT-NA,Conference notice,A service notice confirms routine maintenance for backup agent. Temporary latency may occur during the approved maintenance window.,0
TRN00708,2026-03-05,CERT-NA,Industrial protocol reconnaissance observed,"Red Kudu is targeting critical infrastructure operators in East Africa using DustRAT. Analysts observed Modbus scanning, unusual vendor access and attempts to reach operational technology networks. Indicators include node-708-sync.example and 198.51.100.49.",1
TRN00709,2026-06-03,Vendor Advisory,Vendor access abused in OT intrusion,"Unknown actor is targeting critical infrastructure operators in East Africa using GridLock. Analysts observed credential phishing, unusual vendor access and attempts to reach operational technology networks. Indicators include node-709-sync.example and 198.51.100.50.",1
TRN00710,2026-04-21,Open-source Research,Patch availability update,A scheduled backup agent update improves performance and resolves minor compatibility issues. No exploitation has been observed and no action is required beyond normal change management.,0
TRN00711,2025-03-04,Commercial Intelligence,Energy-sector malware activity,"Incident responders identified remote service abuse against an electricity operator. The actor Night Heron moved from a vendor workstation to an OT jump server and queried PLC services. Monitor node-711-sync.example, 198.51.100.52 and hash c9f53c0654b5fd18287f. The bulletin references security monitoring, risk assessment and operational resilience.",1
TRN00712,2025-07-16,Commercial Intelligence,Campaign targets industrial operators,"Night Heron is targeting power distributors in Southern Africa using BreakerFox. Analysts observed credential phishing, unusual vendor access and attempts to reach operational technology networks. Indicators include node-712-sync.example and 198.51.100.53.",1
TRN00713,2025-02-25,Regional ISAC,General technology bulletin,A scheduled router firmware update improves performance and resolves minor compatibility issues. No exploitation has been observed and no action is required beyond normal change management.,0
TRN00714,2025-09-06,CERT-NA,Conference notice,A scheduled backup agent update improves performance and resolves minor compatibility issues. No exploitation has been observed and no action is required beyond normal change management.,0
TRN00715,2025-12-19,Commercial Intelligence,Patch availability update,Researchers published a general vulnerability affecting universities. The advisory applies to versions not deployed by the organisation and contains no evidence of active exploitation in East Africa.,0
TRN00716,2026-06-17,Commercial Intelligence,Patch availability update,Researchers published a general vulnerability affecting financial institutions. The advisory applies to versions not deployed by the organisation and contains no evidence of active exploitation in Asia-Pacific.,0
TRN00717,2026-01-10,Regional ISAC,Industrial protocol reconnaissance observed,"A campaign affecting power distributors uses compromised maintenance accounts, PowerShell and GridLock. Activity includes ransomware deployment, historian discovery and scanning of industrial protocols. The infrastructure node-717-sync.example resolves to 198.51.100.58.",1
TRN00718,2025-07-22,Vendor Advisory,Patch availability update,"The Cloud Services conference will discuss digital transformation, resilience and operational excellence. Registration closes next month.",1
TRN00719,2026-05-09,Open-source Research,Vendor access abused in OT intrusion,"Incident responders identified credential phishing against an electricity operator. The actor Night Heron moved from a vendor workstation to an OT jump server and queried PLC services. Monitor node-719-sync.example, 198.51.100.60 and hash 2b80a8dcbee68608a1f9.",1
TRN00720,2025-04-23,Vendor Advisory,General technology bulletin,"Researchers published a general vulnerability affecting telecommunications providers. The advisory applies to versions not deployed by the organisation and contains no evidence of active exploitation in Asia-Pacific. The bulletin references security monitoring, risk assessment and operational resilience.",0
TRN00721,2025-07-31,Regional ISAC,Vendor access abused in OT intrusion,"Red Kudu is targeting energy utilities in Asia-Pacific using Sandstorm Loader. Analysts observed ransomware deployment, unusual vendor access and attempts to reach operational technology networks. Indicators include node-721-sync.example and 198.51.100.62.",0
TRN00722,2025-06-17,Regional ISAC,Patch availability update,A service notice confirms routine maintenance for billing platform. Temporary latency may occur during the approved maintenance window.,0
TRN00723,2026-07-21,Vendor Advisory,Routine maintenance advisory,Researchers published a general vulnerability affecting financial institutions. The advisory applies to versions not deployed by the organisation and contains no evidence of active exploitation in North America.,0
TRN00724,2025-01-13,Open-source Research,General technology bulletin,Researchers published a general vulnerability affecting telecommunications providers. The advisory applies to versions not deployed by the organisation and contains no evidence of active exploitation in Southern Africa.,0
TRN00725,2025-07-12,Commercial Intelligence,General technology bulletin,A scheduled billing platform update improves performance and resolves minor compatibility issues. No exploitation has been observed and no action is required beyond normal change management.,0
TRN00726,2026-05-17,Open-source Research,Campaign targets industrial operators,"Night Heron is targeting power distributors in East Africa using GridLock. Analysts observed ransomware deployment, unusual vendor access and attempts to reach operational technology networks. Indicators include node-726-sync.example and 198.51.100.67.",1
TRN00727,2025-02-24,Commercial Intelligence,Patch availability update,Researchers published a general vulnerability affecting retail organisations. The advisory applies to versions not deployed by the organisation and contains no evidence of active exploitation in East Africa.,0
TRN00728,2025-01-19,Vendor Advisory,Industrial protocol reconnaissance observed,"A campaign affecting energy utilities uses compromised maintenance accounts, PowerShell and Sandstorm Loader. Activity includes DNS tunnelling, historian discovery and scanning of industrial protocols. The infrastructure node-728-sync.example resolves to 198.51.100.69. The bulletin references security monitoring, risk assessment and operational resilience.",1
TRN00729,2025-07-31,Commercial Intelligence,Routine maintenance advisory,Researchers published a general vulnerability affecting universities. The advisory applies to versions not deployed by the organisation and contains no evidence of active exploitation in Europe.,0
TRN00730,2025-01-31,Regional ISAC,Patch availability update,"The Cloud Services conference will discuss digital transformation, resilience and operational excellence. Registration closes next month.",0
TRN00731,2026-07-21,Vendor Advisory,Patch availability update,A service notice confirms routine maintenance for office suite. Temporary latency may occur during the approved maintenance window.,0
TRN00732,2026-03-29,CERT-NA,Conference notice,"The Cloud Services conference will discuss digital transformation, resilience and operational excellence. Registration closes next month.",0
TRN00733,2026-03-07,Vendor Advisory,Conference notice,"The Technology conference will discuss digital transformation, resilience and operational excellence. Registration closes next month.",1
TRN00734,2026-07-30,Commercial Intelligence,Routine maintenance advisory,"The Cloud Services conference will discuss digital transformation, resilience and operational excellence. Registration closes next month.",0
TRN00735,2025-10-25,Commercial Intelligence,Routine maintenance advisory,A service notice confirms routine maintenance for backup agent. Temporary latency may occur during the approved maintenance window.,0
TRN00736,2025-06-23,Regional ISAC,Energy-sector malware activity,"Unknown actor is targeting critical infrastructure operators in Europe using DustRAT. Analysts observed credential phishing, unusual vendor access and attempts to reach operational technology networks. Indicators include node-736-sync.example and 198.51.100.77.",1
TRN00737,2025-06-16,Vendor Advisory,Campaign targets industrial operators,"Night Heron is targeting critical infrastructure operators in North America using Sandstorm Loader. Analysts observed vendor compromise, unusual vendor access and attempts to reach operational technology networks. Indicators include node-737-sync.example and 198.51.100.78. The bulletin references security monitoring, risk assessment and operational resilience.",1
TRN00738,2025-08-02,Open-source Research,General technology bulletin,A service notice confirms routine maintenance for billing platform. Temporary latency may occur during the approved maintenance window.,0
TRN00739,2026-04-26,Regional ISAC,Industrial protocol reconnaissance observed,"Copper Dune is targeting energy utilities in Asia-Pacific using GridLock. Analysts observed credential phishing, unusual vendor access and attempts to reach operational technology networks. Indicators include node-739-sync.example and 198.51.100.80. The bulletin references security monitoring, risk assessment and operational resilience.",1
TRN00740,2025-06-27,Vendor Advisory,Energy-sector malware activity,"Unknown actor is targeting power distributors in Southern Africa using GridLock. Analysts observed remote service abuse, unusual vendor access and attempts to reach operational technology networks. Indicators include node-740-sync.example and 198.51.100.81.",1
TRN00741,2025-03-03,Vendor Advisory,Routine maintenance advisory,A service notice confirms routine maintenance for backup agent. Temporary latency may occur during the approved maintenance window.,0
TRN00742,2025-03-25,Vendor Advisory,Patch availability update,"The Technology conference will discuss digital transformation, resilience and operational excellence. Registration closes next month.",0
TRN00743,2025-11-08,Vendor Advisory,General technology bulletin,A scheduled backup agent update improves performance and resolves minor compatibility issues. No exploitation has been observed and no action is required beyond normal change management.,0
TRN00744,2025-03-12,Regional ISAC,Industrial protocol reconnaissance observed,"Red Kudu is targeting critical infrastructure operators in North America using unknown PowerShell loader. Analysts observed ransomware deployment, unusual vendor access and attempts to reach operational technology networks. Indicators include node-744-sync.example and 198.51.100.85.",1
TRN00745,2025-07-22,CERT-NA,Energy-sector malware activity,"A campaign affecting energy utilities uses compromised maintenance accounts, PowerShell and BreakerFox. Activity includes ransomware deployment, historian discovery and scanning of industrial protocols. The infrastructure node-745-sync.example resolves to 198.51.100.86.",1
TRN00746,2026-08-31,Regional ISAC,Patch availability update,"The Compliance conference will discuss digital transformation, resilience and operational excellence. Registration closes next month. The bulletin references security monitoring, risk assessment and operational resilience.",0
TRN00747,2026-03-15,Regional ISAC,Routine maintenance advisory,"The Compliance conference will discuss digital transformation, resilience and operational excellence. Registration closes next month. The bulletin references security monitoring, risk assessment and operational resilience.",0
TRN00748,2026-02-02,CERT-NA,Routine maintenance advisory,A scheduled router firmware update improves performance and resolves minor compatibility issues. No exploitation has been observed and no action is required beyond normal change management.,0
TRN00749,2025-07-18,Vendor Advisory,Energy-sector malware activity,"Red Kudu is targeting power distributors in North America using GridLock. Analysts observed ransomware deployment, unusual vendor access and attempts to reach operational technology networks. Indicators include node-749-sync.example and 198.51.100.90.",1
TRN00750,2025-03-08,Vendor Advisory,Routine maintenance advisory,"A service notice confirms routine maintenance for router firmware. Temporary latency may occur during the approved maintenance window. The bulletin references security monitoring, risk assessment and operational resilience.",1
TRN00751,2026-08-26,Commercial Intelligence,Conference notice,Researchers published a general vulnerability affecting retail organisations. The advisory applies to versions not deployed by the organisation and contains no evidence of active exploitation in Asia-Pacific.,0
TRN00752,2026-05-18,Commercial Intelligence,Energy-sector malware activity,"Copper Dune is targeting critical infrastructure operators in East Africa using DustRAT. Analysts observed vendor compromise, unusual vendor access and attempts to reach operational technology networks. Indicators include node-752-sync.example and 198.51.100.93.",1
TRN00753,2026-01-26,Commercial Intelligence,Conference notice,"The Compliance conference will discuss digital transformation, resilience and operational excellence. Registration closes next month.",0
TRN00754,2026-09-02,Open-source Research,Routine maintenance advisory,"Researchers published a general vulnerability affecting financial institutions. The advisory applies to versions not deployed by the organisation and contains no evidence of active exploitation in North America. The bulletin references security monitoring, risk assessment and operational resilience.",0
TRN00755,2025-08-16,Open-source Research,Conference notice,"The Compliance conference will discuss digital transformation, resilience and operational excellence. Registration closes next month. The bulletin references security monitoring, risk assessment and operational resilience.",0
TRN00756,2026-01-23,Commercial Intelligence,General technology bulletin,A scheduled router firmware update improves performance and resolves minor compatibility issues. No exploitation has been observed and no action is required beyond normal change management.,0
TRN00757,2025-01-17,Commercial Intelligence,Conference notice,A scheduled billing platform update improves performance and resolves minor compatibility issues. No exploitation has been observed and no action is required beyond normal change management.,0
TRN00758,2025-09-05,CERT-NA,Vendor access abused in OT intrusion,"A campaign affecting critical infrastructure operators uses compromised maintenance accounts, PowerShell and GridLock. Activity includes Modbus scanning, historian discovery and scanning of industrial protocols. The infrastructure node-758-sync.example resolves to 198.51.100.99. The bulletin references security monitoring, risk assessment and operational resilience.",1
TRN00759,2026-04-07,Regional ISAC,General technology bulletin,"The Compliance conference will discuss digital transformation, resilience and operational excellence. Registration closes next month.",0
TRN00760,2025-08-09,Open-source Research,General technology bulletin,Researchers published a general vulnerability affecting energy utilities. The advisory applies to versions not deployed by the organisation and contains no evidence of active exploitation in Southern Africa.,0
TRN00761,2026-01-27,CERT-NA,Routine maintenance advisory,A service notice confirms routine maintenance for office suite. Temporary latency may occur during the approved maintenance window.,0
TRN00762,2025-05-12,Regional ISAC,Patch availability update,A scheduled backup agent update improves performance and resolves minor compatibility issues. No exploitation has been observed and no action is required beyond normal change management.,0
TRN00763,2026-01-03,CERT-NA,Routine maintenance advisory,"The Compliance conference will discuss digital transformation, resilience and operational excellence. Registration closes next month.",0
TRN00764,2025-04-15,Commercial Intelligence,Energy-sector malware activity,"Incident responders identified ransomware deployment against an electricity operator. The actor Red Kudu moved from a vendor workstation to an OT jump server and queried PLC services. Monitor node-764-sync.example, 198.51.100.105 and hash 216ffc5d0b7fa15ef1ac. The bulletin references security monitoring, risk assessment and operational resilience.",1
TRN00765,2026-02-16,Commercial Intelligence,Patch availability update,A service notice confirms routine maintenance for billing platform. Temporary latency may occur during the approved maintenance window.,0
TRN00766,2025-11-09,Open-source Research,Conference notice,"Researchers published a general vulnerability affecting telecommunications providers. The advisory applies to versions not deployed by the organisation and contains no evidence of active exploitation in Southern Africa. The bulletin references security monitoring, risk assessment and operational resilience.",1
TRN00767,2026-08-31,Vendor Advisory,Patch availability update,A scheduled backup agent update improves performance and resolves minor compatibility issues. No exploitation has been observed and no action is required beyond normal change management.,0
TRN00768,2026-06-29,Vendor Advisory,Conference notice,"Researchers published a general vulnerability affecting telecommunications providers. The advisory applies to versions not deployed by the organisation and contains no evidence of active exploitation in Southern Africa. The bulletin references security monitoring, risk assessment and operational resilience.",0
TRN00769,2025-10-24,Commercial Intelligence,General technology bulletin,A service notice confirms routine maintenance for backup agent. Temporary latency may occur during the approved maintenance window.,0
TRN00770,2026-02-09,Commercial Intelligence,Vendor access abused in OT intrusion,"A campaign affecting critical infrastructure operators uses compromised maintenance accounts, PowerShell and unknown PowerShell loader. Activity includes credential phishing, historian discovery and scanning of industrial protocols. The infrastructure node-770-sync.example resolves to 198.51.100.111. The bulletin references security monitoring, risk assessment and operational resilience.",1
TRN00771,2026-01-16,CERT-NA,General technology bulletin,A service notice confirms routine maintenance for billing platform. Temporary latency may occur during the approved maintenance window.,0
TRN00772,2025-10-21,Vendor Advisory,Campaign targets industrial operators,"A campaign affecting critical infrastructure operators uses compromised maintenance accounts, PowerShell and unknown PowerShell loader. Activity includes DNS tunnelling, historian discovery and scanning of industrial protocols. The infrastructure node-772-sync.example resolves to 198.51.100.113.",1
TRN00773,2026-08-10,Vendor Advisory,Campaign targets industrial operators,"Night Heron is targeting energy utilities in Europe using Sandstorm Loader. Analysts observed DNS tunnelling, unusual vendor access and attempts to reach operational technology networks. Indicators include node-773-sync.example and 198.51.100.114. The bulletin references security monitoring, risk assessment and operational resilience.",1
TRN00774,2025-10-06,Regional ISAC,Industrial protocol reconnaissance observed,"Incident responders identified Modbus scanning against an electricity operator. The actor Night Heron moved from a vendor workstation to an OT jump server and queried PLC services. Monitor node-774-sync.example, 198.51.100.115 and hash a2c3cd24036e125d7d9f.",1
TRN00775,2026-01-08,Open-source Research,Conference notice,"The Technology conference will discuss digital transformation, resilience and operational excellence. Registration closes next month. The bulletin references security monitoring, risk assessment and operational resilience.",0
TRN00776,2026-04-20,Vendor Advisory,Campaign targets industrial operators,"Incident responders identified remote service abuse against an electricity operator. The actor Unknown actor moved from a vendor workstation to an OT jump server and queried PLC services. Monitor node-776-sync.example, 198.51.100.117 and hash 2153b5565526bc6186d4.",1
TRN00777,2025-09-24,CERT-NA,Routine maintenance advisory,A service notice confirms routine maintenance for billing platform. Temporary latency may occur during the approved maintenance window.,0
TRN00778,2026-05-27,Commercial Intelligence,Vendor access abused in OT intrusion,"Copper Dune is targeting critical infrastructure operators in Asia-Pacific using Sandstorm Loader. Analysts observed Modbus scanning, unusual vendor access and attempts to reach operational technology networks. Indicators include node-778-sync.example and 198.51.100.119.",1
TRN00779,2026-02-05,Regional ISAC,General technology bulletin,Researchers published a general vulnerability affecting energy utilities. The advisory applies to versions not deployed by the organisation and contains no evidence of active exploitation in Southern Africa.,0
TRN00780,2025-09-30,CERT-NA,Vendor access abused in OT intrusion,"Incident responders identified DNS tunnelling against an electricity operator. The actor Night Heron moved from a vendor workstation to an OT jump server and queried PLC services. Monitor node-780-sync.example, 198.51.100.121 and hash 0d23b6caa65884c0a9c8.",1
TRN00781,2026-07-25,Regional ISAC,Vendor access abused in OT intrusion,"A campaign affecting power distributors uses compromised maintenance accounts, PowerShell and Sandstorm Loader. Activity includes DNS tunnelling, historian discovery and scanning of industrial protocols. The infrastructure node-781-sync.example resolves to 198.51.100.122.",1
TRN00782,2026-06-14,Regional ISAC,Vendor access abused in OT intrusion,"Incident responders identified credential phishing against an electricity operator. The actor Unknown actor moved from a vendor workstation to an OT jump server and queried PLC services. Monitor node-782-sync.example, 198.51.100.123 and hash e049d790c329a4e85f46. The bulletin references security monitoring, risk assessment and operational resilience.",1
TRN00783,2026-08-13,Commercial Intelligence,Patch availability update,A scheduled router firmware update improves performance and resolves minor compatibility issues. No exploitation has been observed and no action is required beyond normal change management.,0
TRN00784,2025-11-08,Commercial Intelligence,Routine maintenance advisory,A service notice confirms routine maintenance for office suite. Temporary latency may occur during the approved maintenance window.,0
TRN00785,2025-02-15,CERT-NA,Industrial protocol reconnaissance observed,"Incident responders identified credential phishing against an electricity operator. The actor Night Heron moved from a vendor workstation to an OT jump server and queried PLC services. Monitor node-785-sync.example, 198.51.100.126 and hash a7a4aeddf34e27b7f338.",1
TRN00786,2025-02-07,CERT-NA,Conference notice,"A service notice confirms routine maintenance for billing platform. Temporary latency may occur during the approved maintenance window. The bulletin references security monitoring, risk assessment and operational resilience.",0
TRN00787,2025-03-20,Open-source Research,Routine maintenance advisory,A scheduled router firmware update improves performance and resolves minor compatibility issues. No exploitation has been observed and no action is required beyond normal change management.,0
TRN00788,2026-06-16,Commercial Intelligence,Patch availability update,Researchers published a general vulnerability affecting energy utilities. The advisory applies to versions not deployed by the organisation and contains no evidence of active exploitation in Europe.,0
TRN00789,2026-03-06,Commercial Intelligence,General technology bulletin,"The Compliance conference will discuss digital transformation, resilience and operational excellence. Registration closes next month.",0
TRN00790,2025-02-13,Vendor Advisory,Patch availability update,A scheduled backup agent update improves performance and resolves minor compatibility issues. No exploitation has been observed and no action is required beyond normal change management.,0
TRN00791,2026-02-04,Open-source Research,Routine maintenance advisory,Researchers published a general vulnerability affecting financial institutions. The advisory applies to versions not deployed by the organisation and contains no evidence of active exploitation in Asia-Pacific.,0
TRN00792,2025-10-14,Regional ISAC,Routine maintenance advisory,A scheduled office suite update improves performance and resolves minor compatibility issues. No exploitation has been observed and no action is required beyond normal change management.,0
TRN00793,2025-11-05,Commercial Intelligence,Energy-sector malware activity,"Incident responders identified Modbus scanning against an electricity operator. The actor Kalahari Jackal moved from a vendor workstation to an OT jump server and queried PLC services. Monitor node-793-sync.example, 198.51.100.134 and hash 23c7ca1eece017bf69ed.",1
TRN00794,2025-03-12,Vendor Advisory,Routine maintenance advisory,A service notice confirms routine maintenance for billing platform. Temporary latency may occur during the approved maintenance window.,0
TRN00795,2025-04-12,Commercial Intelligence,Conference notice,Researchers published a general vulnerability affecting universities. The advisory applies to versions not deployed by the organisation and contains no evidence of active exploitation in Southern Africa.,0
TRN00796,2025-04-22,Regional ISAC,Routine maintenance advisory,"A service notice confirms routine maintenance for billing platform. Temporary latency may occur during the approved maintenance window. The bulletin references security monitoring, risk assessment and operational resilience.",0
TRN00797,2026-05-27,Open-source Research,Patch availability update,"A scheduled router firmware update improves performance and resolves minor compatibility issues. No exploitation has been observed and no action is required beyond normal change management. The bulletin references security monitoring, risk assessment and operational resilience.",1
TRN00798,2026-06-17,Commercial Intelligence,Conference notice,A service notice confirms routine maintenance for router firmware. Temporary latency may occur during the approved maintenance window.,0
TRN00799,2026-08-20,CERT-NA,Vendor access abused in OT intrusion,"Incident responders identified vendor compromise against an electricity operator. The actor Unknown actor moved from a vendor workstation to an OT jump server and queried PLC services. Monitor node-799-sync.example, 198.51.100.140 and hash 68ffc022a274a14ced42.",1
TRN00800,2026-06-22,CERT-NA,Vendor access abused in OT intrusion,"A campaign affecting power distributors uses compromised maintenance accounts, PowerShell and Sandstorm Loader. Activity includes DNS tunnelling, historian discovery and scanning of industrial protocols. The infrastructure node-800-sync.example resolves to 198.51.100.141.",1
TRN00801,2026-05-29,Vendor Advisory,Energy-sector malware activity,"Incident responders identified credential phishing against an electricity operator. The actor Copper Dune moved from a vendor workstation to an OT jump server and queried PLC services. Monitor node-801-sync.example, 198.51.100.142 and hash 8b1366bc98a3f3cee60e.",1
TRN00802,2026-06-26,Open-source Research,Conference notice,A service notice confirms routine maintenance for office suite. Temporary latency may occur during the approved maintenance window.,1
TRN00803,2026-02-16,Vendor Advisory,Patch availability update,"The Compliance conference will discuss digital transformation, resilience and operational excellence. Registration closes next month.",0
TRN00804,2025-10-11,Open-source Research,Routine maintenance advisory,A service notice confirms routine maintenance for router firmware. Temporary latency may occur during the approved maintenance window.,0
TRN00805,2026-03-05,CERT-NA,Patch availability update,"The Compliance conference will discuss digital transformation, resilience and operational excellence. Registration closes next month.",0
TRN00806,2025-07-19,Commercial Intelligence,Patch availability update,A service notice confirms routine maintenance for office suite. Temporary latency may occur during the approved maintenance window.,0
TRN00807,2025-02-23,Commercial Intelligence,Campaign targets industrial operators,"A campaign affecting energy utilities uses compromised maintenance accounts, PowerShell and DustRAT. Activity includes credential phishing, historian discovery and scanning of industrial protocols. The infrastructure node-807-sync.example resolves to 198.51.100.148.",1
TRN00808,2026-07-02,CERT-NA,Energy-sector malware activity,"Kalahari Jackal is targeting energy utilities in Southern Africa using GridLock. Analysts observed vendor compromise, unusual vendor access and attempts to reach operational technology networks. Indicators include node-808-sync.example and 198.51.100.149.",1
TRN00809,2025-03-30,Vendor Advisory,Industrial protocol reconnaissance observed,"Incident responders identified vendor compromise against an electricity operator. The actor Copper Dune moved from a vendor workstation to an OT jump server and queried PLC services. Monitor node-809-sync.example, 198.51.100.150 and hash 51735f016a03ba22579f. The bulletin references security monitoring, risk assessment and operational resilience.",1
TRN00810,2025-05-15,CERT-NA,Patch availability update,"The Cloud Services conference will discuss digital transformation, resilience and operational excellence. Registration closes next month.",0
TRN00811,2026-04-08,Open-source Research,Conference notice,Researchers published a general vulnerability affecting financial institutions. The advisory applies to versions not deployed by the organisation and contains no evidence of active exploitation in Southern Africa.,0
TRN00812,2026-04-27,Commercial Intelligence,Campaign targets industrial operators,"Copper Dune is targeting energy utilities in Asia-Pacific using DustRAT. Analysts observed ransomware deployment, unusual vendor access and attempts to reach operational technology networks. Indicators include node-812-sync.example and 198.51.100.153.",1
TRN00813,2025-12-16,Regional ISAC,Campaign targets industrial operators,"A campaign affecting critical infrastructure operators uses compromised maintenance accounts, PowerShell and Sandstorm Loader. Activity includes remote service abuse, historian discovery and scanning of industrial protocols. The infrastructure node-813-sync.example resolves to 198.51.100.154.",1
TRN00814,2026-05-07,CERT-NA,Conference notice,Researchers published a general vulnerability affecting retail organisations. The advisory applies to versions not deployed by the organisation and contains no evidence of active exploitation in Europe.,0
TRN00815,2025-10-24,Regional ISAC,Campaign targets industrial operators,"Red Kudu is targeting energy utilities in East Africa using DustRAT. Analysts observed remote service abuse, unusual vendor access and attempts to reach operational technology networks. Indicators include node-815-sync.example and 198.51.100.156.",1
TRN00816,2026-06-06,Commercial Intelligence,Industrial protocol reconnaissance observed,"A campaign affecting energy utilities uses compromised maintenance accounts, PowerShell and BreakerFox. Activity includes credential phishing, historian discovery and scanning of industrial protocols. The infrastructure node-816-sync.example resolves to 198.51.100.157.",1
TRN00817,2025-11-15,Commercial Intelligence,General technology bulletin,Researchers published a general vulnerability affecting universities. The advisory applies to versions not deployed by the organisation and contains no evidence of active exploitation in Southern Africa.,1
TRN00818,2025-07-31,CERT-NA,Routine maintenance advisory,A service notice confirms routine maintenance for router firmware. Temporary latency may occur during the approved maintenance window.,0
TRN00819,2026-06-17,Vendor Advisory,General technology bulletin,A service notice confirms routine maintenance for backup agent. Temporary latency may occur during the approved maintenance window.,0
TRN00820,2026-04-09,Open-source Research,Conference notice,"The Compliance conference will discuss digital transformation, resilience and operational excellence. Registration closes next month. The bulletin references security monitoring, risk assessment and operational resilience.",0
TRN00821,2026-03-18,Open-source Research,General technology bulletin,"The Cloud Services conference will discuss digital transformation, resilience and operational excellence. Registration closes next month.",0
TRN00822,2025-05-04,Commercial Intelligence,Conference notice,A scheduled backup agent update improves performance and resolves minor compatibility issues. No exploitation has been observed and no action is required beyond normal change management.,0
TRN00823,2025-05-27,Commercial Intelligence,Energy-sector malware activity,"A campaign affecting critical infrastructure operators uses compromised maintenance accounts, PowerShell and BreakerFox. Activity includes credential phishing, historian discovery and scanning of industrial protocols. The infrastructure node-823-sync.example resolves to 198.51.100.164.",1
TRN00824,2026-09-08,Regional ISAC,Routine maintenance advisory,A service notice confirms routine maintenance for office suite. Temporary latency may occur during the approved maintenance window.,0
TRN00825,2025-05-02,Vendor Advisory,Patch availability update,A scheduled billing platform update improves performance and resolves minor compatibility issues. No exploitation has been observed and no action is required beyond normal change management.,0
TRN00826,2026-08-03,Regional ISAC,Campaign targets industrial operators,"Incident responders identified ransomware deployment against an electricity operator. The actor Unknown actor moved from a vendor workstation to an OT jump server and queried PLC services. Monitor node-826-sync.example, 198.51.100.167 and hash 7323e3a325c2098b0377.",1
TRN00827,2025-06-29,CERT-NA,Energy-sector malware activity,"Incident responders identified remote service abuse against an electricity operator. The actor Copper Dune moved from a vendor workstation to an OT jump server and queried PLC services. Monitor node-827-sync.example, 198.51.100.168 and hash cd434d7ca26311c9d53b.",1
TRN00828,2026-02-27,CERT-NA,Conference notice,"The Technology conference will discuss digital transformation, resilience and operational excellence. Registration closes next month.",0
TRN00829,2025-04-15,Commercial Intelligence,Industrial protocol reconnaissance observed,"Copper Dune is targeting critical infrastructure operators in Southern Africa using GridLock. Analysts observed vendor compromise, unusual vendor access and attempts to reach operational technology networks. Indicators include node-829-sync.example and 198.51.100.170. The bulletin references security monitoring, risk assessment and operational resilience.",1
TRN00830,2025-09-08,Commercial Intelligence,Industrial protocol reconnaissance observed,"A campaign affecting critical infrastructure operators uses compromised maintenance accounts, PowerShell and GridLock. Activity includes DNS tunnelling, historian discovery and scanning of industrial protocols. The infrastructure node-830-sync.example resolves to 198.51.100.171.",1
TRN00831,2026-07-10,Regional ISAC,Conference notice,A scheduled billing platform update improves performance and resolves minor compatibility issues. No exploitation has been observed and no action is required beyond normal change management.,0
TRN00832,2026-03-22,CERT-NA,Patch availability update,A scheduled office suite update improves performance and resolves minor compatibility issues. No exploitation has been observed and no action is required beyond normal change management.,0
TRN00833,2025-12-05,Open-source Research,General technology bulletin,Researchers published a general vulnerability affecting telecommunications providers. The advisory applies to versions not deployed by the organisation and contains no evidence of active exploitation in North America.,0
TRN00834,2025-03-25,Regional ISAC,Conference notice,Researchers published a general vulnerability affecting retail organisations. The advisory applies to versions not deployed by the organisation and contains no evidence of active exploitation in North America.,0
TRN00835,2026-01-19,Open-source Research,Conference notice,"The Technology conference will discuss digital transformation, resilience and operational excellence. Registration closes next month.",0
TRN00836,2026-09-01,Regional ISAC,Industrial protocol reconnaissance observed,"Incident responders identified credential phishing against an electricity operator. The actor Unknown actor moved from a vendor workstation to an OT jump server and queried PLC services. Monitor node-836-sync.example, 198.51.100.177 and hash feac7699e6f98975097a.",1
TRN00837,2026-01-30,Open-source Research,Campaign targets industrial operators,"A campaign affecting power distributors uses compromised maintenance accounts, PowerShell and unknown PowerShell loader. Activity includes credential phishing, historian discovery and scanning of industrial protocols. The infrastructure node-837-sync.example resolves to 198.51.100.178. The bulletin references security monitoring, risk assessment and operational resilience.",1
TRN00838,2026-08-24,Regional ISAC,Vendor access abused in OT intrusion,"Incident responders identified Modbus scanning against an electricity operator. The actor Red Kudu moved from a vendor workstation to an OT jump server and queried PLC services. Monitor node-838-sync.example, 198.51.100.179 and hash 1dcbc65091135c56387c. The bulletin references security monitoring, risk assessment and operational resilience.",1
TRN00839,2026-06-18,Vendor Advisory,Routine maintenance advisory,Researchers published a general vulnerability affecting universities. The advisory applies to versions not deployed by the organisation and contains no evidence of active exploitation in Southern Africa.,0
TRN00840,2025-03-19,Commercial Intelligence,Routine maintenance advisory,"The Compliance conference will discuss digital transformation, resilience and operational excellence. Registration closes next month.",0
TRN00841,2026-01-14,Vendor Advisory,Conference notice,A service notice confirms routine maintenance for backup agent. Temporary latency may occur during the approved maintenance window.,0
TRN00842,2025-03-30,Open-source Research,Energy-sector malware activity,"A campaign affecting critical infrastructure operators uses compromised maintenance accounts, PowerShell and unknown PowerShell loader. Activity includes ransomware deployment, historian discovery and scanning of industrial protocols. The infrastructure node-842-sync.example resolves to 198.51.100.183.",1
TRN00843,2026-07-22,Vendor Advisory,General technology bulletin,A service notice confirms routine maintenance for backup agent. Temporary latency may occur during the approved maintenance window.,0
TRN00844,2026-03-23,Open-source Research,Patch availability update,Researchers published a general vulnerability affecting energy utilities. The advisory applies to versions not deployed by the organisation and contains no evidence of active exploitation in North America.,0
TRN00845,2025-05-13,Vendor Advisory,Patch availability update,A scheduled billing platform update improves performance and resolves minor compatibility issues. No exploitation has been observed and no action is required beyond normal change management.,0
TRN00846,2025-02-03,Open-source Research,Routine maintenance advisory,"A service notice confirms routine maintenance for router firmware. Temporary latency may occur during the approved maintenance window. The bulletin references security monitoring, risk assessment and operational resilience.",0
TRN00847,2025-01-14,Regional ISAC,General technology bulletin,A scheduled billing platform update improves performance and resolves minor compatibility issues. No exploitation has been observed and no action is required beyond normal change management.,0
TRN00848,2026-03-06,Commercial Intelligence,Patch availability update,A service notice confirms routine maintenance for billing platform. Temporary latency may occur during the approved maintenance window.,0
TRN00849,2026-09-12,CERT-NA,General technology bulletin,Researchers published a general vulnerability affecting universities. The advisory applies to versions not deployed by the organisation and contains no evidence of active exploitation in Europe.,0
TRN00850,2026-05-07,Vendor Advisory,Vendor access abused in OT intrusion,"Incident responders identified Modbus scanning against an electricity operator. The actor Night Heron moved from a vendor workstation to an OT jump server and queried PLC services. Monitor node-850-sync.example, 198.51.100.191 and hash b2d457f7974b9041a9cc.",1
TRN00851,2026-03-21,CERT-NA,Industrial protocol reconnaissance observed,"Red Kudu is targeting critical infrastructure operators in Europe using GridLock. Analysts observed ransomware deployment, unusual vendor access and attempts to reach operational technology networks. Indicators include node-851-sync.example and 198.51.100.192.",1
TRN00852,2025-07-18,CERT-NA,Patch availability update,Researchers published a general vulnerability affecting telecommunications providers. The advisory applies to versions not deployed by the organisation and contains no evidence of active exploitation in Southern Africa.,1
TRN00853,2025-09-26,Open-source Research,Patch availability update,Researchers published a general vulnerability affecting universities. The advisory applies to versions not deployed by the organisation and contains no evidence of active exploitation in North America.,0
TRN00854,2026-03-05,Vendor Advisory,Campaign targets industrial operators,"A campaign affecting critical infrastructure operators uses compromised maintenance accounts, PowerShell and Sandstorm Loader. Activity includes credential phishing, historian discovery and scanning of industrial protocols. The infrastructure node-854-sync.example resolves to 198.51.100.195.",1
TRN00855,2025-03-10,CERT-NA,Campaign targets industrial operators,"Incident responders identified vendor compromise against an electricity operator. The actor Unknown actor moved from a vendor workstation to an OT jump server and queried PLC services. Monitor node-855-sync.example, 198.51.100.196 and hash a8dd4e6bdef55e6b79bc.",1
TRN00856,2025-03-10,Regional ISAC,Campaign targets industrial operators,"Incident responders identified DNS tunnelling against an electricity operator. The actor Night Heron moved from a vendor workstation to an OT jump server and queried PLC services. Monitor node-856-sync.example, 198.51.100.197 and hash 70f1ee1e21a324e820a5.",1
TRN00857,2026-01-03,Commercial Intelligence,Routine maintenance advisory,A service notice confirms routine maintenance for router firmware. Temporary latency may occur during the approved maintenance window.,0
TRN00858,2026-07-30,Open-source Research,Industrial protocol reconnaissance observed,"Unknown actor is targeting energy utilities in North America using DustRAT. Analysts observed vendor compromise, unusual vendor access and attempts to reach operational technology networks. Indicators include node-858-sync.example and 198.51.100.199.",1
TRN00859,2025-05-30,Open-source Research,Patch availability update,"Researchers published a general vulnerability affecting telecommunications providers. The advisory applies to versions not deployed by the organisation and contains no evidence of active exploitation in North America. The bulletin references security monitoring, risk assessment and operational resilience.",0
TRN00860,2025-03-29,Regional ISAC,Routine maintenance advisory,"A scheduled backup agent update improves performance and resolves minor compatibility issues. No exploitation has been observed and no action is required beyond normal change management. The bulletin references security monitoring, risk assessment and operational resilience.",0
TRN00861,2025-12-04,CERT-NA,General technology bulletin,A service notice confirms routine maintenance for backup agent. Temporary latency may occur during the approved maintenance window.,0
TRN00862,2025-03-25,Regional ISAC,General technology bulletin,A scheduled router firmware update improves performance and resolves minor compatibility issues. No exploitation has been observed and no action is required beyond normal change management.,0
TRN00863,2025-11-29,Open-source Research,General technology bulletin,Researchers published a general vulnerability affecting retail organisations. The advisory applies to versions not deployed by the organisation and contains no evidence of active exploitation in Europe.,0
TRN00864,2025-10-27,Regional ISAC,Patch availability update,A scheduled backup agent update improves performance and resolves minor compatibility issues. No exploitation has been observed and no action is required beyond normal change management.,0
TRN00865,2025-01-02,Vendor Advisory,General technology bulletin,Researchers published a general vulnerability affecting telecommunications providers. The advisory applies to versions not deployed by the organisation and contains no evidence of active exploitation in East Africa.,0
TRN00866,2025-08-06,Vendor Advisory,Patch availability update,A scheduled backup agent update improves performance and resolves minor compatibility issues. No exploitation has been observed and no action is required beyond normal change management.,0
TRN00867,2025-10-18,Regional ISAC,General technology bulletin,"The Cloud Services conference will discuss digital transformation, resilience and operational excellence. Registration closes next month.",0
TRN00868,2025-10-14,CERT-NA,General technology bulletin,Researchers published a general vulnerability affecting financial institutions. The advisory applies to versions not deployed by the organisation and contains no evidence of active exploitation in Southern Africa.,0
TRN00869,2026-08-27,CERT-NA,Industrial protocol reconnaissance observed,"A campaign affecting critical infrastructure operators uses compromised maintenance accounts, PowerShell and BreakerFox. Activity includes DNS tunnelling, historian discovery and scanning of industrial protocols. The infrastructure node-869-sync.example resolves to 198.51.100.210. The bulletin references security monitoring, risk assessment and operational resilience.",1
TRN00870,2026-03-19,CERT-NA,Energy-sector malware activity,"Kalahari Jackal is targeting critical infrastructure operators in Europe using GridLock. Analysts observed Modbus scanning, unusual vendor access and attempts to reach operational technology networks. Indicators include node-870-sync.example and 198.51.100.211.",1
TRN00871,2025-11-30,Open-source Research,Energy-sector malware activity,"Incident responders identified vendor compromise against an electricity operator. The actor Kalahari Jackal moved from a vendor workstation to an OT jump server and queried PLC services. Monitor node-871-sync.example, 198.51.100.212 and hash c942fa3833fab2daa50d.",1
TRN00872,2025-08-25,CERT-NA,Patch availability update,"The Compliance conference will discuss digital transformation, resilience and operational excellence. Registration closes next month.",0
TRN00873,2026-08-20,Regional ISAC,Energy-sector malware activity,"Incident responders identified remote service abuse against an electricity operator. The actor Red Kudu moved from a vendor workstation to an OT jump server and queried PLC services. Monitor node-873-sync.example, 198.51.100.214 and hash 464d61f93f429cd1c439.",1
TRN00874,2026-02-26,Commercial Intelligence,Conference notice,"The Compliance conference will discuss digital transformation, resilience and operational excellence. Registration closes next month.",0
TRN00875,2025-05-04,Regional ISAC,Patch availability update,A scheduled backup agent update improves performance and resolves minor compatibility issues. No exploitation has been observed and no action is required beyond normal change management.,0
TRN00876,2026-01-30,Open-source Research,Patch availability update,"The Compliance conference will discuss digital transformation, resilience and operational excellence. Registration closes next month.",0
TRN00877,2026-04-25,Open-source Research,Energy-sector malware activity,"Red Kudu is targeting energy utilities in Europe using Sandstorm Loader. Analysts observed Modbus scanning, unusual vendor access and attempts to reach operational technology networks. Indicators include node-877-sync.example and 198.51.100.218.",1
TRN00878,2025-12-26,Regional ISAC,Conference notice,A scheduled office suite update improves performance and resolves minor compatibility issues. No exploitation has been observed and no action is required beyond normal change management.,0
TRN00879,2026-07-29,Vendor Advisory,General technology bulletin,"The Compliance conference will discuss digital transformation, resilience and operational excellence. Registration closes next month.",0
TRN00880,2025-05-19,CERT-NA,Industrial protocol reconnaissance observed,"Incident responders identified vendor compromise against an electricity operator. The actor Kalahari Jackal moved from a vendor workstation to an OT jump server and queried PLC services. Monitor node-880-sync.example, 198.51.100.1 and hash accb306bbc4880c04131.",1
TRN00881,2026-03-17,Vendor Advisory,Patch availability update,A service notice confirms routine maintenance for router firmware. Temporary latency may occur during the approved maintenance window.,0
TRN00882,2025-11-16,Open-source Research,Patch availability update,A service notice confirms routine maintenance for backup agent. Temporary latency may occur during the approved maintenance window.,0
TRN00883,2025-04-10,Regional ISAC,Campaign targets industrial operators,"Incident responders identified credential phishing against an electricity operator. The actor Night Heron moved from a vendor workstation to an OT jump server and queried PLC services. Monitor node-883-sync.example, 198.51.100.4 and hash e5ebff1fcb950a8fc41e.",1
TRN00884,2025-02-22,Commercial Intelligence,Conference notice,A scheduled office suite update improves performance and resolves minor compatibility issues. No exploitation has been observed and no action is required beyond normal change management.,0
TRN00885,2025-08-19,Regional ISAC,Conference notice,"A scheduled router firmware update improves performance and resolves minor compatibility issues. No exploitation has been observed and no action is required beyond normal change management. The bulletin references security monitoring, risk assessment and operational resilience.",0
TRN00886,2026-06-16,Commercial Intelligence,Campaign targets industrial operators,"A campaign affecting energy utilities uses compromised maintenance accounts, PowerShell and GridLock. Activity includes DNS tunnelling, historian discovery and scanning of industrial protocols. The infrastructure node-886-sync.example resolves to 198.51.100.7.",1
TRN00887,2025-11-23,Vendor Advisory,Conference notice,A scheduled billing platform update improves performance and resolves minor compatibility issues. No exploitation has been observed and no action is required beyond normal change management.,0
TRN00888,2026-04-18,Vendor Advisory,General technology bulletin,A scheduled router firmware update improves performance and resolves minor compatibility issues. No exploitation has been observed and no action is required beyond normal change management.,0
TRN00889,2026-05-14,Commercial Intelligence,General technology bulletin,A service notice confirms routine maintenance for billing platform. Temporary latency may occur during the approved maintenance window.,0
TRN00890,2025-01-16,CERT-NA,Conference notice,A service notice confirms routine maintenance for office suite. Temporary latency may occur during the approved maintenance window.,0
TRN00891,2025-08-21,Commercial Intelligence,General technology bulletin,Researchers published a general vulnerability affecting universities. The advisory applies to versions not deployed by the organisation and contains no evidence of active exploitation in North America.,0
TRN00892,2026-01-12,Regional ISAC,Vendor access abused in OT intrusion,"Kalahari Jackal is targeting power distributors in Asia-Pacific using unknown PowerShell loader. Analysts observed Modbus scanning, unusual vendor access and attempts to reach operational technology networks. Indicators include node-892-sync.example and 198.51.100.13.",1
TRN00893,2025-01-17,Regional ISAC,Campaign targets industrial operators,"A campaign affecting critical infrastructure operators uses compromised maintenance accounts, PowerShell and unknown PowerShell loader. Activity includes credential phishing, historian discovery and scanning of industrial protocols. The infrastructure node-893-sync.example resolves to 198.51.100.14.",1
TRN00894,2025-02-07,Open-source Research,Vendor access abused in OT intrusion,"A campaign affecting power distributors uses compromised maintenance accounts, PowerShell and GridLock. Activity includes DNS tunnelling, historian discovery and scanning of industrial protocols. The infrastructure node-894-sync.example resolves to 198.51.100.15.",1
TRN00895,2026-07-21,Vendor Advisory,Campaign targets industrial operators,"Incident responders identified DNS tunnelling against an electricity operator. The actor Copper Dune moved from a vendor workstation to an OT jump server and queried PLC services. Monitor node-895-sync.example, 198.51.100.16 and hash fd30310f3d2f2783470c.",1
TRN00896,2025-07-01,Open-source Research,General technology bulletin,A service notice confirms routine maintenance for office suite. Temporary latency may occur during the approved maintenance window.,0
TRN00897,2025-01-05,Commercial Intelligence,Vendor access abused in OT intrusion,"Incident responders identified ransomware deployment against an electricity operator. The actor Copper Dune moved from a vendor workstation to an OT jump server and queried PLC services. Monitor node-897-sync.example, 198.51.100.18 and hash e58838a2b1d5c1a052f8. The bulletin references security monitoring, risk assessment and operational resilience.",1
TRN00898,2025-11-21,Regional ISAC,Patch availability update,A scheduled backup agent update improves performance and resolves minor compatibility issues. No exploitation has been observed and no action is required beyond normal change management.,0
TRN00899,2026-03-21,CERT-NA,Patch availability update,A scheduled backup agent update improves performance and resolves minor compatibility issues. No exploitation has been observed and no action is required beyond normal change management.,0
TRN00900,2026-04-15,Vendor Advisory,Routine maintenance advisory,A service notice confirms routine maintenance for router firmware. Temporary latency may occur during the approved maintenance window.,1
TRN00901,2026-09-03,Vendor Advisory,Conference notice,Researchers published a general vulnerability affecting retail organisations. The advisory applies to versions not deployed by the organisation and contains no evidence of active exploitation in Europe.,0
TRN00902,2025-11-28,Open-source Research,Conference notice,A scheduled backup agent update improves performance and resolves minor compatibility issues. No exploitation has been observed and no action is required beyond normal change management.,0
TRN00903,2026-02-15,Vendor Advisory,General technology bulletin,A scheduled router firmware update improves performance and resolves minor compatibility issues. No exploitation has been observed and no action is required beyond normal change management.,0
TRN00904,2026-03-26,Commercial Intelligence,Routine maintenance advisory,"A scheduled router firmware update improves performance and resolves minor compatibility issues. No exploitation has been observed and no action is required beyond normal change management. The bulletin references security monitoring, risk assessment and operational resilience.",0
TRN00905,2026-09-04,CERT-NA,Industrial protocol reconnaissance observed,"Incident responders identified ransomware deployment against an electricity operator. The actor Red Kudu moved from a vendor workstation to an OT jump server and queried PLC services. Monitor node-905-sync.example, 198.51.100.26 and hash 809dbbec79623fd397df.",1
TRN00906,2026-06-14,Vendor Advisory,Routine maintenance advisory,A scheduled backup agent update improves performance and resolves minor compatibility issues. No exploitation has been observed and no action is required beyond normal change management.,0
TRN00907,2026-04-05,CERT-NA,General technology bulletin,"A scheduled backup agent update improves performance and resolves minor compatibility issues. No exploitation has been observed and no action is required beyond normal change management. The bulletin references security monitoring, risk assessment and operational resilience.",0
TRN00908,2025-08-17,Commercial Intelligence,Energy-sector malware activity,"A campaign affecting energy utilities uses compromised maintenance accounts, PowerShell and BreakerFox. Activity includes credential phishing, historian discovery and scanning of industrial protocols. The infrastructure node-908-sync.example resolves to 198.51.100.29.",1
TRN00909,2025-08-12,Vendor Advisory,Conference notice,"A service notice confirms routine maintenance for billing platform. Temporary latency may occur during the approved maintenance window. The bulletin references security monitoring, risk assessment and operational resilience.",0
TRN00910,2026-03-10,CERT-NA,Industrial protocol reconnaissance observed,"Incident responders identified DNS tunnelling against an electricity operator. The actor Copper Dune moved from a vendor workstation to an OT jump server and queried PLC services. Monitor node-910-sync.example, 198.51.100.31 and hash 40037190210b9e1cfafd.",1
TRN00911,2025-12-21,Vendor Advisory,Conference notice,A service notice confirms routine maintenance for billing platform. Temporary latency may occur during the approved maintenance window.,0
TRN00912,2025-11-11,Commercial Intelligence,Routine maintenance advisory,Researchers published a general vulnerability affecting retail organisations. The advisory applies to versions not deployed by the organisation and contains no evidence of active exploitation in Europe.,0
TRN00913,2025-12-10,Open-source Research,Conference notice,A scheduled backup agent update improves performance and resolves minor compatibility issues. No exploitation has been observed and no action is required beyond normal change management.,0
TRN00914,2026-08-08,Open-source Research,General technology bulletin,Researchers published a general vulnerability affecting telecommunications providers. The advisory applies to versions not deployed by the organisation and contains no evidence of active exploitation in Southern Africa.,0
TRN00915,2025-09-15,CERT-NA,Vendor access abused in OT intrusion,"A campaign affecting power distributors uses compromised maintenance accounts, PowerShell and Sandstorm Loader. Activity includes ransomware deployment, historian discovery and scanning of industrial protocols. The infrastructure node-915-sync.example resolves to 198.51.100.36.",1
TRN00916,2025-01-12,Vendor Advisory,Patch availability update,A scheduled backup agent update improves performance and resolves minor compatibility issues. No exploitation has been observed and no action is required beyond normal change management.,0
TRN00917,2025-07-30,Vendor Advisory,General technology bulletin,A service notice confirms routine maintenance for router firmware. Temporary latency may occur during the approved maintenance window.,0
TRN00918,2025-11-14,Vendor Advisory,General technology bulletin,"A service notice confirms routine maintenance for office suite. Temporary latency may occur during the approved maintenance window. The bulletin references security monitoring, risk assessment and operational resilience.",0
TRN00919,2026-02-14,Regional ISAC,Conference notice,A service notice confirms routine maintenance for office suite. Temporary latency may occur during the approved maintenance window.,0
TRN00920,2025-05-22,CERT-NA,General technology bulletin,"The Technology conference will discuss digital transformation, resilience and operational excellence. Registration closes next month.",0
TRN00921,2025-02-03,Regional ISAC,Conference notice,A scheduled office suite update improves performance and resolves minor compatibility issues. No exploitation has been observed and no action is required beyond normal change management.,0
TRN00922,2025-11-03,Commercial Intelligence,Routine maintenance advisory,"Researchers published a general vulnerability affecting telecommunications providers. The advisory applies to versions not deployed by the organisation and contains no evidence of active exploitation in East Africa. The bulletin references security monitoring, risk assessment and operational resilience.",0
TRN00923,2025-12-29,Regional ISAC,Conference notice,Researchers published a general vulnerability affecting retail organisations. The advisory applies to versions not deployed by the organisation and contains no evidence of active exploitation in Southern Africa.,0
TRN00924,2026-05-03,Open-source Research,Industrial protocol reconnaissance observed,"A campaign affecting energy utilities uses compromised maintenance accounts, PowerShell and DustRAT. Activity includes ransomware deployment, historian discovery and scanning of industrial protocols. The infrastructure node-924-sync.example resolves to 198.51.100.45.",1
TRN00925,2026-07-16,Commercial Intelligence,General technology bulletin,A scheduled office suite update improves performance and resolves minor compatibility issues. No exploitation has been observed and no action is required beyond normal change management.,0
TRN00926,2025-05-20,Commercial Intelligence,Routine maintenance advisory,A scheduled backup agent update improves performance and resolves minor compatibility issues. No exploitation has been observed and no action is required beyond normal change management.,0
TRN00927,2025-03-12,Commercial Intelligence,Vendor access abused in OT intrusion,"A campaign affecting critical infrastructure operators uses compromised maintenance accounts, PowerShell and GridLock. Activity includes Modbus scanning, historian discovery and scanning of industrial protocols. The infrastructure node-927-sync.example resolves to 198.51.100.48.",1
TRN00928,2025-04-09,CERT-NA,Patch availability update,"The Cloud Services conference will discuss digital transformation, resilience and operational excellence. Registration closes next month. The bulletin references security monitoring, risk assessment and operational resilience.",0
TRN00929,2026-01-25,Vendor Advisory,Conference notice,Researchers published a general vulnerability affecting telecommunications providers. The advisory applies to versions not deployed by the organisation and contains no evidence of active exploitation in East Africa.,0
TRN00930,2025-01-14,Commercial Intelligence,Campaign targets industrial operators,"A campaign affecting power distributors uses compromised maintenance accounts, PowerShell and GridLock. Activity includes remote service abuse, historian discovery and scanning of industrial protocols. The infrastructure node-930-sync.example resolves to 198.51.100.51.",1
TRN00931,2025-04-05,Commercial Intelligence,Campaign targets industrial operators,"A campaign affecting critical infrastructure operators uses compromised maintenance accounts, PowerShell and Sandstorm Loader. Activity includes Modbus scanning, historian discovery and scanning of industrial protocols. The infrastructure node-931-sync.example resolves to 198.51.100.52.",1
TRN00932,2025-06-04,Regional ISAC,General technology bulletin,"The Compliance conference will discuss digital transformation, resilience and operational excellence. Registration closes next month. The bulletin references security monitoring, risk assessment and operational resilience.",0
TRN00933,2025-04-26,Regional ISAC,Campaign targets industrial operators,"Unknown actor is targeting energy utilities in North America using BreakerFox. Analysts observed Modbus scanning, unusual vendor access and attempts to reach operational technology networks. Indicators include node-933-sync.example and 198.51.100.54. The bulletin references security monitoring, risk assessment and operational resilience.",1
TRN00934,2025-11-17,Commercial Intelligence,Vendor access abused in OT intrusion,"Incident responders identified remote service abuse against an electricity operator. The actor Red Kudu moved from a vendor workstation to an OT jump server and queried PLC services. Monitor node-934-sync.example, 198.51.100.55 and hash e0ff52463976e8d3af0e.",1
TRN00935,2025-02-05,Open-source Research,General technology bulletin,"A service notice confirms routine maintenance for billing platform. Temporary latency may occur during the approved maintenance window. The bulletin references security monitoring, risk assessment and operational resilience.",0
TRN00936,2026-06-30,Regional ISAC,Routine maintenance advisory,Researchers published a general vulnerability affecting universities. The advisory applies to versions not deployed by the organisation and contains no evidence of active exploitation in Southern Africa.,0
TRN00937,2025-12-23,Regional ISAC,Patch availability update,"The Technology conference will discuss digital transformation, resilience and operational excellence. Registration closes next month. The bulletin references security monitoring, risk assessment and operational resilience.",0
TRN00938,2025-03-22,Open-source Research,General technology bulletin,A service notice confirms routine maintenance for backup agent. Temporary latency may occur during the approved maintenance window.,0
TRN00939,2025-06-03,Regional ISAC,General technology bulletin,Researchers published a general vulnerability affecting financial institutions. The advisory applies to versions not deployed by the organisation and contains no evidence of active exploitation in North America.,0
TRN00940,2025-03-14,CERT-NA,Patch availability update,A service notice confirms routine maintenance for backup agent. Temporary latency may occur during the approved maintenance window.,0
TRN00941,2026-04-24,Regional ISAC,Patch availability update,"The Cloud Services conference will discuss digital transformation, resilience and operational excellence. Registration closes next month.",0
TRN00942,2025-08-10,Regional ISAC,Campaign targets industrial operators,"A campaign affecting critical infrastructure operators uses compromised maintenance accounts, PowerShell and GridLock. Activity includes DNS tunnelling, historian discovery and scanning of industrial protocols. The infrastructure node-942-sync.example resolves to 198.51.100.63.",1
TRN00943,2025-08-19,Vendor Advisory,Conference notice,"Researchers published a general vulnerability affecting energy utilities. The advisory applies to versions not deployed by the organisation and contains no evidence of active exploitation in North America. The bulletin references security monitoring, risk assessment and operational resilience.",0
TRN00944,2025-10-06,Vendor Advisory,Patch availability update,"The Technology conference will discuss digital transformation, resilience and operational excellence. Registration closes next month. The bulletin references security monitoring, risk assessment and operational resilience.",0
TRN00945,2025-07-26,Regional ISAC,Industrial protocol reconnaissance observed,"A campaign affecting energy utilities uses compromised maintenance accounts, PowerShell and DustRAT. Activity includes ransomware deployment, historian discovery and scanning of industrial protocols. The infrastructure node-945-sync.example resolves to 198.51.100.66.",1
TRN00946,2026-09-07,Regional ISAC,Campaign targets industrial operators,"Incident responders identified remote service abuse against an electricity operator. The actor Red Kudu moved from a vendor workstation to an OT jump server and queried PLC services. Monitor node-946-sync.example, 198.51.100.67 and hash 6a35075aca2f816af9af.",1
TRN00947,2025-11-13,CERT-NA,Routine maintenance advisory,A scheduled router firmware update improves performance and resolves minor compatibility issues. No exploitation has been observed and no action is required beyond normal change management.,0
TRN00948,2026-08-27,Regional ISAC,Routine maintenance advisory,A service notice confirms routine maintenance for backup agent. Temporary latency may occur during the approved maintenance window.,0
TRN00949,2025-08-06,Open-source Research,Vendor access abused in OT intrusion,"Kalahari Jackal is targeting power distributors in East Africa using Sandstorm Loader. Analysts observed ransomware deployment, unusual vendor access and attempts to reach operational technology networks. Indicators include node-949-sync.example and 198.51.100.70.",1
TRN00950,2025-11-25,Vendor Advisory,Campaign targets industrial operators,"A campaign affecting energy utilities uses compromised maintenance accounts, PowerShell and GridLock. Activity includes ransomware deployment, historian discovery and scanning of industrial protocols. The infrastructure node-950-sync.example resolves to 198.51.100.71.",1
TRN00951,2026-03-19,Vendor Advisory,Patch availability update,"The Technology conference will discuss digital transformation, resilience and operational excellence. Registration closes next month.",0
TRN00952,2026-03-13,Commercial Intelligence,Industrial protocol reconnaissance observed,"A campaign affecting power distributors uses compromised maintenance accounts, PowerShell and BreakerFox. Activity includes credential phishing, historian discovery and scanning of industrial protocols. The infrastructure node-952-sync.example resolves to 198.51.100.73.",0
TRN00953,2026-01-20,CERT-NA,General technology bulletin,A service notice confirms routine maintenance for router firmware. Temporary latency may occur during the approved maintenance window.,0
TRN00954,2025-08-29,Open-source Research,Patch availability update,A scheduled router firmware update improves performance and resolves minor compatibility issues. No exploitation has been observed and no action is required beyond normal change management.,0
TRN00955,2026-03-31,Vendor Advisory,Industrial protocol reconnaissance observed,"Incident responders identified vendor compromise against an electricity operator. The actor Copper Dune moved from a vendor workstation to an OT jump server and queried PLC services. Monitor node-955-sync.example, 198.51.100.76 and hash e5f6d2ce02c122681794.",1
TRN00956,2025-10-27,CERT-NA,General technology bulletin,A scheduled billing platform update improves performance and resolves minor compatibility issues. No exploitation has been observed and no action is required beyond normal change management.,0
TRN00957,2025-06-21,CERT-NA,General technology bulletin,A scheduled router firmware update improves performance and resolves minor compatibility issues. No exploitation has been observed and no action is required beyond normal change management.,0
TRN00958,2025-12-24,Open-source Research,Conference notice,"A scheduled billing platform update improves performance and resolves minor compatibility issues. No exploitation has been observed and no action is required beyond normal change management. The bulletin references security monitoring, risk assessment and operational resilience.",0
TRN00959,2025-11-25,Open-source Research,Patch availability update,Researchers published a general vulnerability affecting universities. The advisory applies to versions not deployed by the organisation and contains no evidence of active exploitation in Southern Africa.,0
TRN00960,2026-08-08,Open-source Research,Routine maintenance advisory,A service notice confirms routine maintenance for billing platform. Temporary latency may occur during the approved maintenance window.,0
TRN00961,2026-03-01,Commercial Intelligence,Campaign targets industrial operators,"Night Heron is targeting energy utilities in East Africa using BreakerFox. Analysts observed ransomware deployment, unusual vendor access and attempts to reach operational technology networks. Indicators include node-961-sync.example and 198.51.100.82.",1
TRN00962,2026-07-19,Regional ISAC,General technology bulletin,A scheduled office suite update improves performance and resolves minor compatibility issues. No exploitation has been observed and no action is required beyond normal change management.,0
TRN00963,2026-04-06,Vendor Advisory,Industrial protocol reconnaissance observed,"Night Heron is targeting critical infrastructure operators in Asia-Pacific using GridLock. Analysts observed vendor compromise, unusual vendor access and attempts to reach operational technology networks. Indicators include node-963-sync.example and 198.51.100.84.",1
TRN00964,2025-02-08,Regional ISAC,Campaign targets industrial operators,"Copper Dune is targeting energy utilities in North America using unknown PowerShell loader. Analysts observed credential phishing, unusual vendor access and attempts to reach operational technology networks. Indicators include node-964-sync.example and 198.51.100.85.",1
TRN00965,2026-08-01,Open-source Research,General technology bulletin,A scheduled billing platform update improves performance and resolves minor compatibility issues. No exploitation has been observed and no action is required beyond normal change management.,0
TRN00966,2026-06-28,CERT-NA,Industrial protocol reconnaissance observed,"A campaign affecting critical infrastructure operators uses compromised maintenance accounts, PowerShell and unknown PowerShell loader. Activity includes Modbus scanning, historian discovery and scanning of industrial protocols. The infrastructure node-966-sync.example resolves to 198.51.100.87.",1
TRN00967,2026-09-12,Commercial Intelligence,General technology bulletin,A service notice confirms routine maintenance for office suite. Temporary latency may occur during the approved maintenance window.,0
TRN00968,2025-08-27,CERT-NA,Routine maintenance advisory,A service notice confirms routine maintenance for office suite. Temporary latency may occur during the approved maintenance window.,0
TRN00969,2025-10-18,CERT-NA,Routine maintenance advisory,Researchers published a general vulnerability affecting financial institutions. The advisory applies to versions not deployed by the organisation and contains no evidence of active exploitation in Southern Africa.,1
TRN00970,2025-11-27,Regional ISAC,Patch availability update,"The Technology conference will discuss digital transformation, resilience and operational excellence. Registration closes next month.",0
TRN00971,2026-02-20,Open-source Research,General technology bulletin,"The Technology conference will discuss digital transformation, resilience and operational excellence. Registration closes next month.",0
TRN00972,2026-04-03,Regional ISAC,Energy-sector malware activity,"Unknown actor is targeting critical infrastructure operators in Europe using unknown PowerShell loader. Analysts observed ransomware deployment, unusual vendor access and attempts to reach operational technology networks. Indicators include node-972-sync.example and 198.51.100.93. The bulletin references security monitoring, risk assessment and operational resilience.",1
TRN00973,2025-08-11,Vendor Advisory,Patch availability update,"The Compliance conference will discuss digital transformation, resilience and operational excellence. Registration closes next month.",0
TRN00974,2025-02-16,Commercial Intelligence,Conference notice,"A service notice confirms routine maintenance for backup agent. Temporary latency may occur during the approved maintenance window. The bulletin references security monitoring, risk assessment and operational resilience.",0
TRN00975,2025-04-27,Vendor Advisory,General technology bulletin,A scheduled office suite update improves performance and resolves minor compatibility issues. No exploitation has been observed and no action is required beyond normal change management.,0
TRN00976,2026-03-31,Vendor Advisory,Routine maintenance advisory,"The Compliance conference will discuss digital transformation, resilience and operational excellence. Registration closes next month. The bulletin references security monitoring, risk assessment and operational resilience.",0
TRN00977,2025-03-08,Commercial Intelligence,Patch availability update,"The Cloud Services conference will discuss digital transformation, resilience and operational excellence. Registration closes next month. The bulletin references security monitoring, risk assessment and operational resilience.",0
TRN00978,2025-12-19,Commercial Intelligence,General technology bulletin,Researchers published a general vulnerability affecting universities. The advisory applies to versions not deployed by the organisation and contains no evidence of active exploitation in East Africa.,0
TRN00979,2026-07-11,CERT-NA,Campaign targets industrial operators,"Incident responders identified DNS tunnelling against an electricity operator. The actor Kalahari Jackal moved from a vendor workstation to an OT jump server and queried PLC services. Monitor node-979-sync.example, 198.51.100.100 and hash 55e9b80e60d78611d1e1. The bulletin references security monitoring, risk assessment and operational resilience.",1
TRN00980,2025-03-17,Vendor Advisory,General technology bulletin,A service notice confirms routine maintenance for router firmware. Temporary latency may occur during the approved maintenance window.,0
TRN00981,2025-01-23,CERT-NA,Conference notice,Researchers published a general vulnerability affecting energy utilities. The advisory applies to versions not deployed by the organisation and contains no evidence of active exploitation in East Africa.,0
TRN00982,2025-08-12,Open-source Research,Campaign targets industrial operators,"Unknown actor is targeting energy utilities in Asia-Pacific using GridLock. Analysts observed ransomware deployment, unusual vendor access and attempts to reach operational technology networks. Indicators include node-982-sync.example and 198.51.100.103.",1
TRN00983,2025-03-07,Vendor Advisory,General technology bulletin,A scheduled billing platform update improves performance and resolves minor compatibility issues. No exploitation has been observed and no action is required beyond normal change management.,0
TRN00984,2026-07-22,Regional ISAC,Industrial protocol reconnaissance observed,"Kalahari Jackal is targeting power distributors in North America using unknown PowerShell loader. Analysts observed remote service abuse, unusual vendor access and attempts to reach operational technology networks. Indicators include node-984-sync.example and 198.51.100.105.",1
TRN00985,2025-04-01,Open-source Research,General technology bulletin,A service notice confirms routine maintenance for router firmware. Temporary latency may occur during the approved maintenance window.,0
TRN00986,2026-02-13,Vendor Advisory,General technology bulletin,"The Technology conference will discuss digital transformation, resilience and operational excellence. Registration closes next month.",0
TRN00987,2025-12-05,CERT-NA,Patch availability update,Researchers published a general vulnerability affecting retail organisations. The advisory applies to versions not deployed by the organisation and contains no evidence of active exploitation in North America.,0
TRN00988,2026-07-09,CERT-NA,Vendor access abused in OT intrusion,"Incident responders identified vendor compromise against an electricity operator. The actor Night Heron moved from a vendor workstation to an OT jump server and queried PLC services. Monitor node-988-sync.example, 198.51.100.109 and hash 7fb942866934093440f8.",1
TRN00989,2026-06-02,Commercial Intelligence,Energy-sector malware activity,"Incident responders identified Modbus scanning against an electricity operator. The actor Red Kudu moved from a vendor workstation to an OT jump server and queried PLC services. Monitor node-989-sync.example, 198.51.100.110 and hash ea4802d9055b172d95cc. The bulletin references security monitoring, risk assessment and operational resilience.",1
TRN00990,2026-08-04,Open-source Research,Energy-sector malware activity,"A campaign affecting energy utilities uses compromised maintenance accounts, PowerShell and Sandstorm Loader. Activity includes DNS tunnelling, historian discovery and scanning of industrial protocols. The infrastructure node-990-sync.example resolves to 198.51.100.111.",1
TRN00991,2025-09-10,Commercial Intelligence,Energy-sector malware activity,"A campaign affecting energy utilities uses compromised maintenance accounts, PowerShell and Sandstorm Loader. Activity includes vendor compromise, historian discovery and scanning of industrial protocols. The infrastructure node-991-sync.example resolves to 198.51.100.112.",1
TRN00992,2026-07-01,Open-source Research,Patch availability update,A scheduled office suite update improves performance and resolves minor compatibility issues. No exploitation has been observed and no action is required beyond normal change management.,0
TRN00993,2025-07-16,Regional ISAC,Patch availability update,Researchers published a general vulnerability affecting universities. The advisory applies to versions not deployed by the organisation and contains no evidence of active exploitation in Southern Africa.,0
TRN00994,2026-08-26,Regional ISAC,Patch availability update,A service notice confirms routine maintenance for router firmware. Temporary latency may occur during the approved maintenance window.,0
TRN00995,2026-09-10,Regional ISAC,Conference notice,A scheduled router firmware update improves performance and resolves minor compatibility issues. No exploitation has been observed and no action is required beyond normal change management.,0
TRN00996,2026-03-18,Vendor Advisory,Routine maintenance advisory,Researchers published a general vulnerability affecting telecommunications providers. The advisory applies to versions not deployed by the organisation and contains no evidence of active exploitation in North America.,0
TRN00997,2026-08-11,CERT-NA,Conference notice,A service notice confirms routine maintenance for backup agent. Temporary latency may occur during the approved maintenance window.,0
TRN00998,2025-02-08,Vendor Advisory,General technology bulletin,Researchers published a general vulnerability affecting telecommunications providers. The advisory applies to versions not deployed by the organisation and contains no evidence of active exploitation in Southern Africa.,0
TRN00999,2025-12-04,Regional ISAC,General technology bulletin,Researchers published a general vulnerability affecting telecommunications providers. The advisory applies to versions not deployed by the organisation and contains no evidence of active exploitation in East Africa.,0
TRN01000,2026-04-02,Open-source Research,General technology bulletin,"A service notice confirms routine maintenance for billing platform. Temporary latency may occur during the approved maintenance window. The bulletin references security monitoring, risk assessment and operational resilience.",0
TRN01001,2025-12-17,Regional ISAC,Campaign targets industrial operators,"A campaign affecting critical infrastructure operators uses compromised maintenance accounts, PowerShell and DustRAT. Activity includes DNS tunnelling, historian discovery and scanning of industrial protocols. The infrastructure node-1001-sync.example resolves to 198.51.100.122.",1
TRN01002,2025-04-20,Regional ISAC,Conference notice,"The Technology conference will discuss digital transformation, resilience and operational excellence. Registration closes next month.",0
TRN01003,2025-03-04,Open-source Research,Conference notice,A scheduled backup agent update improves performance and resolves minor compatibility issues. No exploitation has been observed and no action is required beyond normal change management.,0
TRN01004,2026-01-15,Open-source Research,General technology bulletin,"Researchers published a general vulnerability affecting energy utilities. The advisory applies to versions not deployed by the organisation and contains no evidence of active exploitation in Asia-Pacific. The bulletin references security monitoring, risk assessment and operational resilience.",0
TRN01005,2026-05-03,Vendor Advisory,Industrial protocol reconnaissance observed,"Red Kudu is targeting power distributors in East Africa using DustRAT. Analysts observed Modbus scanning, unusual vendor access and attempts to reach operational technology networks. Indicators include node-1005-sync.example and 198.51.100.126.",1
TRN01006,2025-11-17,Vendor Advisory,Energy-sector malware activity,"Red Kudu is targeting energy utilities in Southern Africa using unknown PowerShell loader. Analysts observed vendor compromise, unusual vendor access and attempts to reach operational technology networks. Indicators include node-1006-sync.example and 198.51.100.127.",1
TRN01007,2026-07-29,Vendor Advisory,Patch availability update,Researchers published a general vulnerability affecting financial institutions. The advisory applies to versions not deployed by the organisation and contains no evidence of active exploitation in Asia-Pacific.,0
TRN01008,2026-02-15,Regional ISAC,General technology bulletin,"The Compliance conference will discuss digital transformation, resilience and operational excellence. Registration closes next month. The bulletin references security monitoring, risk assessment and operational resilience.",0
TRN01009,2025-05-20,CERT-NA,Energy-sector malware activity,"A campaign affecting energy utilities uses compromised maintenance accounts, PowerShell and BreakerFox. Activity includes credential phishing, historian discovery and scanning of industrial protocols. The infrastructure node-1009-sync.example resolves to 198.51.100.130.",1
TRN01010,2025-06-11,Regional ISAC,Routine maintenance advisory,A scheduled router firmware update improves performance and resolves minor compatibility issues. No exploitation has been observed and no action is required beyond normal change management.,0
TRN01011,2025-11-12,Open-source Research,Patch availability update,"The Technology conference will discuss digital transformation, resilience and operational excellence. Registration closes next month.",0
TRN01012,2025-03-11,Regional ISAC,Conference notice,A scheduled billing platform update improves performance and resolves minor compatibility issues. No exploitation has been observed and no action is required beyond normal change management.,0
TRN01013,2025-03-12,CERT-NA,Conference notice,"The Cloud Services conference will discuss digital transformation, resilience and operational excellence. Registration closes next month.",0
TRN01014,2026-01-20,Vendor Advisory,Conference notice,"A service notice confirms routine maintenance for router firmware. Temporary latency may occur during the approved maintenance window. The bulletin references security monitoring, risk assessment and operational resilience.",0
TRN01015,2026-08-18,Commercial Intelligence,Patch availability update,A service notice confirms routine maintenance for router firmware. Temporary latency may occur during the approved maintenance window.,0
TRN01016,2026-04-14,Vendor Advisory,Patch availability update,A scheduled office suite update improves performance and resolves minor compatibility issues. No exploitation has been observed and no action is required beyond normal change management.,0
TRN01017,2025-02-20,Commercial Intelligence,Patch availability update,"The Technology conference will discuss digital transformation, resilience and operational excellence. Registration closes next month.",0
TRN01018,2026-08-14,Open-source Research,General technology bulletin,Researchers published a general vulnerability affecting universities. The advisory applies to versions not deployed by the organisation and contains no evidence of active exploitation in North America.,0
TRN01019,2026-06-28,Commercial Intelligence,Conference notice,"The Cloud Services conference will discuss digital transformation, resilience and operational excellence. Registration closes next month.",0
TRN01020,2025-06-20,Vendor Advisory,Campaign targets industrial operators,"Night Heron is targeting critical infrastructure operators in Europe using GridLock. Analysts observed Modbus scanning, unusual vendor access and attempts to reach operational technology networks. Indicators include node-1020-sync.example and 198.51.100.141. The bulletin references security monitoring, risk assessment and operational resilience.",1
TRN01021,2025-09-28,CERT-NA,Patch availability update,A scheduled billing platform update improves performance and resolves minor compatibility issues. No exploitation has been observed and no action is required beyond normal change management.,0
TRN01022,2026-05-27,CERT-NA,General technology bulletin,A service notice confirms routine maintenance for billing platform. Temporary latency may occur during the approved maintenance window.,0
TRN01023,2025-05-02,CERT-NA,Routine maintenance advisory,"A scheduled backup agent update improves performance and resolves minor compatibility issues. No exploitation has been observed and no action is required beyond normal change management. The bulletin references security monitoring, risk assessment and operational resilience.",0
TRN01024,2026-05-10,Open-source Research,Patch availability update,"The Compliance conference will discuss digital transformation, resilience and operational excellence. Registration closes next month.",0
TRN01025,2025-08-16,Vendor Advisory,Patch availability update,"The Cloud Services conference will discuss digital transformation, resilience and operational excellence. Registration closes next month. The bulletin references security monitoring, risk assessment and operational resilience.",0
TRN01026,2025-06-30,Open-source Research,Routine maintenance advisory,A scheduled billing platform update improves performance and resolves minor compatibility issues. No exploitation has been observed and no action is required beyond normal change management.,0
TRN01027,2025-06-11,Vendor Advisory,Conference notice,A scheduled backup agent update improves performance and resolves minor compatibility issues. No exploitation has been observed and no action is required beyond normal change management.,1
TRN01028,2026-08-28,CERT-NA,Energy-sector malware activity,"A campaign affecting power distributors uses compromised maintenance accounts, PowerShell and DustRAT. Activity includes DNS tunnelling, historian discovery and scanning of industrial protocols. The infrastructure node-1028-sync.example resolves to 198.51.100.149. The bulletin references security monitoring, risk assessment and operational resilience.",1
TRN01029,2025-01-02,Regional ISAC,Routine maintenance advisory,A scheduled billing platform update improves performance and resolves minor compatibility issues. No exploitation has been observed and no action is required beyond normal change management.,0
TRN01030,2026-05-19,Commercial Intelligence,Patch availability update,A scheduled billing platform update improves performance and resolves minor compatibility issues. No exploitation has been observed and no action is required beyond normal change management.,0
TRN01031,2026-06-22,CERT-NA,Conference notice,Researchers published a general vulnerability affecting energy utilities. The advisory applies to versions not deployed by the organisation and contains no evidence of active exploitation in North America.,0
TRN01032,2025-03-25,Vendor Advisory,Energy-sector malware activity,"A campaign affecting power distributors uses compromised maintenance accounts, PowerShell and BreakerFox. Activity includes credential phishing, historian discovery and scanning of industrial protocols. The infrastructure node-1032-sync.example resolves to 198.51.100.153.",1
TRN01033,2025-09-26,Regional ISAC,General technology bulletin,"The Compliance conference will discuss digital transformation, resilience and operational excellence. Registration closes next month.",0
TRN01034,2025-03-14,CERT-NA,Conference notice,"The Cloud Services conference will discuss digital transformation, resilience and operational excellence. Registration closes next month.",0
TRN01035,2025-12-25,Open-source Research,Patch availability update,"The Cloud Services conference will discuss digital transformation, resilience and operational excellence. Registration closes next month.",0
TRN01036,2026-06-03,Commercial Intelligence,Conference notice,"The Cloud Services conference will discuss digital transformation, resilience and operational excellence. Registration closes next month. The bulletin references security monitoring, risk assessment and operational resilience.",0
TRN01037,2026-07-24,Vendor Advisory,Conference notice,"A scheduled router firmware update improves performance and resolves minor compatibility issues. No exploitation has been observed and no action is required beyond normal change management. The bulletin references security monitoring, risk assessment and operational resilience.",0
TRN01038,2026-05-09,CERT-NA,Industrial protocol reconnaissance observed,"Incident responders identified remote service abuse against an electricity operator. The actor Copper Dune moved from a vendor workstation to an OT jump server and queried PLC services. Monitor node-1038-sync.example, 198.51.100.159 and hash ff79aa759bfac4804de8.",1
TRN01039,2025-03-27,Vendor Advisory,Patch availability update,Researchers published a general vulnerability affecting retail organisations. The advisory applies to versions not deployed by the organisation and contains no evidence of active exploitation in North America.,0
TRN01040,2026-02-25,Commercial Intelligence,Patch availability update,A service notice confirms routine maintenance for billing platform. Temporary latency may occur during the approved maintenance window.,0
TRN01041,2026-09-08,Regional ISAC,Conference notice,"Researchers published a general vulnerability affecting energy utilities. The advisory applies to versions not deployed by the organisation and contains no evidence of active exploitation in East Africa. The bulletin references security monitoring, risk assessment and operational resilience.",0
TRN01042,2025-03-01,CERT-NA,Patch availability update,"The Compliance conference will discuss digital transformation, resilience and operational excellence. Registration closes next month.",0
TRN01043,2026-05-31,Open-source Research,Campaign targets industrial operators,"Kalahari Jackal is targeting critical infrastructure operators in East Africa using unknown PowerShell loader. Analysts observed Modbus scanning, unusual vendor access and attempts to reach operational technology networks. Indicators include node-1043-sync.example and 198.51.100.164.",1
TRN01044,2025-03-27,CERT-NA,Industrial protocol reconnaissance observed,"Incident responders identified remote service abuse against an electricity operator. The actor Unknown actor moved from a vendor workstation to an OT jump server and queried PLC services. Monitor node-1044-sync.example, 198.51.100.165 and hash 934651bfed4e45cd5119.",1
TRN01045,2026-01-19,CERT-NA,General technology bulletin,A scheduled backup agent update improves performance and resolves minor compatibility issues. No exploitation has been observed and no action is required beyond normal change management.,0
TRN01046,2025-08-31,Vendor Advisory,Patch availability update,Researchers published a general vulnerability affecting financial institutions. The advisory applies to versions not deployed by the organisation and contains no evidence of active exploitation in Europe.,1
TRN01047,2026-02-07,CERT-NA,Vendor access abused in OT intrusion,"Kalahari Jackal is targeting critical infrastructure operators in North America using Sandstorm Loader. Analysts observed remote service abuse, unusual vendor access and attempts to reach operational technology networks. Indicators include node-1047-sync.example and 198.51.100.168.",1
TRN01048,2026-05-02,Commercial Intelligence,Energy-sector malware activity,"Incident responders identified remote service abuse against an electricity operator. The actor Kalahari Jackal moved from a vendor workstation to an OT jump server and queried PLC services. Monitor node-1048-sync.example, 198.51.100.169 and hash 3df9d04171b43467f66b.",1
TRN01049,2025-03-13,Commercial Intelligence,Industrial protocol reconnaissance observed,"Incident responders identified Modbus scanning against an electricity operator. The actor Red Kudu moved from a vendor workstation to an OT jump server and queried PLC services. Monitor node-1049-sync.example, 198.51.100.170 and hash bd19d489b0e778278cf3.",1
TRN01050,2026-06-22,CERT-NA,Routine maintenance advisory,Researchers published a general vulnerability affecting telecommunications providers. The advisory applies to versions not deployed by the organisation and contains no evidence of active exploitation in Asia-Pacific.,0
TRN01051,2025-07-18,CERT-NA,Routine maintenance advisory,Researchers published a general vulnerability affecting energy utilities. The advisory applies to versions not deployed by the organisation and contains no evidence of active exploitation in Europe.,0
TRN01052,2026-05-22,CERT-NA,Conference notice,"The Cloud Services conference will discuss digital transformation, resilience and operational excellence. Registration closes next month.",0
TRN01053,2026-08-03,Commercial Intelligence,Conference notice,A service notice confirms routine maintenance for router firmware. Temporary latency may occur during the approved maintenance window.,0
TRN01054,2025-01-15,Vendor Advisory,Routine maintenance advisory,"Researchers published a general vulnerability affecting retail organisations. The advisory applies to versions not deployed by the organisation and contains no evidence of active exploitation in North America. The bulletin references security monitoring, risk assessment and operational resilience.",0
TRN01055,2025-08-04,CERT-NA,General technology bulletin,"The Technology conference will discuss digital transformation, resilience and operational excellence. Registration closes next month.",0
TRN01056,2025-08-07,Regional ISAC,Conference notice,"The Compliance conference will discuss digital transformation, resilience and operational excellence. Registration closes next month.",0
TRN01057,2025-11-16,CERT-NA,Patch availability update,"The Cloud Services conference will discuss digital transformation, resilience and operational excellence. Registration closes next month.",0
TRN01058,2025-04-26,Commercial Intelligence,Industrial protocol reconnaissance observed,"Incident responders identified credential phishing against an electricity operator. The actor Night Heron moved from a vendor workstation to an OT jump server and queried PLC services. Monitor node-1058-sync.example, 198.51.100.179 and hash ee22c422f57e341ea893.",1
TRN01059,2025-01-02,CERT-NA,Vendor access abused in OT intrusion,"Night Heron is targeting critical infrastructure operators in Europe using GridLock. Analysts observed ransomware deployment, unusual vendor access and attempts to reach operational technology networks. Indicators include node-1059-sync.example and 198.51.100.180.",1
TRN01060,2026-02-17,Vendor Advisory,General technology bulletin,"Researchers published a general vulnerability affecting energy utilities. The advisory applies to versions not deployed by the organisation and contains no evidence of active exploitation in Asia-Pacific. The bulletin references security monitoring, risk assessment and operational resilience.",1
TRN01061,2025-10-26,Vendor Advisory,General technology bulletin,"A service notice confirms routine maintenance for office suite. Temporary latency may occur during the approved maintenance window. The bulletin references security monitoring, risk assessment and operational resilience.",0
TRN01062,2026-05-02,Vendor Advisory,Conference notice,Researchers published a general vulnerability affecting retail organisations. The advisory applies to versions not deployed by the organisation and contains no evidence of active exploitation in North America.,1
TRN01063,2025-02-03,Open-source Research,Campaign targets industrial operators,"Incident responders identified vendor compromise against an electricity operator. The actor Unknown actor moved from a vendor workstation to an OT jump server and queried PLC services. Monitor node-1063-sync.example, 198.51.100.184 and hash e350d41881356c18301e. The bulletin references security monitoring, risk assessment and operational resilience.",1
TRN01064,2025-05-22,Regional ISAC,Campaign targets industrial operators,"Incident responders identified vendor compromise against an electricity operator. The actor Kalahari Jackal moved from a vendor workstation to an OT jump server and queried PLC services. Monitor node-1064-sync.example, 198.51.100.185 and hash d516d9d0465c85d70662.",1
TRN01065,2025-05-31,Commercial Intelligence,Conference notice,A service notice confirms routine maintenance for router firmware. Temporary latency may occur during the approved maintenance window.,0
TRN01066,2026-01-02,CERT-NA,Routine maintenance advisory,"The Compliance conference will discuss digital transformation, resilience and operational excellence. Registration closes next month.",0
TRN01067,2026-04-23,Open-source Research,Patch availability update,"The Cloud Services conference will discuss digital transformation, resilience and operational excellence. Registration closes next month.",0
TRN01068,2025-09-09,Vendor Advisory,Conference notice,A scheduled office suite update improves performance and resolves minor compatibility issues. No exploitation has been observed and no action is required beyond normal change management.,1
TRN01069,2026-08-06,Regional ISAC,Routine maintenance advisory,A scheduled backup agent update improves performance and resolves minor compatibility issues. No exploitation has been observed and no action is required beyond normal change management.,0
TRN01070,2026-08-29,Vendor Advisory,Energy-sector malware activity,"A campaign affecting critical infrastructure operators uses compromised maintenance accounts, PowerShell and BreakerFox. Activity includes credential phishing, historian discovery and scanning of industrial protocols. The infrastructure node-1070-sync.example resolves to 198.51.100.191.",1
TRN01071,2025-06-28,Open-source Research,Conference notice,Researchers published a general vulnerability affecting telecommunications providers. The advisory applies to versions not deployed by the organisation and contains no evidence of active exploitation in Europe.,0
TRN01072,2025-08-30,Open-source Research,Energy-sector malware activity,"Incident responders identified Modbus scanning against an electricity operator. The actor Copper Dune moved from a vendor workstation to an OT jump server and queried PLC services. Monitor node-1072-sync.example, 198.51.100.193 and hash ad666c3f5abf60b212b9.",1
TRN01073,2025-03-01,CERT-NA,Routine maintenance advisory,A service notice confirms routine maintenance for office suite. Temporary latency may occur during the approved maintenance window.,0
TRN01074,2025-05-07,Regional ISAC,Industrial protocol reconnaissance observed,"Night Heron is targeting energy utilities in Southern Africa using unknown PowerShell loader. Analysts observed DNS tunnelling, unusual vendor access and attempts to reach operational technology networks. Indicators include node-1074-sync.example and 198.51.100.195.",1
TRN01075,2025-06-18,Open-source Research,Conference notice,A scheduled router firmware update improves performance and resolves minor compatibility issues. No exploitation has been observed and no action is required beyond normal change management.,0
TRN01076,2026-04-28,Vendor Advisory,Vendor access abused in OT intrusion,"A campaign affecting critical infrastructure operators uses compromised maintenance accounts, PowerShell and Sandstorm Loader. Activity includes remote service abuse, historian discovery and scanning of industrial protocols. The infrastructure node-1076-sync.example resolves to 198.51.100.197.",1
TRN01077,2025-04-27,CERT-NA,Patch availability update,A service notice confirms routine maintenance for router firmware. Temporary latency may occur during the approved maintenance window.,0
TRN01078,2026-03-15,CERT-NA,General technology bulletin,A service notice confirms routine maintenance for office suite. Temporary latency may occur during the approved maintenance window.,0
TRN01079,2026-07-12,Open-source Research,Routine maintenance advisory,Researchers published a general vulnerability affecting retail organisations. The advisory applies to versions not deployed by the organisation and contains no evidence of active exploitation in Asia-Pacific.,0
TRN01080,2025-08-09,Vendor Advisory,Patch availability update,A service notice confirms routine maintenance for billing platform. Temporary latency may occur during the approved maintenance window.,0
TRN01081,2025-02-05,Vendor Advisory,Campaign targets industrial operators,"Copper Dune is targeting energy utilities in Europe using unknown PowerShell loader. Analysts observed credential phishing, unusual vendor access and attempts to reach operational technology networks. Indicators include node-1081-sync.example and 198.51.100.202.",1
TRN01082,2026-01-01,Regional ISAC,General technology bulletin,"The Cloud Services conference will discuss digital transformation, resilience and operational excellence. Registration closes next month.",0
TRN01083,2026-08-31,CERT-NA,General technology bulletin,A scheduled router firmware update improves performance and resolves minor compatibility issues. No exploitation has been observed and no action is required beyond normal change management.,0
TRN01084,2026-02-24,CERT-NA,Industrial protocol reconnaissance observed,"Incident responders identified DNS tunnelling against an electricity operator. The actor Night Heron moved from a vendor workstation to an OT jump server and queried PLC services. Monitor node-1084-sync.example, 198.51.100.205 and hash c1c48c42a701d98f8597. The bulletin references security monitoring, risk assessment and operational resilience.",1
TRN01085,2025-04-02,Vendor Advisory,Patch availability update,"The Technology conference will discuss digital transformation, resilience and operational excellence. Registration closes next month. The bulletin references security monitoring, risk assessment and operational resilience.",0
TRN01086,2025-06-21,Commercial Intelligence,Patch availability update,A service notice confirms routine maintenance for backup agent. Temporary latency may occur during the approved maintenance window.,0
TRN01087,2026-03-09,Commercial Intelligence,Conference notice,"The Technology conference will discuss digital transformation, resilience and operational excellence. Registration closes next month.",0
TRN01088,2026-01-12,CERT-NA,Energy-sector malware activity,"Incident responders identified ransomware deployment against an electricity operator. The actor Unknown actor moved from a vendor workstation to an OT jump server and queried PLC services. Monitor node-1088-sync.example, 198.51.100.209 and hash ff1b2e7d9359a8025ebb.",1
TRN01089,2025-07-02,Open-source Research,Vendor access abused in OT intrusion,"Incident responders identified DNS tunnelling against an electricity operator. The actor Kalahari Jackal moved from a vendor workstation to an OT jump server and queried PLC services. Monitor node-1089-sync.example, 198.51.100.210 and hash 43532365e13ea078cb95. The bulletin references security monitoring, risk assessment and operational resilience.",1
TRN01090,2026-06-20,CERT-NA,Patch availability update,Researchers published a general vulnerability affecting telecommunications providers. The advisory applies to versions not deployed by the organisation and contains no evidence of active exploitation in Asia-Pacific.,0
TRN01091,2025-12-06,CERT-NA,Industrial protocol reconnaissance observed,"A campaign affecting energy utilities uses compromised maintenance accounts, PowerShell and Sandstorm Loader. Activity includes credential phishing, historian discovery and scanning of industrial protocols. The infrastructure node-1091-sync.example resolves to 198.51.100.212. The bulletin references security monitoring, risk assessment and operational resilience.",1
TRN01092,2026-08-09,Commercial Intelligence,General technology bulletin,"The Cloud Services conference will discuss digital transformation, resilience and operational excellence. Registration closes next month.",0
TRN01093,2025-01-30,Regional ISAC,Campaign targets industrial operators,"Incident responders identified Modbus scanning against an electricity operator. The actor Copper Dune moved from a vendor workstation to an OT jump server and queried PLC services. Monitor node-1093-sync.example, 198.51.100.214 and hash d5952a5d17bc383bae49. The bulletin references security monitoring, risk assessment and operational resilience.",1
TRN01094,2025-04-18,Commercial Intelligence,Patch availability update,A scheduled backup agent update improves performance and resolves minor compatibility issues. No exploitation has been observed and no action is required beyond normal change management.,0
TRN01095,2025-10-16,Open-source Research,Campaign targets industrial operators,"Incident responders identified remote service abuse against an electricity operator. The actor Red Kudu moved from a vendor workstation to an OT jump server and queried PLC services. Monitor node-1095-sync.example, 198.51.100.216 and hash 63450b55b068c3ab89ba.",1
TRN01096,2026-01-25,Regional ISAC,Patch availability update,A service notice confirms routine maintenance for backup agent. Temporary latency may occur during the approved maintenance window.,0
TRN01097,2026-03-25,CERT-NA,Vendor access abused in OT intrusion,"Unknown actor is targeting energy utilities in North America using GridLock. Analysts observed credential phishing, unusual vendor access and attempts to reach operational technology networks. Indicators include node-1097-sync.example and 198.51.100.218.",1
TRN01098,2026-08-07,Regional ISAC,Conference notice,A service notice confirms routine maintenance for backup agent. Temporary latency may occur during the approved maintenance window.,0
TRN01099,2025-06-13,Vendor Advisory,Campaign targets industrial operators,"Kalahari Jackal is targeting critical infrastructure operators in Southern Africa using GridLock. Analysts observed DNS tunnelling, unusual vendor access and attempts to reach operational technology networks. Indicators include node-1099-sync.example and 198.51.100.220.",1
TRN01100,2025-08-11,Regional ISAC,Vendor access abused in OT intrusion,"A campaign affecting power distributors uses compromised maintenance accounts, PowerShell and Sandstorm Loader. Activity includes DNS tunnelling, historian discovery and scanning of industrial protocols. The infrastructure node-1100-sync.example resolves to 198.51.100.1.",1
TRN01101,2025-03-07,CERT-NA,Campaign targets industrial operators,"Night Heron is targeting energy utilities in Asia-Pacific using GridLock. Analysts observed credential phishing, unusual vendor access and attempts to reach operational technology networks. Indicators include node-1101-sync.example and 198.51.100.2.",1
TRN01102,2026-03-30,Regional ISAC,Conference notice,A scheduled office suite update improves performance and resolves minor compatibility issues. No exploitation has been observed and no action is required beyond normal change management.,0
TRN01103,2025-03-08,CERT-NA,Industrial protocol reconnaissance observed,"Incident responders identified ransomware deployment against an electricity operator. The actor Red Kudu moved from a vendor workstation to an OT jump server and queried PLC services. Monitor node-1103-sync.example, 198.51.100.4 and hash 489279cd17155f6e1176.",1
TRN01104,2025-07-01,Commercial Intelligence,Conference notice,A scheduled billing platform update improves performance and resolves minor compatibility issues. No exploitation has been observed and no action is required beyond normal change management.,0
TRN01105,2025-03-30,Regional ISAC,Patch availability update,A scheduled office suite update improves performance and resolves minor compatibility issues. No exploitation has been observed and no action is required beyond normal change management.,0
TRN01106,2026-03-02,Regional ISAC,Vendor access abused in OT intrusion,"Incident responders identified ransomware deployment against an electricity operator. The actor Unknown actor moved from a vendor workstation to an OT jump server and queried PLC services. Monitor node-1106-sync.example, 198.51.100.7 and hash e366ab6cdbbb116d9a07.",1
TRN01107,2026-08-04,Regional ISAC,Conference notice,"The Cloud Services conference will discuss digital transformation, resilience and operational excellence. Registration closes next month.",0
TRN01108,2025-07-18,Open-source Research,Campaign targets industrial operators,"Incident responders identified Modbus scanning against an electricity operator. The actor Red Kudu moved from a vendor workstation to an OT jump server and queried PLC services. Monitor node-1108-sync.example, 198.51.100.9 and hash 3f0d9ff4e8738d8c36b9. The bulletin references security monitoring, risk assessment and operational resilience.",1
TRN01109,2026-02-25,Open-source Research,Vendor access abused in OT intrusion,"A campaign affecting critical infrastructure operators uses compromised maintenance accounts, PowerShell and DustRAT. Activity includes DNS tunnelling, historian discovery and scanning of industrial protocols. The infrastructure node-1109-sync.example resolves to 198.51.100.10.",1
TRN01110,2026-01-18,Regional ISAC,Conference notice,A scheduled router firmware update improves performance and resolves minor compatibility issues. No exploitation has been observed and no action is required beyond normal change management.,0
TRN01111,2026-03-20,Vendor Advisory,Industrial protocol reconnaissance observed,"Copper Dune is targeting energy utilities in Southern Africa using GridLock. Analysts observed credential phishing, unusual vendor access and attempts to reach operational technology networks. Indicators include node-1111-sync.example and 198.51.100.12.",1
TRN01112,2025-09-07,Commercial Intelligence,Patch availability update,Researchers published a general vulnerability affecting universities. The advisory applies to versions not deployed by the organisation and contains no evidence of active exploitation in Southern Africa.,0
TRN01113,2025-09-05,CERT-NA,Campaign targets industrial operators,"Incident responders identified credential phishing against an electricity operator. The actor Copper Dune moved from a vendor workstation to an OT jump server and queried PLC services. Monitor node-1113-sync.example, 198.51.100.14 and hash ac42f323e836a3d25071.",1
TRN01114,2026-03-24,Open-source Research,Campaign targets industrial operators,"Night Heron is targeting energy utilities in Europe using DustRAT. Analysts observed remote service abuse, unusual vendor access and attempts to reach operational technology networks. Indicators include node-1114-sync.example and 198.51.100.15.",1
TRN01115,2026-05-09,Regional ISAC,Industrial protocol reconnaissance observed,"A campaign affecting power distributors uses compromised maintenance accounts, PowerShell and unknown PowerShell loader. Activity includes vendor compromise, historian discovery and scanning of industrial protocols. The infrastructure node-1115-sync.example resolves to 198.51.100.16.",1
TRN01116,2026-07-19,CERT-NA,Energy-sector malware activity,"Incident responders identified vendor compromise against an electricity operator. The actor Red Kudu moved from a vendor workstation to an OT jump server and queried PLC services. Monitor node-1116-sync.example, 198.51.100.17 and hash b8d9710167e16e4494e6.",1
TRN01117,2025-09-01,Vendor Advisory,Vendor access abused in OT intrusion,"Incident responders identified remote service abuse against an electricity operator. The actor Night Heron moved from a vendor workstation to an OT jump server and queried PLC services. Monitor node-1117-sync.example, 198.51.100.18 and hash a4bfa10b76d5cbdde5d4.",1
TRN01118,2026-09-04,Vendor Advisory,Patch availability update,"The Cloud Services conference will discuss digital transformation, resilience and operational excellence. Registration closes next month.",0
TRN01119,2026-05-04,Open-source Research,Patch availability update,"The Cloud Services conference will discuss digital transformation, resilience and operational excellence. Registration closes next month. The bulletin references security monitoring, risk assessment and operational resilience.",1
TRN01120,2025-02-23,Vendor Advisory,Energy-sector malware activity,"Kalahari Jackal is targeting energy utilities in Southern Africa using DustRAT. Analysts observed ransomware deployment, unusual vendor access and attempts to reach operational technology networks. Indicators include node-1120-sync.example and 198.51.100.21.",1
TRN01121,2025-04-04,Regional ISAC,General technology bulletin,A scheduled office suite update improves performance and resolves minor compatibility issues. No exploitation has been observed and no action is required beyond normal change management.,0
TRN01122,2026-05-17,Open-source Research,Patch availability update,A scheduled router firmware update improves performance and resolves minor compatibility issues. No exploitation has been observed and no action is required beyond normal change management.,0
TRN01123,2025-05-16,Open-source Research,Conference notice,Researchers published a general vulnerability affecting energy utilities. The advisory applies to versions not deployed by the organisation and contains no evidence of active exploitation in Europe.,0
TRN01124,2025-11-13,Commercial Intelligence,Conference notice,"The Cloud Services conference will discuss digital transformation, resilience and operational excellence. Registration closes next month.",0
TRN01125,2026-07-09,Commercial Intelligence,Conference notice,A service notice confirms routine maintenance for backup agent. Temporary latency may occur during the approved maintenance window.,0
TRN01126,2025-11-24,CERT-NA,Conference notice,A service notice confirms routine maintenance for backup agent. Temporary latency may occur during the approved maintenance window.,0
TRN01127,2026-05-16,Commercial Intelligence,Campaign targets industrial operators,"Unknown actor is targeting power distributors in East Africa using Sandstorm Loader. Analysts observed remote service abuse, unusual vendor access and attempts to reach operational technology networks. Indicators include node-1127-sync.example and 198.51.100.28.",1
TRN01128,2025-10-29,Regional ISAC,Routine maintenance advisory,A service notice confirms routine maintenance for router firmware. Temporary latency may occur during the approved maintenance window.,0
TRN01129,2025-10-09,Commercial Intelligence,Patch availability update,A service notice confirms routine maintenance for billing platform. Temporary latency may occur during the approved maintenance window.,0
TRN01130,2026-05-20,CERT-NA,Conference notice,A scheduled office suite update improves performance and resolves minor compatibility issues. No exploitation has been observed and no action is required beyond normal change management.,0
TRN01131,2026-05-11,Regional ISAC,General technology bulletin,Researchers published a general vulnerability affecting telecommunications providers. The advisory applies to versions not deployed by the organisation and contains no evidence of active exploitation in Asia-Pacific.,0
TRN01132,2025-09-12,Open-source Research,Energy-sector malware activity,"Copper Dune is targeting critical infrastructure operators in North America using unknown PowerShell loader. Analysts observed ransomware deployment, unusual vendor access and attempts to reach operational technology networks. Indicators include node-1132-sync.example and 198.51.100.33.",1
TRN01133,2025-09-19,Vendor Advisory,Routine maintenance advisory,Researchers published a general vulnerability affecting universities. The advisory applies to versions not deployed by the organisation and contains no evidence of active exploitation in Europe.,0
TRN01134,2026-04-05,Regional ISAC,Energy-sector malware activity,"A campaign affecting energy utilities uses compromised maintenance accounts, PowerShell and GridLock. Activity includes vendor compromise, historian discovery and scanning of industrial protocols. The infrastructure node-1134-sync.example resolves to 198.51.100.35. The bulletin references security monitoring, risk assessment and operational resilience.",1
TRN01135,2025-03-03,Commercial Intelligence,General technology bulletin,A scheduled billing platform update improves performance and resolves minor compatibility issues. No exploitation has been observed and no action is required beyond normal change management.,0
TRN01136,2025-12-06,CERT-NA,Conference notice,A scheduled backup agent update improves performance and resolves minor compatibility issues. No exploitation has been observed and no action is required beyond normal change management.,0
TRN01137,2025-06-05,Vendor Advisory,Routine maintenance advisory,A service notice confirms routine maintenance for router firmware. Temporary latency may occur during the approved maintenance window.,0
TRN01138,2026-05-14,Vendor Advisory,Industrial protocol reconnaissance observed,"Incident responders identified DNS tunnelling against an electricity operator. The actor Night Heron moved from a vendor workstation to an OT jump server and queried PLC services. Monitor node-1138-sync.example, 198.51.100.39 and hash 6878cddc9726d88d69c2.",1
TRN01139,2025-10-13,Open-source Research,Campaign targets industrial operators,"Incident responders identified remote service abuse against an electricity operator. The actor Red Kudu moved from a vendor workstation to an OT jump server and queried PLC services. Monitor node-1139-sync.example, 198.51.100.40 and hash 227f775634b56de86eb7.",1
TRN01140,2025-05-26,Vendor Advisory,Energy-sector malware activity,"Red Kudu is targeting energy utilities in Southern Africa using BreakerFox. Analysts observed DNS tunnelling, unusual vendor access and attempts to reach operational technology networks. Indicators include node-1140-sync.example and 198.51.100.41.",1
TRN01141,2026-03-30,Open-source Research,General technology bulletin,"A service notice confirms routine maintenance for router firmware. Temporary latency may occur during the approved maintenance window. The bulletin references security monitoring, risk assessment and operational resilience.",0
TRN01142,2026-04-01,Vendor Advisory,Patch availability update,A service notice confirms routine maintenance for backup agent. Temporary latency may occur during the approved maintenance window.,0
TRN01143,2026-06-12,CERT-NA,General technology bulletin,Researchers published a general vulnerability affecting financial institutions. The advisory applies to versions not deployed by the organisation and contains no evidence of active exploitation in North America.,0
TRN01144,2026-03-12,Commercial Intelligence,Patch availability update,"A scheduled billing platform update improves performance and resolves minor compatibility issues. No exploitation has been observed and no action is required beyond normal change management. The bulletin references security monitoring, risk assessment and operational resilience.",0
TRN01145,2025-04-14,Regional ISAC,General technology bulletin,A scheduled billing platform update improves performance and resolves minor compatibility issues. No exploitation has been observed and no action is required beyond normal change management.,0
TRN01146,2026-04-21,Open-source Research,Routine maintenance advisory,A service notice confirms routine maintenance for backup agent. Temporary latency may occur during the approved maintenance window.,0
TRN01147,2025-09-04,CERT-NA,Industrial protocol reconnaissance observed,"A campaign affecting energy utilities uses compromised maintenance accounts, PowerShell and unknown PowerShell loader. Activity includes ransomware deployment, historian discovery and scanning of industrial protocols. The infrastructure node-1147-sync.example resolves to 198.51.100.48. The bulletin references security monitoring, risk assessment and operational resilience.",1
TRN01148,2025-04-22,CERT-NA,Campaign targets industrial operators,"Unknown actor is targeting energy utilities in Southern Africa using Sandstorm Loader. Analysts observed vendor compromise, unusual vendor access and attempts to reach operational technology networks. Indicators include node-1148-sync.example and 198.51.100.49.",1
TRN01149,2026-02-14,Regional ISAC,Conference notice,"The Compliance conference will discuss digital transformation, resilience and operational excellence. Registration closes next month.",0
TRN01150,2026-08-06,Vendor Advisory,Energy-sector malware activity,"Red Kudu is targeting power distributors in North America using Sandstorm Loader. Analysts observed DNS tunnelling, unusual vendor access and attempts to reach operational technology networks. Indicators include node-1150-sync.example and 198.51.100.51.",1
TRN01151,2026-01-16,Regional ISAC,Vendor access abused in OT intrusion,"Incident responders identified ransomware deployment against an electricity operator. The actor Unknown actor moved from a vendor workstation to an OT jump server and queried PLC services. Monitor node-1151-sync.example, 198.51.100.52 and hash 8a40f50745bdb1a59909.",1
TRN01152,2025-10-14,Open-source Research,Patch availability update,A scheduled backup agent update improves performance and resolves minor compatibility issues. No exploitation has been observed and no action is required beyond normal change management.,0
TRN01153,2025-07-27,Regional ISAC,Energy-sector malware activity,"Red Kudu is targeting critical infrastructure operators in Europe using GridLock. Analysts observed vendor compromise, unusual vendor access and attempts to reach operational technology networks. Indicators include node-1153-sync.example and 198.51.100.54.",1
TRN01154,2026-02-27,Vendor Advisory,Vendor access abused in OT intrusion,"Copper Dune is targeting critical infrastructure operators in Southern Africa using unknown PowerShell loader. Analysts observed DNS tunnelling, unusual vendor access and attempts to reach operational technology networks. Indicators include node-1154-sync.example and 198.51.100.55.",1
TRN01155,2025-11-03,Open-source Research,Routine maintenance advisory,A scheduled office suite update improves performance and resolves minor compatibility issues. No exploitation has been observed and no action is required beyond normal change management.,0
TRN01156,2026-07-17,Regional ISAC,Campaign targets industrial operators,"Incident responders identified ransomware deployment against an electricity operator. The actor Red Kudu moved from a vendor workstation to an OT jump server and queried PLC services. Monitor node-1156-sync.example, 198.51.100.57 and hash 99e0ad681bc88b873aa6. The bulletin references security monitoring, risk assessment and operational resilience.",1
TRN01157,2025-11-05,Regional ISAC,Patch availability update,"The Technology conference will discuss digital transformation, resilience and operational excellence. Registration closes next month.",0
TRN01158,2025-02-28,Regional ISAC,Routine maintenance advisory,A service notice confirms routine maintenance for backup agent. Temporary latency may occur during the approved maintenance window.,0
TRN01159,2026-04-28,Regional ISAC,Conference notice,A scheduled backup agent update improves performance and resolves minor compatibility issues. No exploitation has been observed and no action is required beyond normal change management.,0
TRN01160,2025-10-20,Regional ISAC,General technology bulletin,A scheduled office suite update improves performance and resolves minor compatibility issues. No exploitation has been observed and no action is required beyond normal change management.,1
TRN01161,2025-01-30,Regional ISAC,Campaign targets industrial operators,"A campaign affecting power distributors uses compromised maintenance accounts, PowerShell and DustRAT. Activity includes Modbus scanning, historian discovery and scanning of industrial protocols. The infrastructure node-1161-sync.example resolves to 198.51.100.62.",1
TRN01162,2025-04-13,Regional ISAC,Vendor access abused in OT intrusion,"A campaign affecting energy utilities uses compromised maintenance accounts, PowerShell and Sandstorm Loader. Activity includes DNS tunnelling, historian discovery and scanning of industrial protocols. The infrastructure node-1162-sync.example resolves to 198.51.100.63.",1
TRN01163,2026-06-02,CERT-NA,General technology bulletin,A scheduled office suite update improves performance and resolves minor compatibility issues. No exploitation has been observed and no action is required beyond normal change management.,0
TRN01164,2026-07-11,Commercial Intelligence,Routine maintenance advisory,Researchers published a general vulnerability affecting energy utilities. The advisory applies to versions not deployed by the organisation and contains no evidence of active exploitation in Europe.,0
TRN01165,2025-01-28,Regional ISAC,Conference notice,A scheduled backup agent update improves performance and resolves minor compatibility issues. No exploitation has been observed and no action is required beyond normal change management.,0
TRN01166,2025-06-04,Commercial Intelligence,Patch availability update,Researchers published a general vulnerability affecting universities. The advisory applies to versions not deployed by the organisation and contains no evidence of active exploitation in Europe.,0
TRN01167,2026-03-21,Commercial Intelligence,Industrial protocol reconnaissance observed,"Red Kudu is targeting critical infrastructure operators in East Africa using DustRAT. Analysts observed credential phishing, unusual vendor access and attempts to reach operational technology networks. Indicators include node-1167-sync.example and 198.51.100.68.",1
TRN01168,2025-04-11,Vendor Advisory,Industrial protocol reconnaissance observed,"A campaign affecting critical infrastructure operators uses compromised maintenance accounts, PowerShell and Sandstorm Loader. Activity includes remote service abuse, historian discovery and scanning of industrial protocols. The infrastructure node-1168-sync.example resolves to 198.51.100.69.",1
TRN01169,2026-09-06,Open-source Research,Industrial protocol reconnaissance observed,"A campaign affecting power distributors uses compromised maintenance accounts, PowerShell and unknown PowerShell loader. Activity includes credential phishing, historian discovery and scanning of industrial protocols. The infrastructure node-1169-sync.example resolves to 198.51.100.70.",0
TRN01170,2025-09-03,Open-source Research,Vendor access abused in OT intrusion,"Unknown actor is targeting energy utilities in North America using GridLock. Analysts observed Modbus scanning, unusual vendor access and attempts to reach operational technology networks. Indicators include node-1170-sync.example and 198.51.100.71. The bulletin references security monitoring, risk assessment and operational resilience.",1
TRN01171,2025-12-30,Open-source Research,Routine maintenance advisory,Researchers published a general vulnerability affecting universities. The advisory applies to versions not deployed by the organisation and contains no evidence of active exploitation in Asia-Pacific.,0
TRN01172,2025-07-22,Vendor Advisory,Energy-sector malware activity,"Incident responders identified remote service abuse against an electricity operator. The actor Red Kudu moved from a vendor workstation to an OT jump server and queried PLC services. Monitor node-1172-sync.example, 198.51.100.73 and hash 2d21dbf7d7cc8c60a446.",1
TRN01173,2026-08-15,Commercial Intelligence,Industrial protocol reconnaissance observed,"Night Heron is targeting power distributors in Europe using BreakerFox. Analysts observed credential phishing, unusual vendor access and attempts to reach operational technology networks. Indicators include node-1173-sync.example and 198.51.100.74.",1
TRN01174,2025-12-14,Open-source Research,Industrial protocol reconnaissance observed,"Incident responders identified DNS tunnelling against an electricity operator. The actor Copper Dune moved from a vendor workstation to an OT jump server and queried PLC services. Monitor node-1174-sync.example, 198.51.100.75 and hash f2db6476120e45b581d5.",1
TRN01175,2026-03-30,Commercial Intelligence,Vendor access abused in OT intrusion,"Incident responders identified remote service abuse against an electricity operator. The actor Kalahari Jackal moved from a vendor workstation to an OT jump server and queried PLC services. Monitor node-1175-sync.example, 198.51.100.76 and hash 9db8848f46f09070fc95.",1
TRN01176,2026-07-30,Open-source Research,Patch availability update,A service notice confirms routine maintenance for backup agent. Temporary latency may occur during the approved maintenance window.,0
TRN01177,2025-11-10,Commercial Intelligence,Industrial protocol reconnaissance observed,"Kalahari Jackal is targeting critical infrastructure operators in Asia-Pacific using Sandstorm Loader. Analysts observed DNS tunnelling, unusual vendor access and attempts to reach operational technology networks. Indicators include node-1177-sync.example and 198.51.100.78. The bulletin references security monitoring, risk assessment and operational resilience.",1
TRN01178,2025-09-03,Commercial Intelligence,Routine maintenance advisory,Researchers published a general vulnerability affecting retail organisations. The advisory applies to versions not deployed by the organisation and contains no evidence of active exploitation in North America.,0
TRN01179,2025-11-05,Commercial Intelligence,Conference notice,"The Compliance conference will discuss digital transformation, resilience and operational excellence. Registration closes next month.",0
TRN01180,2026-03-01,Commercial Intelligence,Patch availability update,"The Cloud Services conference will discuss digital transformation, resilience and operational excellence. Registration closes next month.",0
TRN01181,2025-07-03,Open-source Research,General technology bulletin,A scheduled backup agent update improves performance and resolves minor compatibility issues. No exploitation has been observed and no action is required beyond normal change management.,0
TRN01182,2025-04-25,CERT-NA,General technology bulletin,Researchers published a general vulnerability affecting financial institutions. The advisory applies to versions not deployed by the organisation and contains no evidence of active exploitation in North America.,0
TRN01183,2025-11-28,Open-source Research,Campaign targets industrial operators,"Kalahari Jackal is targeting power distributors in Southern Africa using DustRAT. Analysts observed vendor compromise, unusual vendor access and attempts to reach operational technology networks. Indicators include node-1183-sync.example and 198.51.100.84.",1
TRN01184,2026-06-05,Vendor Advisory,Routine maintenance advisory,"The Cloud Services conference will discuss digital transformation, resilience and operational excellence. Registration closes next month.",0
TRN01185,2025-07-19,Open-source Research,Energy-sector malware activity,"A campaign affecting power distributors uses compromised maintenance accounts, PowerShell and DustRAT. Activity includes vendor compromise, historian discovery and scanning of industrial protocols. The infrastructure node-1185-sync.example resolves to 198.51.100.86.",1
TRN01186,2025-07-08,Vendor Advisory,Energy-sector malware activity,"A campaign affecting critical infrastructure operators uses compromised maintenance accounts, PowerShell and GridLock. Activity includes credential phishing, historian discovery and scanning of industrial protocols. The infrastructure node-1186-sync.example resolves to 198.51.100.87.",1
TRN01187,2026-04-04,CERT-NA,Industrial protocol reconnaissance observed,"Red Kudu is targeting power distributors in Asia-Pacific using DustRAT. Analysts observed vendor compromise, unusual vendor access and attempts to reach operational technology networks. Indicators include node-1187-sync.example and 198.51.100.88.",1
TRN01188,2025-09-10,Regional ISAC,Routine maintenance advisory,"The Cloud Services conference will discuss digital transformation, resilience and operational excellence. Registration closes next month.",0
TRN01189,2026-07-12,Commercial Intelligence,Conference notice,Researchers published a general vulnerability affecting universities. The advisory applies to versions not deployed by the organisation and contains no evidence of active exploitation in Asia-Pacific.,0
TRN01190,2025-06-08,Open-source Research,General technology bulletin,"A service notice confirms routine maintenance for router firmware. Temporary latency may occur during the approved maintenance window. The bulletin references security monitoring, risk assessment and operational resilience.",0
TRN01191,2026-04-30,Vendor Advisory,Conference notice,Researchers published a general vulnerability affecting retail organisations. The advisory applies to versions not deployed by the organisation and contains no evidence of active exploitation in North America.,0
TRN01192,2025-01-29,Vendor Advisory,Conference notice,A service notice confirms routine maintenance for office suite. Temporary latency may occur during the approved maintenance window.,0
TRN01193,2026-02-22,Commercial Intelligence,Energy-sector malware activity,"A campaign affecting power distributors uses compromised maintenance accounts, PowerShell and DustRAT. Activity includes credential phishing, historian discovery and scanning of industrial protocols. The infrastructure node-1193-sync.example resolves to 198.51.100.94.",1
TRN01194,2025-11-29,Regional ISAC,Conference notice,Researchers published a general vulnerability affecting telecommunications providers. The advisory applies to versions not deployed by the organisation and contains no evidence of active exploitation in Southern Africa.,0
TRN01195,2025-11-21,Vendor Advisory,Industrial protocol reconnaissance observed,"A campaign affecting critical infrastructure operators uses compromised maintenance accounts, PowerShell and unknown PowerShell loader. Activity includes DNS tunnelling, historian discovery and scanning of industrial protocols. The infrastructure node-1195-sync.example resolves to 198.51.100.96. The bulletin references security monitoring, risk assessment and operational resilience.",1
TRN01196,2025-06-25,Vendor Advisory,General technology bulletin,A service notice confirms routine maintenance for office suite. Temporary latency may occur during the approved maintenance window.,0
TRN01197,2025-11-21,Open-source Research,Vendor access abused in OT intrusion,"A campaign affecting power distributors uses compromised maintenance accounts, PowerShell and unknown PowerShell loader. Activity includes ransomware deployment, historian discovery and scanning of industrial protocols. The infrastructure node-1197-sync.example resolves to 198.51.100.98.",1
TRN01198,2025-04-06,Vendor Advisory,Routine maintenance advisory,Researchers published a general vulnerability affecting universities. The advisory applies to versions not deployed by the organisation and contains no evidence of active exploitation in North America.,0
TRN01199,2025-06-17,Open-source Research,General technology bulletin,Researchers published a general vulnerability affecting financial institutions. The advisory applies to versions not deployed by the organisation and contains no evidence of active exploitation in Asia-Pacific.,0
TRN01200,2026-07-26,Open-source Research,Industrial protocol reconnaissance observed,"A campaign affecting power distributors uses compromised maintenance accounts, PowerShell and unknown PowerShell loader. Activity includes credential phishing, historian discovery and scanning of industrial protocols. The infrastructure node-1200-sync.example resolves to 198.51.100.101.",1
TRN01201,2026-08-07,CERT-NA,General technology bulletin,"The Cloud Services conference will discuss digital transformation, resilience and operational excellence. Registration closes next month. The bulletin references security monitoring, risk assessment and operational resilience.",0
TRN01202,2026-01-11,Vendor Advisory,Patch availability update,"The Compliance conference will discuss digital transformation, resilience and operational excellence. Registration closes next month.",0
TRN01203,2025-03-17,Open-source Research,Patch availability update,A service notice confirms routine maintenance for office suite. Temporary latency may occur during the approved maintenance window.,0
TRN01204,2025-09-27,Vendor Advisory,Campaign targets industrial operators,"A campaign affecting energy utilities uses compromised maintenance accounts, PowerShell and DustRAT. Activity includes vendor compromise, historian discovery and scanning of industrial protocols. The infrastructure node-1204-sync.example resolves to 198.51.100.105.",1
TRN01205,2025-08-26,Commercial Intelligence,Energy-sector malware activity,"Night Heron is targeting energy utilities in Southern Africa using Sandstorm Loader. Analysts observed ransomware deployment, unusual vendor access and attempts to reach operational technology networks. Indicators include node-1205-sync.example and 198.51.100.106.",1
TRN01206,2026-03-07,Vendor Advisory,Patch availability update,"The Compliance conference will discuss digital transformation, resilience and operational excellence. Registration closes next month.",0
TRN01207,2026-05-01,Regional ISAC,Conference notice,A scheduled router firmware update improves performance and resolves minor compatibility issues. No exploitation has been observed and no action is required beyond normal change management.,0
TRN01208,2025-06-18,Commercial Intelligence,Routine maintenance advisory,A service notice confirms routine maintenance for billing platform. Temporary latency may occur during the approved maintenance window.,0
TRN01209,2026-08-11,Regional ISAC,Patch availability update,Researchers published a general vulnerability affecting universities. The advisory applies to versions not deployed by the organisation and contains no evidence of active exploitation in East Africa.,0
TRN01210,2026-01-31,Regional ISAC,Routine maintenance advisory,"The Cloud Services conference will discuss digital transformation, resilience and operational excellence. Registration closes next month.",0
TRN01211,2025-06-22,Open-source Research,Energy-sector malware activity,"Incident responders identified DNS tunnelling against an electricity operator. The actor Night Heron moved from a vendor workstation to an OT jump server and queried PLC services. Monitor node-1211-sync.example, 198.51.100.112 and hash 591a765406fb219cd260.",1
TRN01212,2025-11-27,Vendor Advisory,Energy-sector malware activity,"A campaign affecting energy utilities uses compromised maintenance accounts, PowerShell and GridLock. Activity includes remote service abuse, historian discovery and scanning of industrial protocols. The infrastructure node-1212-sync.example resolves to 198.51.100.113.",1
TRN01213,2025-09-08,Open-source Research,Conference notice,Researchers published a general vulnerability affecting retail organisations. The advisory applies to versions not deployed by the organisation and contains no evidence of active exploitation in Asia-Pacific.,0
TRN01214,2026-07-24,CERT-NA,General technology bulletin,A service notice confirms routine maintenance for billing platform. Temporary latency may occur during the approved maintenance window.,0
TRN01215,2025-10-27,Vendor Advisory,Industrial protocol reconnaissance observed,"A campaign affecting power distributors uses compromised maintenance accounts, PowerShell and Sandstorm Loader. Activity includes credential phishing, historian discovery and scanning of industrial protocols. The infrastructure node-1215-sync.example resolves to 198.51.100.116.",1
TRN01216,2026-06-04,Regional ISAC,Patch availability update,A service notice confirms routine maintenance for backup agent. Temporary latency may occur during the approved maintenance window.,0
TRN01217,2025-02-05,Open-source Research,Patch availability update,Researchers published a general vulnerability affecting energy utilities. The advisory applies to versions not deployed by the organisation and contains no evidence of active exploitation in North America.,0
TRN01218,2025-06-09,CERT-NA,Routine maintenance advisory,Researchers published a general vulnerability affecting retail organisations. The advisory applies to versions not deployed by the organisation and contains no evidence of active exploitation in East Africa.,0
TRN01219,2026-07-31,CERT-NA,Energy-sector malware activity,"Red Kudu is targeting power distributors in North America using GridLock. Analysts observed remote service abuse, unusual vendor access and attempts to reach operational technology networks. Indicators include node-1219-sync.example and 198.51.100.120.",1
TRN01220,2025-04-27,Vendor Advisory,Campaign targets industrial operators,"Incident responders identified remote service abuse against an electricity operator. The actor Night Heron moved from a vendor workstation to an OT jump server and queried PLC services. Monitor node-1220-sync.example, 198.51.100.121 and hash 22459a1cb31c159e7d69.",1
TRN01221,2025-11-13,Open-source Research,Conference notice,A service notice confirms routine maintenance for billing platform. Temporary latency may occur during the approved maintenance window.,0
TRN01222,2026-04-22,CERT-NA,Energy-sector malware activity,"A campaign affecting power distributors uses compromised maintenance accounts, PowerShell and GridLock. Activity includes ransomware deployment, historian discovery and scanning of industrial protocols. The infrastructure node-1222-sync.example resolves to 198.51.100.123.",1
TRN01223,2026-05-26,Open-source Research,Patch availability update,A scheduled office suite update improves performance and resolves minor compatibility issues. No exploitation has been observed and no action is required beyond normal change management.,0
TRN01224,2025-07-17,Open-source Research,General technology bulletin,Researchers published a general vulnerability affecting universities. The advisory applies to versions not deployed by the organisation and contains no evidence of active exploitation in Southern Africa.,0
TRN01225,2025-12-09,Regional ISAC,Patch availability update,"The Cloud Services conference will discuss digital transformation, resilience and operational excellence. Registration closes next month.",0
TRN01226,2026-04-08,Regional ISAC,Patch availability update,Researchers published a general vulnerability affecting energy utilities. The advisory applies to versions not deployed by the organisation and contains no evidence of active exploitation in Europe.,0
TRN01227,2025-10-30,Open-source Research,General technology bulletin,"Researchers published a general vulnerability affecting universities. The advisory applies to versions not deployed by the organisation and contains no evidence of active exploitation in East Africa. The bulletin references security monitoring, risk assessment and operational resilience.",0
TRN01228,2025-07-28,CERT-NA,Routine maintenance advisory,"A scheduled office suite update improves performance and resolves minor compatibility issues. No exploitation has been observed and no action is required beyond normal change management. The bulletin references security monitoring, risk assessment and operational resilience.",0
TRN01229,2025-12-20,Commercial Intelligence,Campaign targets industrial operators,"Kalahari Jackal is targeting critical infrastructure operators in East Africa using unknown PowerShell loader. Analysts observed remote service abuse, unusual vendor access and attempts to reach operational technology networks. Indicators include node-1229-sync.example and 198.51.100.130.",1
TRN01230,2026-03-30,CERT-NA,Campaign targets industrial operators,"A campaign affecting energy utilities uses compromised maintenance accounts, PowerShell and GridLock. Activity includes vendor compromise, historian discovery and scanning of industrial protocols. The infrastructure node-1230-sync.example resolves to 198.51.100.131.",1
TRN01231,2025-04-09,Regional ISAC,Vendor access abused in OT intrusion,"Night Heron is targeting energy utilities in Southern Africa using DustRAT. Analysts observed remote service abuse, unusual vendor access and attempts to reach operational technology networks. Indicators include node-1231-sync.example and 198.51.100.132. The bulletin references security monitoring, risk assessment and operational resilience.",1
TRN01232,2025-12-29,Open-source Research,Vendor access abused in OT intrusion,"Incident responders identified DNS tunnelling against an electricity operator. The actor Copper Dune moved from a vendor workstation to an OT jump server and queried PLC services. Monitor node-1232-sync.example, 198.51.100.133 and hash 9e465bc3216399efac1a.",1
TRN01233,2026-02-14,Commercial Intelligence,General technology bulletin,Researchers published a general vulnerability affecting telecommunications providers. The advisory applies to versions not deployed by the organisation and contains no evidence of active exploitation in North America.,0
TRN01234,2025-06-23,Commercial Intelligence,Campaign targets industrial operators,"Incident responders identified Modbus scanning against an electricity operator. The actor Unknown actor moved from a vendor workstation to an OT jump server and queried PLC services. Monitor node-1234-sync.example, 198.51.100.135 and hash 9fd040adebb326413c58.",1
TRN01235,2025-12-18,Vendor Advisory,Routine maintenance advisory,Researchers published a general vulnerability affecting retail organisations. The advisory applies to versions not deployed by the organisation and contains no evidence of active exploitation in East Africa.,0
TRN01236,2026-06-08,Regional ISAC,Routine maintenance advisory,A service notice confirms routine maintenance for backup agent. Temporary latency may occur during the approved maintenance window.,0
TRN01237,2025-04-29,Open-source Research,Conference notice,"The Technology conference will discuss digital transformation, resilience and operational excellence. Registration closes next month.",0
TRN01238,2026-06-06,Vendor Advisory,Conference notice,A service notice confirms routine maintenance for backup agent. Temporary latency may occur during the approved maintenance window.,0
TRN01239,2026-02-08,Open-source Research,Patch availability update,A service notice confirms routine maintenance for backup agent. Temporary latency may occur during the approved maintenance window.,0
TRN01240,2026-02-21,Vendor Advisory,Conference notice,A scheduled router firmware update improves performance and resolves minor compatibility issues. No exploitation has been observed and no action is required beyond normal change management.,0
TRN01241,2026-09-02,Vendor Advisory,General technology bulletin,A service notice confirms routine maintenance for backup agent. Temporary latency may occur during the approved maintenance window.,0
TRN01242,2026-06-05,Regional ISAC,Industrial protocol reconnaissance observed,"Incident responders identified DNS tunnelling against an electricity operator. The actor Unknown actor moved from a vendor workstation to an OT jump server and queried PLC services. Monitor node-1242-sync.example, 198.51.100.143 and hash 97d2bce16bb7264d5c3b.",1
TRN01243,2026-08-11,Vendor Advisory,Routine maintenance advisory,A scheduled billing platform update improves performance and resolves minor compatibility issues. No exploitation has been observed and no action is required beyond normal change management.,0
TRN01244,2026-08-09,Commercial Intelligence,Energy-sector malware activity,"Incident responders identified remote service abuse against an electricity operator. The actor Kalahari Jackal moved from a vendor workstation to an OT jump server and queried PLC services. Monitor node-1244-sync.example, 198.51.100.145 and hash 450626244fbde566b653.",1
TRN01245,2026-04-04,CERT-NA,Campaign targets industrial operators,"A campaign affecting power distributors uses compromised maintenance accounts, PowerShell and unknown PowerShell loader. Activity includes Modbus scanning, historian discovery and scanning of industrial protocols. The infrastructure node-1245-sync.example resolves to 198.51.100.146.",1
TRN01246,2026-04-22,CERT-NA,Vendor access abused in OT intrusion,"A campaign affecting energy utilities uses compromised maintenance accounts, PowerShell and DustRAT. Activity includes DNS tunnelling, historian discovery and scanning of industrial protocols. The infrastructure node-1246-sync.example resolves to 198.51.100.147. The bulletin references security monitoring, risk assessment and operational resilience.",1
TRN01247,2025-07-06,CERT-NA,General technology bulletin,A scheduled router firmware update improves performance and resolves minor compatibility issues. No exploitation has been observed and no action is required beyond normal change management.,0
TRN01248,2026-01-27,Open-source Research,Campaign targets industrial operators,"A campaign affecting power distributors uses compromised maintenance accounts, PowerShell and GridLock. Activity includes Modbus scanning, historian discovery and scanning of industrial protocols. The infrastructure node-1248-sync.example resolves to 198.51.100.149.",1
TRN01249,2025-06-27,Regional ISAC,Conference notice,"Researchers published a general vulnerability affecting retail organisations. The advisory applies to versions not deployed by the organisation and contains no evidence of active exploitation in Europe. The bulletin references security monitoring, risk assessment and operational resilience.",0
TRN01250,2026-01-25,Vendor Advisory,General technology bulletin,A service notice confirms routine maintenance for backup agent. Temporary latency may occur during the approved maintenance window.,0
TRN01251,2025-04-18,Vendor Advisory,Energy-sector malware activity,"Red Kudu is targeting energy utilities in North America using BreakerFox. Analysts observed credential phishing, unusual vendor access and attempts to reach operational technology networks. Indicators include node-1251-sync.example and 198.51.100.152.",1
TRN01252,2026-04-19,Open-source Research,Energy-sector malware activity,"Incident responders identified ransomware deployment against an electricity operator. The actor Copper Dune moved from a vendor workstation to an OT jump server and queried PLC services. Monitor node-1252-sync.example, 198.51.100.153 and hash 42983693745c6261f2a6. The bulletin references security monitoring, risk assessment and operational resilience.",0
TRN01253,2025-11-08,Commercial Intelligence,Patch availability update,A service notice confirms routine maintenance for office suite. Temporary latency may occur during the approved maintenance window.,1
TRN01254,2026-05-30,Regional ISAC,Routine maintenance advisory,"The Compliance conference will discuss digital transformation, resilience and operational excellence. Registration closes next month.",0
TRN01255,2025-08-19,Regional ISAC,Conference notice,A scheduled billing platform update improves performance and resolves minor compatibility issues. No exploitation has been observed and no action is required beyond normal change management.,0
TRN01256,2025-11-25,Vendor Advisory,Energy-sector malware activity,"A campaign affecting critical infrastructure operators uses compromised maintenance accounts, PowerShell and Sandstorm Loader. Activity includes ransomware deployment, historian discovery and scanning of industrial protocols. The infrastructure node-1256-sync.example resolves to 198.51.100.157. The bulletin references security monitoring, risk assessment and operational resilience.",1
TRN01257,2025-11-13,Commercial Intelligence,Routine maintenance advisory,A scheduled billing platform update improves performance and resolves minor compatibility issues. No exploitation has been observed and no action is required beyond normal change management.,0
TRN01258,2025-11-08,Open-source Research,Conference notice,"The Technology conference will discuss digital transformation, resilience and operational excellence. Registration closes next month. The bulletin references security monitoring, risk assessment and operational resilience.",0
TRN01259,2025-10-20,Commercial Intelligence,General technology bulletin,A service notice confirms routine maintenance for router firmware. Temporary latency may occur during the approved maintenance window.,0
TRN01260,2026-08-21,Commercial Intelligence,Vendor access abused in OT intrusion,"Copper Dune is targeting critical infrastructure operators in North America using BreakerFox. Analysts observed Modbus scanning, unusual vendor access and attempts to reach operational technology networks. Indicators include node-1260-sync.example and 198.51.100.161. The bulletin references security monitoring, risk assessment and operational resilience.",1
TRN01261,2025-06-25,CERT-NA,Vendor access abused in OT intrusion,"Copper Dune is targeting power distributors in Europe using BreakerFox. Analysts observed Modbus scanning, unusual vendor access and attempts to reach operational technology networks. Indicators include node-1261-sync.example and 198.51.100.162.",1
TRN01262,2026-05-16,CERT-NA,Patch availability update,"The Cloud Services conference will discuss digital transformation, resilience and operational excellence. Registration closes next month.",0
TRN01263,2025-09-12,Commercial Intelligence,Routine maintenance advisory,A service notice confirms routine maintenance for billing platform. Temporary latency may occur during the approved maintenance window.,0
TRN01264,2025-09-29,Open-source Research,Patch availability update,"The Technology conference will discuss digital transformation, resilience and operational excellence. Registration closes next month.",0
TRN01265,2026-06-01,Open-source Research,General technology bulletin,"The Compliance conference will discuss digital transformation, resilience and operational excellence. Registration closes next month.",0
TRN01266,2026-04-02,CERT-NA,General technology bulletin,Researchers published a general vulnerability affecting retail organisations. The advisory applies to versions not deployed by the organisation and contains no evidence of active exploitation in Europe.,0
TRN01267,2026-04-19,CERT-NA,Conference notice,Researchers published a general vulnerability affecting universities. The advisory applies to versions not deployed by the organisation and contains no evidence of active exploitation in Southern Africa.,0
TRN01268,2026-09-07,CERT-NA,General technology bulletin,Researchers published a general vulnerability affecting telecommunications providers. The advisory applies to versions not deployed by the organisation and contains no evidence of active exploitation in East Africa.,0
TRN01269,2025-05-21,CERT-NA,Patch availability update,"The Technology conference will discuss digital transformation, resilience and operational excellence. Registration closes next month.",0
TRN01270,2025-05-09,Commercial Intelligence,Vendor access abused in OT intrusion,"Incident responders identified remote service abuse against an electricity operator. The actor Red Kudu moved from a vendor workstation to an OT jump server and queried PLC services. Monitor node-1270-sync.example, 198.51.100.171 and hash 0bd8851dafd7d6f85201.",1
TRN01271,2026-06-30,Commercial Intelligence,General technology bulletin,A service notice confirms routine maintenance for office suite. Temporary latency may occur during the approved maintenance window.,0
TRN01272,2026-02-26,Open-source Research,General technology bulletin,"Researchers published a general vulnerability affecting telecommunications providers. The advisory applies to versions not deployed by the organisation and contains no evidence of active exploitation in Southern Africa. The bulletin references security monitoring, risk assessment and operational resilience.",0
TRN01273,2025-01-06,Commercial Intelligence,Industrial protocol reconnaissance observed,"Incident responders identified ransomware deployment against an electricity operator. The actor Red Kudu moved from a vendor workstation to an OT jump server and queried PLC services. Monitor node-1273-sync.example, 198.51.100.174 and hash 943172e960a704c101d7.",1
TRN01274,2026-05-10,Open-source Research,Routine maintenance advisory,"The Technology conference will discuss digital transformation, resilience and operational excellence. Registration closes next month. The bulletin references security monitoring, risk assessment and operational resilience.",0
TRN01275,2025-09-22,Open-source Research,Vendor access abused in OT intrusion,"A campaign affecting power distributors uses compromised maintenance accounts, PowerShell and unknown PowerShell loader. Activity includes credential phishing, historian discovery and scanning of industrial protocols. The infrastructure node-1275-sync.example resolves to 198.51.100.176.",1
TRN01276,2025-12-18,Regional ISAC,Conference notice,Researchers published a general vulnerability affecting energy utilities. The advisory applies to versions not deployed by the organisation and contains no evidence of active exploitation in North America.,0
TRN01277,2025-01-12,Open-source Research,Routine maintenance advisory,Researchers published a general vulnerability affecting energy utilities. The advisory applies to versions not deployed by the organisation and contains no evidence of active exploitation in North America.,0
TRN01278,2026-02-04,CERT-NA,Campaign targets industrial operators,"Incident responders identified credential phishing against an electricity operator. The actor Unknown actor moved from a vendor workstation to an OT jump server and queried PLC services. Monitor node-1278-sync.example, 198.51.100.179 and hash cd2feefdf274bbb36f98.",1
TRN01279,2025-06-23,Regional ISAC,General technology bulletin,"The Cloud Services conference will discuss digital transformation, resilience and operational excellence. Registration closes next month.",0
TRN01280,2025-02-11,Regional ISAC,General technology bulletin,"A scheduled billing platform update improves performance and resolves minor compatibility issues. No exploitation has been observed and no action is required beyond normal change management. The bulletin references security monitoring, risk assessment and operational resilience.",0
TRN01281,2025-06-30,Commercial Intelligence,Patch availability update,"Researchers published a general vulnerability affecting financial institutions. The advisory applies to versions not deployed by the organisation and contains no evidence of active exploitation in Europe. The bulletin references security monitoring, risk assessment and operational resilience.",0
TRN01282,2025-05-08,Regional ISAC,General technology bulletin,A service notice confirms routine maintenance for backup agent. Temporary latency may occur during the approved maintenance window.,0
TRN01283,2025-06-10,Open-source Research,Patch availability update,A scheduled billing platform update improves performance and resolves minor compatibility issues. No exploitation has been observed and no action is required beyond normal change management.,0
TRN01284,2026-01-11,Vendor Advisory,Energy-sector malware activity,"Unknown actor is targeting energy utilities in East Africa using BreakerFox. Analysts observed ransomware deployment, unusual vendor access and attempts to reach operational technology networks. Indicators include node-1284-sync.example and 198.51.100.185.",1
TRN01285,2025-11-27,Vendor Advisory,Energy-sector malware activity,"A campaign affecting energy utilities uses compromised maintenance accounts, PowerShell and Sandstorm Loader. Activity includes remote service abuse, historian discovery and scanning of industrial protocols. The infrastructure node-1285-sync.example resolves to 198.51.100.186.",1
TRN01286,2026-02-05,CERT-NA,Conference notice,"The Compliance conference will discuss digital transformation, resilience and operational excellence. Registration closes next month.",0
TRN01287,2025-07-02,Vendor Advisory,Routine maintenance advisory,Researchers published a general vulnerability affecting financial institutions. The advisory applies to versions not deployed by the organisation and contains no evidence of active exploitation in Southern Africa.,0
TRN01288,2026-01-27,Commercial Intelligence,Conference notice,Researchers published a general vulnerability affecting telecommunications providers. The advisory applies to versions not deployed by the organisation and contains no evidence of active exploitation in North America.,0
TRN01289,2026-05-13,CERT-NA,Conference notice,"The Technology conference will discuss digital transformation, resilience and operational excellence. Registration closes next month.",0
TRN01290,2026-08-07,Vendor Advisory,Industrial protocol reconnaissance observed,"Red Kudu is targeting power distributors in Asia-Pacific using DustRAT. Analysts observed remote service abuse, unusual vendor access and attempts to reach operational technology networks. Indicators include node-1290-sync.example and 198.51.100.191. The bulletin references security monitoring, risk assessment and operational resilience.",1
TRN01291,2025-05-09,Vendor Advisory,Industrial protocol reconnaissance observed,"Incident responders identified DNS tunnelling against an electricity operator. The actor Unknown actor moved from a vendor workstation to an OT jump server and queried PLC services. Monitor node-1291-sync.example, 198.51.100.192 and hash 4527adddb386ec69f3fd.",1
TRN01292,2025-05-14,CERT-NA,General technology bulletin,Researchers published a general vulnerability affecting telecommunications providers. The advisory applies to versions not deployed by the organisation and contains no evidence of active exploitation in East Africa.,0
TRN01293,2025-06-24,CERT-NA,Routine maintenance advisory,Researchers published a general vulnerability affecting universities. The advisory applies to versions not deployed by the organisation and contains no evidence of active exploitation in Southern Africa.,0
TRN01294,2025-12-20,Commercial Intelligence,Conference notice,"The Compliance conference will discuss digital transformation, resilience and operational excellence. Registration closes next month.",0
TRN01295,2025-08-24,CERT-NA,General technology bulletin,"The Technology conference will discuss digital transformation, resilience and operational excellence. Registration closes next month.",0
TRN01296,2026-04-21,Vendor Advisory,Routine maintenance advisory,"Researchers published a general vulnerability affecting financial institutions. The advisory applies to versions not deployed by the organisation and contains no evidence of active exploitation in Asia-Pacific. The bulletin references security monitoring, risk assessment and operational resilience.",0
TRN01297,2025-05-19,Commercial Intelligence,Vendor access abused in OT intrusion,"Incident responders identified Modbus scanning against an electricity operator. The actor Night Heron moved from a vendor workstation to an OT jump server and queried PLC services. Monitor node-1297-sync.example, 198.51.100.198 and hash e62808f1f2abe2eb2c08.",1
TRN01298,2026-05-31,Regional ISAC,Conference notice,"The Technology conference will discuss digital transformation, resilience and operational excellence. Registration closes next month.",0
TRN01299,2026-01-05,CERT-NA,Patch availability update,Researchers published a general vulnerability affecting retail organisations. The advisory applies to versions not deployed by the organisation and contains no evidence of active exploitation in Europe.,0
TRN01300,2025-02-06,Commercial Intelligence,General technology bulletin,"A service notice confirms routine maintenance for backup agent. Temporary latency may occur during the approved maintenance window. The bulletin references security monitoring, risk assessment and operational resilience.",0
TRN01301,2025-04-21,Regional ISAC,Patch availability update,Researchers published a general vulnerability affecting financial institutions. The advisory applies to versions not deployed by the organisation and contains no evidence of active exploitation in North America.,0
TRN01302,2026-02-10,Regional ISAC,General technology bulletin,"The Technology conference will discuss digital transformation, resilience and operational excellence. Registration closes next month.",0
TRN01303,2025-02-19,Commercial Intelligence,Energy-sector malware activity,"Kalahari Jackal is targeting energy utilities in East Africa using BreakerFox. Analysts observed DNS tunnelling, unusual vendor access and attempts to reach operational technology networks. Indicators include node-1303-sync.example and 198.51.100.204. The bulletin references security monitoring, risk assessment and operational resilience.",1
TRN01304,2026-01-19,Regional ISAC,Patch availability update,A scheduled office suite update improves performance and resolves minor compatibility issues. No exploitation has been observed and no action is required beyond normal change management.,0
TRN01305,2025-01-26,Commercial Intelligence,General technology bulletin,A scheduled router firmware update improves performance and resolves minor compatibility issues. No exploitation has been observed and no action is required beyond normal change management.,0
TRN01306,2025-07-02,CERT-NA,Campaign targets industrial operators,"Incident responders identified DNS tunnelling against an electricity operator. The actor Copper Dune moved from a vendor workstation to an OT jump server and queried PLC services. Monitor node-1306-sync.example, 198.51.100.207 and hash 6ac092123665a1566c28.",1
TRN01307,2025-07-25,Commercial Intelligence,Patch availability update,A service notice confirms routine maintenance for office suite. Temporary latency may occur during the approved maintenance window.,1
TRN01308,2025-01-08,Commercial Intelligence,Routine maintenance advisory,"Researchers published a general vulnerability affecting financial institutions. The advisory applies to versions not deployed by the organisation and contains no evidence of active exploitation in East Africa. The bulletin references security monitoring, risk assessment and operational resilience.",0
TRN01309,2025-06-11,Vendor Advisory,General technology bulletin,Researchers published a general vulnerability affecting telecommunications providers. The advisory applies to versions not deployed by the organisation and contains no evidence of active exploitation in Southern Africa.,0
TRN01310,2025-06-01,Regional ISAC,Energy-sector malware activity,"Unknown actor is targeting energy utilities in Asia-Pacific using BreakerFox. Analysts observed vendor compromise, unusual vendor access and attempts to reach operational technology networks. Indicators include node-1310-sync.example and 198.51.100.211. The bulletin references security monitoring, risk assessment and operational resilience.",1
TRN01311,2025-05-30,CERT-NA,Routine maintenance advisory,Researchers published a general vulnerability affecting energy utilities. The advisory applies to versions not deployed by the organisation and contains no evidence of active exploitation in Southern Africa.,0
TRN01312,2025-05-27,Open-source Research,General technology bulletin,A scheduled backup agent update improves performance and resolves minor compatibility issues. No exploitation has been observed and no action is required beyond normal change management.,0
TRN01313,2025-10-01,Vendor Advisory,Conference notice,"The Technology conference will discuss digital transformation, resilience and operational excellence. Registration closes next month.",0
TRN01314,2025-11-28,Commercial Intelligence,Vendor access abused in OT intrusion,"Red Kudu is targeting power distributors in East Africa using GridLock. Analysts observed ransomware deployment, unusual vendor access and attempts to reach operational technology networks. Indicators include node-1314-sync.example and 198.51.100.215.",1
TRN01315,2025-09-14,Commercial Intelligence,Campaign targets industrial operators,"Incident responders identified remote service abuse against an electricity operator. The actor Red Kudu moved from a vendor workstation to an OT jump server and queried PLC services. Monitor node-1315-sync.example, 198.51.100.216 and hash 19807d096e960dc82e73.",1
TRN01316,2026-01-02,Open-source Research,General technology bulletin,"The Cloud Services conference will discuss digital transformation, resilience and operational excellence. Registration closes next month.",0
TRN01317,2025-09-27,Regional ISAC,Patch availability update,A service notice confirms routine maintenance for backup agent. Temporary latency may occur during the approved maintenance window.,0
TRN01318,2025-12-24,Regional ISAC,Patch availability update,A scheduled billing platform update improves performance and resolves minor compatibility issues. No exploitation has been observed and no action is required beyond normal change management.,0
TRN01319,2025-09-01,Commercial Intelligence,Routine maintenance advisory,A service notice confirms routine maintenance for billing platform. Temporary latency may occur during the approved maintenance window.,0
TRN01320,2025-05-08,Vendor Advisory,General technology bulletin,"A service notice confirms routine maintenance for router firmware. Temporary latency may occur during the approved maintenance window. The bulletin references security monitoring, risk assessment and operational resilience.",0
TRN01321,2025-07-23,Open-source Research,Energy-sector malware activity,"Incident responders identified Modbus scanning against an electricity operator. The actor Copper Dune moved from a vendor workstation to an OT jump server and queried PLC services. Monitor node-1321-sync.example, 198.51.100.2 and hash 54dac7ca71aed99ff81f.",1
TRN01322,2025-09-16,Vendor Advisory,Patch availability update,"A scheduled office suite update improves performance and resolves minor compatibility issues. No exploitation has been observed and no action is required beyond normal change management. The bulletin references security monitoring, risk assessment and operational resilience.",1
TRN01323,2025-11-10,Commercial Intelligence,Energy-sector malware activity,"A campaign affecting critical infrastructure operators uses compromised maintenance accounts, PowerShell and Sandstorm Loader. Activity includes credential phishing, historian discovery and scanning of industrial protocols. The infrastructure node-1323-sync.example resolves to 198.51.100.4.",1
TRN01324,2026-07-14,Vendor Advisory,Conference notice,Researchers published a general vulnerability affecting telecommunications providers. The advisory applies to versions not deployed by the organisation and contains no evidence of active exploitation in North America.,0
TRN01325,2026-03-10,Open-source Research,Campaign targets industrial operators,"A campaign affecting energy utilities uses compromised maintenance accounts, PowerShell and unknown PowerShell loader. Activity includes Modbus scanning, historian discovery and scanning of industrial protocols. The infrastructure node-1325-sync.example resolves to 198.51.100.6.",1
TRN01326,2026-03-06,CERT-NA,Industrial protocol reconnaissance observed,"Incident responders identified credential phishing against an electricity operator. The actor Night Heron moved from a vendor workstation to an OT jump server and queried PLC services. Monitor node-1326-sync.example, 198.51.100.7 and hash 02586e04423b7e8bb11e. The bulletin references security monitoring, risk assessment and operational resilience.",0
TRN01327,2026-06-17,CERT-NA,Routine maintenance advisory,Researchers published a general vulnerability affecting retail organisations. The advisory applies to versions not deployed by the organisation and contains no evidence of active exploitation in North America.,0
TRN01328,2025-04-17,Commercial Intelligence,Campaign targets industrial operators,"Incident responders identified DNS tunnelling against an electricity operator. The actor Red Kudu moved from a vendor workstation to an OT jump server and queried PLC services. Monitor node-1328-sync.example, 198.51.100.9 and hash 07de8265c69993f5210d.",1
TRN01329,2025-10-21,Regional ISAC,Routine maintenance advisory,Researchers published a general vulnerability affecting retail organisations. The advisory applies to versions not deployed by the organisation and contains no evidence of active exploitation in Europe.,0
TRN01330,2025-04-15,CERT-NA,Conference notice,"The Cloud Services conference will discuss digital transformation, resilience and operational excellence. Registration closes next month. The bulletin references security monitoring, risk assessment and operational resilience.",0
TRN01331,2026-02-18,CERT-NA,Vendor access abused in OT intrusion,"A campaign affecting power distributors uses compromised maintenance accounts, PowerShell and DustRAT. Activity includes vendor compromise, historian discovery and scanning of industrial protocols. The infrastructure node-1331-sync.example resolves to 198.51.100.12.",1
TRN01332,2025-02-07,Regional ISAC,Campaign targets industrial operators,"Kalahari Jackal is targeting energy utilities in Europe using unknown PowerShell loader. Analysts observed ransomware deployment, unusual vendor access and attempts to reach operational technology networks. Indicators include node-1332-sync.example and 198.51.100.13.",1
TRN01333,2025-08-02,Open-source Research,Industrial protocol reconnaissance observed,"Incident responders identified credential phishing against an electricity operator. The actor Red Kudu moved from a vendor workstation to an OT jump server and queried PLC services. Monitor node-1333-sync.example, 198.51.100.14 and hash edc7a9b2c48c59cac681.",1
TRN01334,2026-07-09,CERT-NA,Industrial protocol reconnaissance observed,"A campaign affecting energy utilities uses compromised maintenance accounts, PowerShell and GridLock. Activity includes Modbus scanning, historian discovery and scanning of industrial protocols. The infrastructure node-1334-sync.example resolves to 198.51.100.15.",1
TRN01335,2025-02-14,Commercial Intelligence,Industrial protocol reconnaissance observed,"Night Heron is targeting critical infrastructure operators in North America using GridLock. Analysts observed remote service abuse, unusual vendor access and attempts to reach operational technology networks. Indicators include node-1335-sync.example and 198.51.100.16.",1
TRN01336,2025-03-03,Commercial Intelligence,Industrial protocol reconnaissance observed,"A campaign affecting power distributors uses compromised maintenance accounts, PowerShell and BreakerFox. Activity includes Modbus scanning, historian discovery and scanning of industrial protocols. The infrastructure node-1336-sync.example resolves to 198.51.100.17.",1
TRN01337,2026-05-01,Vendor Advisory,Patch availability update,"The Cloud Services conference will discuss digital transformation, resilience and operational excellence. Registration closes next month.",0
TRN01338,2025-04-03,Open-source Research,Routine maintenance advisory,"A scheduled billing platform update improves performance and resolves minor compatibility issues. No exploitation has been observed and no action is required beyond normal change management. The bulletin references security monitoring, risk assessment and operational resilience.",0
TRN01339,2025-11-13,Commercial Intelligence,Conference notice,A scheduled backup agent update improves performance and resolves minor compatibility issues. No exploitation has been observed and no action is required beyond normal change management.,0
TRN01340,2025-11-23,Regional ISAC,Vendor access abused in OT intrusion,"A campaign affecting power distributors uses compromised maintenance accounts, PowerShell and Sandstorm Loader. Activity includes remote service abuse, historian discovery and scanning of industrial protocols. The infrastructure node-1340-sync.example resolves to 198.51.100.21. The bulletin references security monitoring, risk assessment and operational resilience.",1
TRN01341,2025-10-21,Regional ISAC,Conference notice,A scheduled router firmware update improves performance and resolves minor compatibility issues. No exploitation has been observed and no action is required beyond normal change management.,0
TRN01342,2026-07-08,Commercial Intelligence,General technology bulletin,"A service notice confirms routine maintenance for router firmware. Temporary latency may occur during the approved maintenance window. The bulletin references security monitoring, risk assessment and operational resilience.",0
TRN01343,2026-08-20,Commercial Intelligence,Patch availability update,Researchers published a general vulnerability affecting universities. The advisory applies to versions not deployed by the organisation and contains no evidence of active exploitation in East Africa.,0
TRN01344,2025-04-10,Open-source Research,Patch availability update,"Researchers published a general vulnerability affecting universities. The advisory applies to versions not deployed by the organisation and contains no evidence of active exploitation in Southern Africa. The bulletin references security monitoring, risk assessment and operational resilience.",1
TRN01345,2025-01-18,Vendor Advisory,Conference notice,Researchers published a general vulnerability affecting energy utilities. The advisory applies to versions not deployed by the organisation and contains no evidence of active exploitation in Asia-Pacific.,0
TRN01346,2025-11-06,Vendor Advisory,Campaign targets industrial operators,"Incident responders identified DNS tunnelling against an electricity operator. The actor Red Kudu moved from a vendor workstation to an OT jump server and queried PLC services. Monitor node-1346-sync.example, 198.51.100.27 and hash 7c67d65f3be68b8f06c8.",0
TRN01347,2026-04-06,Vendor Advisory,Industrial protocol reconnaissance observed,"Incident responders identified remote service abuse against an electricity operator. The actor Unknown actor moved from a vendor workstation to an OT jump server and queried PLC services. Monitor node-1347-sync.example, 198.51.100.28 and hash 854bbbb1e45036b9216d.",1
TRN01348,2025-09-04,Vendor Advisory,Energy-sector malware activity,"Unknown actor is targeting critical infrastructure operators in Asia-Pacific using GridLock. Analysts observed Modbus scanning, unusual vendor access and attempts to reach operational technology networks. Indicators include node-1348-sync.example and 198.51.100.29. The bulletin references security monitoring, risk assessment and operational resilience.",1
TRN01349,2026-06-05,CERT-NA,Vendor access abused in OT intrusion,"Night Heron is targeting critical infrastructure operators in Southern Africa using DustRAT. Analysts observed ransomware deployment, unusual vendor access and attempts to reach operational technology networks. Indicators include node-1349-sync.example and 198.51.100.30.",1
TRN01350,2025-03-23,Vendor Advisory,Vendor access abused in OT intrusion,"Copper Dune is targeting energy utilities in North America using BreakerFox. Analysts observed DNS tunnelling, unusual vendor access and attempts to reach operational technology networks. Indicators include node-1350-sync.example and 198.51.100.31.",1
TRN01351,2025-11-25,Commercial Intelligence,General technology bulletin,"The Compliance conference will discuss digital transformation, resilience and operational excellence. Registration closes next month.",0
TRN01352,2025-12-26,Commercial Intelligence,Conference notice,A service notice confirms routine maintenance for billing platform. Temporary latency may occur during the approved maintenance window.,0
TRN01353,2025-02-04,Vendor Advisory,Campaign targets industrial operators,"Incident responders identified DNS tunnelling against an electricity operator. The actor Copper Dune moved from a vendor workstation to an OT jump server and queried PLC services. Monitor node-1353-sync.example, 198.51.100.34 and hash efd03db24df797909cb3.",1
TRN01354,2025-12-13,Regional ISAC,Patch availability update,"The Compliance conference will discuss digital transformation, resilience and operational excellence. Registration closes next month.",0
TRN01355,2026-04-15,Vendor Advisory,General technology bulletin,Researchers published a general vulnerability affecting retail organisations. The advisory applies to versions not deployed by the organisation and contains no evidence of active exploitation in Europe.,0
TRN01356,2026-03-04,Vendor Advisory,Conference notice,A service notice confirms routine maintenance for billing platform. Temporary latency may occur during the approved maintenance window.,0
TRN01357,2025-08-06,Regional ISAC,Energy-sector malware activity,"Night Heron is targeting critical infrastructure operators in Europe using BreakerFox. Analysts observed DNS tunnelling, unusual vendor access and attempts to reach operational technology networks. Indicators include node-1357-sync.example and 198.51.100.38.",1
TRN01358,2025-06-30,Regional ISAC,General technology bulletin,Researchers published a general vulnerability affecting retail organisations. The advisory applies to versions not deployed by the organisation and contains no evidence of active exploitation in North America.,0
TRN01359,2025-04-23,Regional ISAC,Campaign targets industrial operators,"Incident responders identified credential phishing against an electricity operator. The actor Night Heron moved from a vendor workstation to an OT jump server and queried PLC services. Monitor node-1359-sync.example, 198.51.100.40 and hash 4b453c72348737da965d.",1
TRN01360,2025-09-20,Regional ISAC,Patch availability update,"A service notice confirms routine maintenance for billing platform. Temporary latency may occur during the approved maintenance window. The bulletin references security monitoring, risk assessment and operational resilience.",0
TRN01361,2025-06-07,CERT-NA,Campaign targets industrial operators,"A campaign affecting power distributors uses compromised maintenance accounts, PowerShell and GridLock. Activity includes ransomware deployment, historian discovery and scanning of industrial protocols. The infrastructure node-1361-sync.example resolves to 198.51.100.42.",1
TRN01362,2025-07-29,Vendor Advisory,Patch availability update,Researchers published a general vulnerability affecting retail organisations. The advisory applies to versions not deployed by the organisation and contains no evidence of active exploitation in East Africa.,1
TRN01363,2026-09-12,Open-source Research,Vendor access abused in OT intrusion,"A campaign affecting critical infrastructure operators uses compromised maintenance accounts, PowerShell and Sandstorm Loader. Activity includes remote service abuse, historian discovery and scanning of industrial protocols. The infrastructure node-1363-sync.example resolves to 198.51.100.44.",1
TRN01364,2025-12-31,Vendor Advisory,Patch availability update,Researchers published a general vulnerability affecting universities. The advisory applies to versions not deployed by the organisation and contains no evidence of active exploitation in Europe.,0
TRN01365,2025-09-03,Open-source Research,Patch availability update,"The Cloud Services conference will discuss digital transformation, resilience and operational excellence. Registration closes next month.",0
TRN01366,2025-12-23,Commercial Intelligence,General technology bulletin,A scheduled router firmware update improves performance and resolves minor compatibility issues. No exploitation has been observed and no action is required beyond normal change management.,0
TRN01367,2025-10-28,Vendor Advisory,Patch availability update,A scheduled billing platform update improves performance and resolves minor compatibility issues. No exploitation has been observed and no action is required beyond normal change management.,0
TRN01368,2025-06-16,Regional ISAC,Patch availability update,A service notice confirms routine maintenance for office suite. Temporary latency may occur during the approved maintenance window.,0
TRN01369,2026-07-17,Commercial Intelligence,Conference notice,"The Cloud Services conference will discuss digital transformation, resilience and operational excellence. Registration closes next month.",0
TRN01370,2026-06-02,Vendor Advisory,General technology bulletin,A service notice confirms routine maintenance for billing platform. Temporary latency may occur during the approved maintenance window.,0
TRN01371,2025-02-10,Vendor Advisory,Campaign targets industrial operators,"A campaign affecting energy utilities uses compromised maintenance accounts, PowerShell and BreakerFox. Activity includes credential phishing, historian discovery and scanning of industrial protocols. The infrastructure node-1371-sync.example resolves to 198.51.100.52.",0
TRN01372,2026-08-09,Regional ISAC,Routine maintenance advisory,"The Compliance conference will discuss digital transformation, resilience and operational excellence. Registration closes next month.",0
TRN01373,2025-12-07,Regional ISAC,Industrial protocol reconnaissance observed,"Unknown actor is targeting critical infrastructure operators in North America using DustRAT. Analysts observed ransomware deployment, unusual vendor access and attempts to reach operational technology networks. Indicators include node-1373-sync.example and 198.51.100.54.",1
TRN01374,2026-05-11,Vendor Advisory,General technology bulletin,"The Technology conference will discuss digital transformation, resilience and operational excellence. Registration closes next month.",0
TRN01375,2026-08-02,Open-source Research,Patch availability update,"The Technology conference will discuss digital transformation, resilience and operational excellence. Registration closes next month. The bulletin references security monitoring, risk assessment and operational resilience.",0
TRN01376,2025-04-29,Regional ISAC,Routine maintenance advisory,"The Technology conference will discuss digital transformation, resilience and operational excellence. Registration closes next month.",0
TRN01377,2025-01-14,CERT-NA,General technology bulletin,A service notice confirms routine maintenance for backup agent. Temporary latency may occur during the approved maintenance window.,0
TRN01378,2025-04-11,Open-source Research,Vendor access abused in OT intrusion,"Copper Dune is targeting energy utilities in Asia-Pacific using GridLock. Analysts observed vendor compromise, unusual vendor access and attempts to reach operational technology networks. Indicators include node-1378-sync.example and 198.51.100.59.",1
TRN01379,2026-08-15,Regional ISAC,Conference notice,"A service notice confirms routine maintenance for billing platform. Temporary latency may occur during the approved maintenance window. The bulletin references security monitoring, risk assessment and operational resilience.",0
TRN01380,2025-12-30,Open-source Research,Conference notice,A service notice confirms routine maintenance for router firmware. Temporary latency may occur during the approved maintenance window.,0
TRN01381,2025-12-25,Commercial Intelligence,Patch availability update,A scheduled router firmware update improves performance and resolves minor compatibility issues. No exploitation has been observed and no action is required beyond normal change management.,0
TRN01382,2025-02-25,Open-source Research,Campaign targets industrial operators,"Incident responders identified Modbus scanning against an electricity operator. The actor Night Heron moved from a vendor workstation to an OT jump server and queried PLC services. Monitor node-1382-sync.example, 198.51.100.63 and hash 906c33f08172fbf5d527.",1
TRN01383,2026-01-22,Commercial Intelligence,Campaign targets industrial operators,"A campaign affecting energy utilities uses compromised maintenance accounts, PowerShell and BreakerFox. Activity includes vendor compromise, historian discovery and scanning of industrial protocols. The infrastructure node-1383-sync.example resolves to 198.51.100.64. The bulletin references security monitoring, risk assessment and operational resilience.",1
TRN01384,2025-09-26,Vendor Advisory,Conference notice,"The Technology conference will discuss digital transformation, resilience and operational excellence. Registration closes next month.",0
TRN01385,2026-05-08,Commercial Intelligence,General technology bulletin,"The Compliance conference will discuss digital transformation, resilience and operational excellence. Registration closes next month.",0
TRN01386,2025-02-20,Regional ISAC,Vendor access abused in OT intrusion,"Kalahari Jackal is targeting energy utilities in Asia-Pacific using Sandstorm Loader. Analysts observed remote service abuse, unusual vendor access and attempts to reach operational technology networks. Indicators include node-1386-sync.example and 198.51.100.67.",1
TRN01387,2025-07-18,Open-source Research,Conference notice,"The Cloud Services conference will discuss digital transformation, resilience and operational excellence. Registration closes next month.",0
TRN01388,2026-07-01,Open-source Research,General technology bulletin,"The Cloud Services conference will discuss digital transformation, resilience and operational excellence. Registration closes next month. The bulletin references security monitoring, risk assessment and operational resilience.",0
TRN01389,2026-07-05,Regional ISAC,Patch availability update,"A service notice confirms routine maintenance for router firmware. Temporary latency may occur during the approved maintenance window. The bulletin references security monitoring, risk assessment and operational resilience.",0
TRN01390,2025-03-01,Open-source Research,Patch availability update,"Researchers published a general vulnerability affecting retail organisations. The advisory applies to versions not deployed by the organisation and contains no evidence of active exploitation in East Africa. The bulletin references security monitoring, risk assessment and operational resilience.",0
TRN01391,2026-07-09,Commercial Intelligence,Routine maintenance advisory,Researchers published a general vulnerability affecting telecommunications providers. The advisory applies to versions not deployed by the organisation and contains no evidence of active exploitation in East Africa.,0
TRN01392,2026-02-11,Regional ISAC,General technology bulletin,"The Compliance conference will discuss digital transformation, resilience and operational excellence. Registration closes next month.",0
TRN01393,2026-04-21,CERT-NA,Patch availability update,A service notice confirms routine maintenance for router firmware. Temporary latency may occur during the approved maintenance window.,0
TRN01394,2025-04-06,Regional ISAC,Conference notice,"A scheduled backup agent update improves performance and resolves minor compatibility issues. No exploitation has been observed and no action is required beyond normal change management. The bulletin references security monitoring, risk assessment and operational resilience.",0
TRN01395,2025-08-20,Open-source Research,Campaign targets industrial operators,"A campaign affecting power distributors uses compromised maintenance accounts, PowerShell and GridLock. Activity includes credential phishing, historian discovery and scanning of industrial protocols. The infrastructure node-1395-sync.example resolves to 198.51.100.76.",1
TRN01396,2025-08-11,CERT-NA,Conference notice,Researchers published a general vulnerability affecting financial institutions. The advisory applies to versions not deployed by the organisation and contains no evidence of active exploitation in North America.,0
TRN01397,2026-04-07,Vendor Advisory,Patch availability update,Researchers published a general vulnerability affecting retail organisations. The advisory applies to versions not deployed by the organisation and contains no evidence of active exploitation in North America.,0
TRN01398,2025-01-18,CERT-NA,Routine maintenance advisory,Researchers published a general vulnerability affecting energy utilities. The advisory applies to versions not deployed by the organisation and contains no evidence of active exploitation in East Africa.,0
TRN01399,2025-10-01,CERT-NA,Patch availability update,A scheduled router firmware update improves performance and resolves minor compatibility issues. No exploitation has been observed and no action is required beyond normal change management.,0
TRN01400,2025-10-06,Regional ISAC,Conference notice,"A scheduled billing platform update improves performance and resolves minor compatibility issues. No exploitation has been observed and no action is required beyond normal change management. The bulletin references security monitoring, risk assessment and operational resilience.",0
TRN01401,2025-03-08,Open-source Research,Routine maintenance advisory,"The Compliance conference will discuss digital transformation, resilience and operational excellence. Registration closes next month.",0
TRN01402,2025-07-07,Commercial Intelligence,Industrial protocol reconnaissance observed,"A campaign affecting power distributors uses compromised maintenance accounts, PowerShell and unknown PowerShell loader. Activity includes DNS tunnelling, historian discovery and scanning of industrial protocols. The infrastructure node-1402-sync.example resolves to 198.51.100.83.",1
TRN01403,2025-03-27,Commercial Intelligence,Industrial protocol reconnaissance observed,"Night Heron is targeting critical infrastructure operators in North America using BreakerFox. Analysts observed vendor compromise, unusual vendor access and attempts to reach operational technology networks. Indicators include node-1403-sync.example and 198.51.100.84.",1
TRN01404,2025-10-10,Vendor Advisory,Conference notice,"A service notice confirms routine maintenance for billing platform. Temporary latency may occur during the approved maintenance window. The bulletin references security monitoring, risk assessment and operational resilience.",0
TRN01405,2025-07-02,CERT-NA,Patch availability update,"A scheduled billing platform update improves performance and resolves minor compatibility issues. No exploitation has been observed and no action is required beyond normal change management. The bulletin references security monitoring, risk assessment and operational resilience.",0
TRN01406,2025-09-04,Vendor Advisory,Conference notice,A scheduled office suite update improves performance and resolves minor compatibility issues. No exploitation has been observed and no action is required beyond normal change management.,0
TRN01407,2025-11-09,Vendor Advisory,Patch availability update,"A service notice confirms routine maintenance for backup agent. Temporary latency may occur during the approved maintenance window. The bulletin references security monitoring, risk assessment and operational resilience.",0
TRN01408,2025-04-17,Regional ISAC,Vendor access abused in OT intrusion,"A campaign affecting power distributors uses compromised maintenance accounts, PowerShell and unknown PowerShell loader. Activity includes credential phishing, historian discovery and scanning of industrial protocols. The infrastructure node-1408-sync.example resolves to 198.51.100.89. The bulletin references security monitoring, risk assessment and operational resilience.",1
TRN01409,2026-02-15,Open-source Research,Vendor access abused in OT intrusion,"Unknown actor is targeting energy utilities in Asia-Pacific using DustRAT. Analysts observed credential phishing, unusual vendor access and attempts to reach operational technology networks. Indicators include node-1409-sync.example and 198.51.100.90.",1
TRN01410,2025-10-29,CERT-NA,Industrial protocol reconnaissance observed,"Incident responders identified DNS tunnelling against an electricity operator. The actor Night Heron moved from a vendor workstation to an OT jump server and queried PLC services. Monitor node-1410-sync.example, 198.51.100.91 and hash 825a805382a487535177.",1
TRN01411,2026-06-05,CERT-NA,Energy-sector malware activity,"Red Kudu is targeting energy utilities in Asia-Pacific using DustRAT. Analysts observed ransomware deployment, unusual vendor access and attempts to reach operational technology networks. Indicators include node-1411-sync.example and 198.51.100.92.",1
TRN01412,2025-02-25,CERT-NA,Industrial protocol reconnaissance observed,"Unknown actor is targeting critical infrastructure operators in Europe using BreakerFox. Analysts observed ransomware deployment, unusual vendor access and attempts to reach operational technology networks. Indicators include node-1412-sync.example and 198.51.100.93.",1
TRN01413,2025-10-05,Vendor Advisory,Routine maintenance advisory,"Researchers published a general vulnerability affecting financial institutions. The advisory applies to versions not deployed by the organisation and contains no evidence of active exploitation in North America. The bulletin references security monitoring, risk assessment and operational resilience.",0
TRN01414,2025-11-07,Vendor Advisory,General technology bulletin,"The Compliance conference will discuss digital transformation, resilience and operational excellence. Registration closes next month.",0
TRN01415,2025-04-15,Regional ISAC,Campaign targets industrial operators,"Incident responders identified Modbus scanning against an electricity operator. The actor Unknown actor moved from a vendor workstation to an OT jump server and queried PLC services. Monitor node-1415-sync.example, 198.51.100.96 and hash b2f59921a083c0ecab3f. The bulletin references security monitoring, risk assessment and operational resilience.",1
TRN01416,2025-02-22,Open-source Research,General technology bulletin,A service notice confirms routine maintenance for billing platform. Temporary latency may occur during the approved maintenance window.,0
TRN01417,2026-03-08,Regional ISAC,Campaign targets industrial operators,"A campaign affecting energy utilities uses compromised maintenance accounts, PowerShell and unknown PowerShell loader. Activity includes remote service abuse, historian discovery and scanning of industrial protocols. The infrastructure node-1417-sync.example resolves to 198.51.100.98.",1
TRN01418,2026-01-13,Vendor Advisory,Conference notice,"The Cloud Services conference will discuss digital transformation, resilience and operational excellence. Registration closes next month.",0
TRN01419,2025-08-18,Vendor Advisory,Routine maintenance advisory,A scheduled office suite update improves performance and resolves minor compatibility issues. No exploitation has been observed and no action is required beyond normal change management.,0
TRN01420,2025-04-02,CERT-NA,Vendor access abused in OT intrusion,"A campaign affecting energy utilities uses compromised maintenance accounts, PowerShell and GridLock. Activity includes ransomware deployment, historian discovery and scanning of industrial protocols. The infrastructure node-1420-sync.example resolves to 198.51.100.101. The bulletin references security monitoring, risk assessment and operational resilience.",1
TRN01421,2026-01-28,Open-source Research,General technology bulletin,A service notice confirms routine maintenance for router firmware. Temporary latency may occur during the approved maintenance window.,0
TRN01422,2025-08-25,Regional ISAC,Routine maintenance advisory,"A service notice confirms routine maintenance for backup agent. Temporary latency may occur during the approved maintenance window. The bulletin references security monitoring, risk assessment and operational resilience.",0
TRN01423,2026-03-31,Commercial Intelligence,General technology bulletin,A scheduled backup agent update improves performance and resolves minor compatibility issues. No exploitation has been observed and no action is required beyond normal change management.,0
TRN01424,2025-04-03,Commercial Intelligence,Routine maintenance advisory,A service notice confirms routine maintenance for office suite. Temporary latency may occur during the approved maintenance window.,0
TRN01425,2026-02-07,CERT-NA,Campaign targets industrial operators,"Incident responders identified ransomware deployment against an electricity operator. The actor Night Heron moved from a vendor workstation to an OT jump server and queried PLC services. Monitor node-1425-sync.example, 198.51.100.106 and hash 35a2d42cb12ae422e3c9.",1
TRN01426,2026-08-26,Vendor Advisory,Routine maintenance advisory,Researchers published a general vulnerability affecting telecommunications providers. The advisory applies to versions not deployed by the organisation and contains no evidence of active exploitation in East Africa.,1
TRN01427,2026-04-16,Open-source Research,Campaign targets industrial operators,"Incident responders identified ransomware deployment against an electricity operator. The actor Copper Dune moved from a vendor workstation to an OT jump server and queried PLC services. Monitor node-1427-sync.example, 198.51.100.108 and hash b801c98da2282094495e. The bulletin references security monitoring, risk assessment and operational resilience.",1
TRN01428,2026-05-05,CERT-NA,Patch availability update,"The Technology conference will discuss digital transformation, resilience and operational excellence. Registration closes next month.",0
TRN01429,2025-03-14,Open-source Research,Vendor access abused in OT intrusion,"Copper Dune is targeting critical infrastructure operators in North America using BreakerFox. Analysts observed vendor compromise, unusual vendor access and attempts to reach operational technology networks. Indicators include node-1429-sync.example and 198.51.100.110.",1
TRN01430,2025-06-16,Vendor Advisory,Energy-sector malware activity,"A campaign affecting power distributors uses compromised maintenance accounts, PowerShell and Sandstorm Loader. Activity includes DNS tunnelling, historian discovery and scanning of industrial protocols. The infrastructure node-1430-sync.example resolves to 198.51.100.111.",1
TRN01431,2025-11-09,CERT-NA,Vendor access abused in OT intrusion,"Kalahari Jackal is targeting energy utilities in Europe using DustRAT. Analysts observed vendor compromise, unusual vendor access and attempts to reach operational technology networks. Indicators include node-1431-sync.example and 198.51.100.112.",1
TRN01432,2025-08-13,Vendor Advisory,Routine maintenance advisory,"The Cloud Services conference will discuss digital transformation, resilience and operational excellence. Registration closes next month.",0
TRN01433,2026-03-20,CERT-NA,Patch availability update,"Researchers published a general vulnerability affecting financial institutions. The advisory applies to versions not deployed by the organisation and contains no evidence of active exploitation in North America. The bulletin references security monitoring, risk assessment and operational resilience.",0
TRN01434,2026-03-10,Regional ISAC,Energy-sector malware activity,"Incident responders identified vendor compromise against an electricity operator. The actor Kalahari Jackal moved from a vendor workstation to an OT jump server and queried PLC services. Monitor node-1434-sync.example, 198.51.100.115 and hash 1dc168723257b91fb77d.",1
TRN01435,2025-08-14,Commercial Intelligence,Industrial protocol reconnaissance observed,"Incident responders identified DNS tunnelling against an electricity operator. The actor Red Kudu moved from a vendor workstation to an OT jump server and queried PLC services. Monitor node-1435-sync.example, 198.51.100.116 and hash 7faa50bcbdd315feeb8a.",1
TRN01436,2026-01-06,Vendor Advisory,General technology bulletin,A service notice confirms routine maintenance for billing platform. Temporary latency may occur during the approved maintenance window.,0
TRN01437,2025-05-20,Commercial Intelligence,Vendor access abused in OT intrusion,"Incident responders identified ransomware deployment against an electricity operator. The actor Night Heron moved from a vendor workstation to an OT jump server and queried PLC services. Monitor node-1437-sync.example, 198.51.100.118 and hash 4e65bd15be14d45cb6bf.",1
TRN01438,2026-03-25,Commercial Intelligence,Routine maintenance advisory,A scheduled billing platform update improves performance and resolves minor compatibility issues. No exploitation has been observed and no action is required beyond normal change management.,0
TRN01439,2025-07-16,Open-source Research,Patch availability update,Researchers published a general vulnerability affecting retail organisations. The advisory applies to versions not deployed by the organisation and contains no evidence of active exploitation in East Africa.,0
TRN01440,2025-08-24,Open-source Research,Industrial protocol reconnaissance observed,"Incident responders identified vendor compromise against an electricity operator. The actor Copper Dune moved from a vendor workstation to an OT jump server and queried PLC services. Monitor node-1440-sync.example, 198.51.100.121 and hash d61fce3367454e31958c.",1
TRN01441,2025-03-18,CERT-NA,Conference notice,"The Compliance conference will discuss digital transformation, resilience and operational excellence. Registration closes next month.",0
TRN01442,2025-08-25,Commercial Intelligence,General technology bulletin,A service notice confirms routine maintenance for router firmware. Temporary latency may occur during the approved maintenance window.,1
TRN01443,2025-10-19,CERT-NA,Patch availability update,"The Compliance conference will discuss digital transformation, resilience and operational excellence. Registration closes next month.",0
TRN01444,2025-03-07,Open-source Research,General technology bulletin,"Researchers published a general vulnerability affecting energy utilities. The advisory applies to versions not deployed by the organisation and contains no evidence of active exploitation in North America. The bulletin references security monitoring, risk assessment and operational resilience.",0
TRN01445,2025-07-25,Commercial Intelligence,Conference notice,A service notice confirms routine maintenance for router firmware. Temporary latency may occur during the approved maintenance window.,1
TRN01446,2026-04-16,Open-source Research,Patch availability update,"The Technology conference will discuss digital transformation, resilience and operational excellence. Registration closes next month.",0
TRN01447,2025-02-23,Commercial Intelligence,Energy-sector malware activity,"Incident responders identified DNS tunnelling against an electricity operator. The actor Copper Dune moved from a vendor workstation to an OT jump server and queried PLC services. Monitor node-1447-sync.example, 198.51.100.128 and hash 1d06247a7dc70899c91b.",1
TRN01448,2026-03-20,Vendor Advisory,Conference notice,A scheduled office suite update improves performance and resolves minor compatibility issues. No exploitation has been observed and no action is required beyond normal change management.,0
TRN01449,2025-09-01,Regional ISAC,Conference notice,A scheduled billing platform update improves performance and resolves minor compatibility issues. No exploitation has been observed and no action is required beyond normal change management.,0
TRN01450,2025-10-15,Vendor Advisory,Energy-sector malware activity,"Incident responders identified DNS tunnelling against an electricity operator. The actor Red Kudu moved from a vendor workstation to an OT jump server and queried PLC services. Monitor node-1450-sync.example, 198.51.100.131 and hash 37fa084c788e4fe82cb1. The bulletin references security monitoring, risk assessment and operational resilience.",1
TRN01451,2025-04-15,Open-source Research,Industrial protocol reconnaissance observed,"Incident responders identified ransomware deployment against an electricity operator. The actor Kalahari Jackal moved from a vendor workstation to an OT jump server and queried PLC services. Monitor node-1451-sync.example, 198.51.100.132 and hash 83d0c409bfd660d35c74.",1
TRN01452,2026-07-15,Commercial Intelligence,Campaign targets industrial operators,"Incident responders identified vendor compromise against an electricity operator. The actor Unknown actor moved from a vendor workstation to an OT jump server and queried PLC services. Monitor node-1452-sync.example, 198.51.100.133 and hash d80c909190fd9fac7daa.",1
TRN01453,2026-04-20,Vendor Advisory,Patch availability update,"The Compliance conference will discuss digital transformation, resilience and operational excellence. Registration closes next month.",0
TRN01454,2025-04-08,CERT-NA,General technology bulletin,A service notice confirms routine maintenance for router firmware. Temporary latency may occur during the approved maintenance window.,0
TRN01455,2026-06-25,CERT-NA,Industrial protocol reconnaissance observed,"Kalahari Jackal is targeting critical infrastructure operators in North America using DustRAT. Analysts observed DNS tunnelling, unusual vendor access and attempts to reach operational technology networks. Indicators include node-1455-sync.example and 198.51.100.136. The bulletin references security monitoring, risk assessment and operational resilience.",0
TRN01456,2026-08-04,Vendor Advisory,Industrial protocol reconnaissance observed,"Incident responders identified credential phishing against an electricity operator. The actor Night Heron moved from a vendor workstation to an OT jump server and queried PLC services. Monitor node-1456-sync.example, 198.51.100.137 and hash 13a7c44d8ad4afda519a. The bulletin references security monitoring, risk assessment and operational resilience.",1
TRN01457,2026-02-27,CERT-NA,Routine maintenance advisory,A scheduled billing platform update improves performance and resolves minor compatibility issues. No exploitation has been observed and no action is required beyond normal change management.,0
TRN01458,2026-07-16,CERT-NA,Conference notice,A service notice confirms routine maintenance for router firmware. Temporary latency may occur during the approved maintenance window.,0
TRN01459,2025-07-24,Open-source Research,Campaign targets industrial operators,"Night Heron is targeting power distributors in East Africa using DustRAT. Analysts observed credential phishing, unusual vendor access and attempts to reach operational technology networks. Indicators include node-1459-sync.example and 198.51.100.140. The bulletin references security monitoring, risk assessment and operational resilience.",1
TRN01460,2025-09-15,Vendor Advisory,Conference notice,A scheduled billing platform update improves performance and resolves minor compatibility issues. No exploitation has been observed and no action is required beyond normal change management.,0
TRN01461,2026-06-08,Vendor Advisory,Campaign targets industrial operators,"Night Heron is targeting critical infrastructure operators in North America using BreakerFox. Analysts observed DNS tunnelling, unusual vendor access and attempts to reach operational technology networks. Indicators include node-1461-sync.example and 198.51.100.142.",1
TRN01462,2025-12-27,Open-source Research,Routine maintenance advisory,A scheduled office suite update improves performance and resolves minor compatibility issues. No exploitation has been observed and no action is required beyond normal change management.,0
TRN01463,2026-03-29,Commercial Intelligence,Vendor access abused in OT intrusion,"Night Heron is targeting energy utilities in Asia-Pacific using Sandstorm Loader. Analysts observed DNS tunnelling, unusual vendor access and attempts to reach operational technology networks. Indicators include node-1463-sync.example and 198.51.100.144.",1
TRN01464,2025-06-21,CERT-NA,Conference notice,Researchers published a general vulnerability affecting retail organisations. The advisory applies to versions not deployed by the organisation and contains no evidence of active exploitation in Southern Africa.,0
TRN01465,2025-02-22,Vendor Advisory,Patch availability update,A service notice confirms routine maintenance for office suite. Temporary latency may occur during the approved maintenance window.,0
TRN01466,2025-11-01,Vendor Advisory,General technology bulletin,A service notice confirms routine maintenance for router firmware. Temporary latency may occur during the approved maintenance window.,0
TRN01467,2026-02-04,Vendor Advisory,Industrial protocol reconnaissance observed,"Copper Dune is targeting power distributors in East Africa using BreakerFox. Analysts observed credential phishing, unusual vendor access and attempts to reach operational technology networks. Indicators include node-1467-sync.example and 198.51.100.148.",1
TRN01468,2025-02-20,Commercial Intelligence,Campaign targets industrial operators,"A campaign affecting power distributors uses compromised maintenance accounts, PowerShell and Sandstorm Loader. Activity includes remote service abuse, historian discovery and scanning of industrial protocols. The infrastructure node-1468-sync.example resolves to 198.51.100.149.",1
TRN01469,2025-09-01,Open-source Research,Routine maintenance advisory,A service notice confirms routine maintenance for office suite. Temporary latency may occur during the approved maintenance window.,0
TRN01470,2025-08-18,CERT-NA,Industrial protocol reconnaissance observed,"A campaign affecting critical infrastructure operators uses compromised maintenance accounts, PowerShell and unknown PowerShell loader. Activity includes DNS tunnelling, historian discovery and scanning of industrial protocols. The infrastructure node-1470-sync.example resolves to 198.51.100.151.",1
TRN01471,2025-12-23,Commercial Intelligence,Routine maintenance advisory,A service notice confirms routine maintenance for router firmware. Temporary latency may occur during the approved maintenance window.,1
TRN01472,2025-04-03,Open-source Research,Campaign targets industrial operators,"Copper Dune is targeting energy utilities in Southern Africa using GridLock. Analysts observed DNS tunnelling, unusual vendor access and attempts to reach operational technology networks. Indicators include node-1472-sync.example and 198.51.100.153.",1
TRN01473,2026-07-23,Commercial Intelligence,Vendor access abused in OT intrusion,"A campaign affecting power distributors uses compromised maintenance accounts, PowerShell and BreakerFox. Activity includes Modbus scanning, historian discovery and scanning of industrial protocols. The infrastructure node-1473-sync.example resolves to 198.51.100.154.",1
TRN01474,2025-09-29,Vendor Advisory,Energy-sector malware activity,"A campaign affecting power distributors uses compromised maintenance accounts, PowerShell and DustRAT. Activity includes ransomware deployment, historian discovery and scanning of industrial protocols. The infrastructure node-1474-sync.example resolves to 198.51.100.155.",1
TRN01475,2026-04-02,Commercial Intelligence,Conference notice,A scheduled backup agent update improves performance and resolves minor compatibility issues. No exploitation has been observed and no action is required beyond normal change management.,0
TRN01476,2026-09-03,Vendor Advisory,Industrial protocol reconnaissance observed,"A campaign affecting power distributors uses compromised maintenance accounts, PowerShell and Sandstorm Loader. Activity includes DNS tunnelling, historian discovery and scanning of industrial protocols. The infrastructure node-1476-sync.example resolves to 198.51.100.157. The bulletin references security monitoring, risk assessment and operational resilience.",1
TRN01477,2025-02-13,CERT-NA,Energy-sector malware activity,"Kalahari Jackal is targeting critical infrastructure operators in Southern Africa using DustRAT. Analysts observed Modbus scanning, unusual vendor access and attempts to reach operational technology networks. Indicators include node-1477-sync.example and 198.51.100.158.",1
TRN01478,2025-08-29,Commercial Intelligence,Routine maintenance advisory,A service notice confirms routine maintenance for billing platform. Temporary latency may occur during the approved maintenance window.,0
TRN01479,2025-04-20,Open-source Research,Routine maintenance advisory,"The Cloud Services conference will discuss digital transformation, resilience and operational excellence. Registration closes next month.",0
TRN01480,2025-10-10,Vendor Advisory,Conference notice,A scheduled router firmware update improves performance and resolves minor compatibility issues. No exploitation has been observed and no action is required beyond normal change management.,0
TRN01481,2025-08-04,Commercial Intelligence,Patch availability update,"A service notice confirms routine maintenance for billing platform. Temporary latency may occur during the approved maintenance window. The bulletin references security monitoring, risk assessment and operational resilience.",0
TRN01482,2025-02-12,Commercial Intelligence,Industrial protocol reconnaissance observed,"Incident responders identified Modbus scanning against an electricity operator. The actor Kalahari Jackal moved from a vendor workstation to an OT jump server and queried PLC services. Monitor node-1482-sync.example, 198.51.100.163 and hash 40e63a96dd1249f2f06c.",1
TRN01483,2025-10-22,Regional ISAC,General technology bulletin,Researchers published a general vulnerability affecting retail organisations. The advisory applies to versions not deployed by the organisation and contains no evidence of active exploitation in Southern Africa.,0
TRN01484,2026-06-10,Regional ISAC,Campaign targets industrial operators,"Copper Dune is targeting energy utilities in East Africa using unknown PowerShell loader. Analysts observed Modbus scanning, unusual vendor access and attempts to reach operational technology networks. Indicators include node-1484-sync.example and 198.51.100.165.",1
TRN01485,2026-03-02,Regional ISAC,Conference notice,A service notice confirms routine maintenance for router firmware. Temporary latency may occur during the approved maintenance window.,0
TRN01486,2025-04-11,Vendor Advisory,Conference notice,"The Technology conference will discuss digital transformation, resilience and operational excellence. Registration closes next month.",0
TRN01487,2026-01-01,Commercial Intelligence,Patch availability update,"The Compliance conference will discuss digital transformation, resilience and operational excellence. Registration closes next month.",0
TRN01488,2026-02-23,Commercial Intelligence,Industrial protocol reconnaissance observed,"Incident responders identified DNS tunnelling against an electricity operator. The actor Night Heron moved from a vendor workstation to an OT jump server and queried PLC services. Monitor node-1488-sync.example, 198.51.100.169 and hash 77ffecc30045c04be92c.",1
TRN01489,2025-06-11,Open-source Research,Energy-sector malware activity,"Copper Dune is targeting energy utilities in Southern Africa using GridLock. Analysts observed credential phishing, unusual vendor access and attempts to reach operational technology networks. Indicators include node-1489-sync.example and 198.51.100.170.",1
TRN01490,2025-06-06,Commercial Intelligence,General technology bulletin,"The Compliance conference will discuss digital transformation, resilience and operational excellence. Registration closes next month.",0
TRN01491,2026-08-07,CERT-NA,Routine maintenance advisory,"The Cloud Services conference will discuss digital transformation, resilience and operational excellence. Registration closes next month.",0
TRN01492,2025-07-19,CERT-NA,General technology bulletin,A service notice confirms routine maintenance for router firmware. Temporary latency may occur during the approved maintenance window.,0
TRN01493,2026-03-04,CERT-NA,Patch availability update,"The Technology conference will discuss digital transformation, resilience and operational excellence. Registration closes next month.",0
TRN01494,2025-11-23,CERT-NA,Campaign targets industrial operators,"A campaign affecting critical infrastructure operators uses compromised maintenance accounts, PowerShell and Sandstorm Loader. Activity includes credential phishing, historian discovery and scanning of industrial protocols. The infrastructure node-1494-sync.example resolves to 198.51.100.175.",1
TRN01495,2026-02-08,Vendor Advisory,Conference notice,"The Cloud Services conference will discuss digital transformation, resilience and operational excellence. Registration closes next month. The bulletin references security monitoring, risk assessment and operational resilience.",0
TRN01496,2025-07-16,Regional ISAC,General technology bulletin,A scheduled billing platform update improves performance and resolves minor compatibility issues. No exploitation has been observed and no action is required beyond normal change management.,0
TRN01497,2025-07-23,Vendor Advisory,Energy-sector malware activity,"Kalahari Jackal is targeting power distributors in Southern Africa using GridLock. Analysts observed vendor compromise, unusual vendor access and attempts to reach operational technology networks. Indicators include node-1497-sync.example and 198.51.100.178.",1
TRN01498,2025-06-17,Vendor Advisory,Conference notice,"The Technology conference will discuss digital transformation, resilience and operational excellence. Registration closes next month. The bulletin references security monitoring, risk assessment and operational resilience.",0
TRN01499,2025-04-07,Vendor Advisory,General technology bulletin,Researchers published a general vulnerability affecting universities. The advisory applies to versions not deployed by the organisation and contains no evidence of active exploitation in Southern Africa.,0
TRN01500,2026-03-02,Open-source Research,Energy-sector malware activity,"Incident responders identified ransomware deployment against an electricity operator. The actor Red Kudu moved from a vendor workstation to an OT jump server and queried PLC services. Monitor node-1500-sync.example, 198.51.100.181 and hash 2a19c5cadf76a5cdbc9d.",1
TRN01501,2026-01-19,Vendor Advisory,Conference notice,A service notice confirms routine maintenance for router firmware. Temporary latency may occur during the approved maintenance window.,0
TRN01502,2025-04-19,CERT-NA,Patch availability update,A scheduled router firmware update improves performance and resolves minor compatibility issues. No exploitation has been observed and no action is required beyond normal change management.,0
TRN01503,2026-05-24,Commercial Intelligence,Routine maintenance advisory,"The Compliance conference will discuss digital transformation, resilience and operational excellence. Registration closes next month.",0
TRN01504,2026-02-28,Commercial Intelligence,Patch availability update,"The Compliance conference will discuss digital transformation, resilience and operational excellence. Registration closes next month.",0
TRN01505,2025-09-15,Regional ISAC,Routine maintenance advisory,"A service notice confirms routine maintenance for billing platform. Temporary latency may occur during the approved maintenance window. The bulletin references security monitoring, risk assessment and operational resilience.",0
TRN01506,2026-09-11,CERT-NA,Routine maintenance advisory,"The Cloud Services conference will discuss digital transformation, resilience and operational excellence. Registration closes next month.",0
TRN01507,2025-06-19,CERT-NA,Vendor access abused in OT intrusion,"Kalahari Jackal is targeting critical infrastructure operators in East Africa using DustRAT. Analysts observed remote service abuse, unusual vendor access and attempts to reach operational technology networks. Indicators include node-1507-sync.example and 198.51.100.188. The bulletin references security monitoring, risk assessment and operational resilience.",1
TRN01508,2025-10-09,Open-source Research,General technology bulletin,A service notice confirms routine maintenance for backup agent. Temporary latency may occur during the approved maintenance window.,0
TRN01509,2025-08-31,Commercial Intelligence,Energy-sector malware activity,"A campaign affecting power distributors uses compromised maintenance accounts, PowerShell and BreakerFox. Activity includes ransomware deployment, historian discovery and scanning of industrial protocols. The infrastructure node-1509-sync.example resolves to 198.51.100.190.",1
TRN01510,2026-03-05,Regional ISAC,Energy-sector malware activity,"Red Kudu is targeting energy utilities in North America using unknown PowerShell loader. Analysts observed DNS tunnelling, unusual vendor access and attempts to reach operational technology networks. Indicators include node-1510-sync.example and 198.51.100.191.",1
TRN01511,2026-05-14,CERT-NA,Routine maintenance advisory,"The Cloud Services conference will discuss digital transformation, resilience and operational excellence. Registration closes next month.",0
TRN01512,2025-05-26,Commercial Intelligence,Conference notice,"The Cloud Services conference will discuss digital transformation, resilience and operational excellence. Registration closes next month. The bulletin references security monitoring, risk assessment and operational resilience.",0
TRN01513,2025-04-19,Vendor Advisory,Industrial protocol reconnaissance observed,"A campaign affecting energy utilities uses compromised maintenance accounts, PowerShell and BreakerFox. Activity includes Modbus scanning, historian discovery and scanning of industrial protocols. The infrastructure node-1513-sync.example resolves to 198.51.100.194.",0
TRN01514,2025-05-18,Regional ISAC,Patch availability update,A service notice confirms routine maintenance for billing platform. Temporary latency may occur during the approved maintenance window.,0
TRN01515,2026-02-25,Regional ISAC,Conference notice,A service notice confirms routine maintenance for office suite. Temporary latency may occur during the approved maintenance window.,0
TRN01516,2025-06-16,Regional ISAC,Vendor access abused in OT intrusion,"Incident responders identified vendor compromise against an electricity operator. The actor Kalahari Jackal moved from a vendor workstation to an OT jump server and queried PLC services. Monitor node-1516-sync.example, 198.51.100.197 and hash f1e694184db0fd2afdbb.",1
TRN01517,2025-09-30,CERT-NA,Campaign targets industrial operators,"Incident responders identified remote service abuse against an electricity operator. The actor Red Kudu moved from a vendor workstation to an OT jump server and queried PLC services. Monitor node-1517-sync.example, 198.51.100.198 and hash b318e1d155851d8c2178.",1
TRN01518,2026-07-01,CERT-NA,Patch availability update,Researchers published a general vulnerability affecting retail organisations. The advisory applies to versions not deployed by the organisation and contains no evidence of active exploitation in Southern Africa.,0
TRN01519,2025-03-25,Commercial Intelligence,Industrial protocol reconnaissance observed,"A campaign affecting power distributors uses compromised maintenance accounts, PowerShell and Sandstorm Loader. Activity includes credential phishing, historian discovery and scanning of industrial protocols. The infrastructure node-1519-sync.example resolves to 198.51.100.200.",1
TRN01520,2026-08-29,Regional ISAC,General technology bulletin,"The Compliance conference will discuss digital transformation, resilience and operational excellence. Registration closes next month.",0
TRN01521,2025-11-06,Regional ISAC,General technology bulletin,"The Compliance conference will discuss digital transformation, resilience and operational excellence. Registration closes next month.",0
TRN01522,2025-12-23,Commercial Intelligence,Vendor access abused in OT intrusion,"Night Heron is targeting critical infrastructure operators in Europe using unknown PowerShell loader. Analysts observed credential phishing, unusual vendor access and attempts to reach operational technology networks. Indicators include node-1522-sync.example and 198.51.100.203.",1
TRN01523,2025-08-19,Commercial Intelligence,General technology bulletin,Researchers published a general vulnerability affecting energy utilities. The advisory applies to versions not deployed by the organisation and contains no evidence of active exploitation in North America.,0
TRN01524,2025-12-30,Commercial Intelligence,General technology bulletin,"The Technology conference will discuss digital transformation, resilience and operational excellence. Registration closes next month.",0
TRN01525,2025-06-07,Regional ISAC,Campaign targets industrial operators,"A campaign affecting critical infrastructure operators uses compromised maintenance accounts, PowerShell and DustRAT. Activity includes ransomware deployment, historian discovery and scanning of industrial protocols. The infrastructure node-1525-sync.example resolves to 198.51.100.206.",1
TRN01526,2026-02-07,Regional ISAC,General technology bulletin,A service notice confirms routine maintenance for backup agent. Temporary latency may occur during the approved maintenance window.,0
TRN01527,2026-08-22,Open-source Research,Routine maintenance advisory,"A scheduled backup agent update improves performance and resolves minor compatibility issues. No exploitation has been observed and no action is required beyond normal change management. The bulletin references security monitoring, risk assessment and operational resilience.",0
TRN01528,2026-05-26,Open-source Research,General technology bulletin,"The Compliance conference will discuss digital transformation, resilience and operational excellence. Registration closes next month.",0
TRN01529,2025-06-30,Open-source Research,Patch availability update,"Researchers published a general vulnerability affecting energy utilities. The advisory applies to versions not deployed by the organisation and contains no evidence of active exploitation in North America. The bulletin references security monitoring, risk assessment and operational resilience.",0
TRN01530,2025-04-22,CERT-NA,General technology bulletin,Researchers published a general vulnerability affecting retail organisations. The advisory applies to versions not deployed by the organisation and contains no evidence of active exploitation in East Africa.,0
TRN01531,2026-01-03,CERT-NA,Industrial protocol reconnaissance observed,"A campaign affecting critical infrastructure operators uses compromised maintenance accounts, PowerShell and GridLock. Activity includes remote service abuse, historian discovery and scanning of industrial protocols. The infrastructure node-1531-sync.example resolves to 198.51.100.212.",1
TRN01532,2025-03-05,CERT-NA,Conference notice,A scheduled router firmware update improves performance and resolves minor compatibility issues. No exploitation has been observed and no action is required beyond normal change management.,0
TRN01533,2025-09-11,CERT-NA,Energy-sector malware activity,"Night Heron is targeting energy utilities in Asia-Pacific using unknown PowerShell loader. Analysts observed credential phishing, unusual vendor access and attempts to reach operational technology networks. Indicators include node-1533-sync.example and 198.51.100.214.",1
TRN01534,2025-06-15,Regional ISAC,Patch availability update,"The Cloud Services conference will discuss digital transformation, resilience and operational excellence. Registration closes next month.",0
TRN01535,2026-05-04,CERT-NA,Conference notice,A scheduled office suite update improves performance and resolves minor compatibility issues. No exploitation has been observed and no action is required beyond normal change management.,0
TRN01536,2026-07-05,CERT-NA,General technology bulletin,"The Compliance conference will discuss digital transformation, resilience and operational excellence. Registration closes next month.",0
TRN01537,2026-05-13,Vendor Advisory,Conference notice,A service notice confirms routine maintenance for router firmware. Temporary latency may occur during the approved maintenance window.,0
TRN01538,2025-02-11,Vendor Advisory,Vendor access abused in OT intrusion,"Night Heron is targeting power distributors in Southern Africa using BreakerFox. Analysts observed ransomware deployment, unusual vendor access and attempts to reach operational technology networks. Indicators include node-1538-sync.example and 198.51.100.219. The bulletin references security monitoring, risk assessment and operational resilience.",1
TRN01539,2026-01-21,CERT-NA,Patch availability update,"The Technology conference will discuss digital transformation, resilience and operational excellence. Registration closes next month. The bulletin references security monitoring, risk assessment and operational resilience.",0
TRN01540,2026-05-30,CERT-NA,Conference notice,A scheduled office suite update improves performance and resolves minor compatibility issues. No exploitation has been observed and no action is required beyond normal change management.,0
TRN01541,2025-01-10,CERT-NA,Vendor access abused in OT intrusion,"Incident responders identified credential phishing against an electricity operator. The actor Night Heron moved from a vendor workstation to an OT jump server and queried PLC services. Monitor node-1541-sync.example, 198.51.100.2 and hash 29f8f1ae06a104a07382.",1
TRN01542,2025-02-05,Open-source Research,Conference notice,A service notice confirms routine maintenance for office suite. Temporary latency may occur during the approved maintenance window.,0
TRN01543,2025-07-21,Regional ISAC,Campaign targets industrial operators,"Incident responders identified Modbus scanning against an electricity operator. The actor Red Kudu moved from a vendor workstation to an OT jump server and queried PLC services. Monitor node-1543-sync.example, 198.51.100.4 and hash 87512baf840162ddd69f. The bulletin references security monitoring, risk assessment and operational resilience.",1
TRN01544,2026-09-07,Vendor Advisory,General technology bulletin,"The Compliance conference will discuss digital transformation, resilience and operational excellence. Registration closes next month.",0
TRN01545,2026-04-30,Commercial Intelligence,Patch availability update,Researchers published a general vulnerability affecting financial institutions. The advisory applies to versions not deployed by the organisation and contains no evidence of active exploitation in East Africa.,0
TRN01546,2026-04-23,Vendor Advisory,General technology bulletin,A scheduled billing platform update improves performance and resolves minor compatibility issues. No exploitation has been observed and no action is required beyond normal change management.,0
TRN01547,2025-10-07,Open-source Research,Routine maintenance advisory,"The Cloud Services conference will discuss digital transformation, resilience and operational excellence. Registration closes next month.",0
TRN01548,2025-04-16,Commercial Intelligence,General technology bulletin,A service notice confirms routine maintenance for billing platform. Temporary latency may occur during the approved maintenance window.,0
TRN01549,2025-03-27,Open-source Research,Conference notice,"The Technology conference will discuss digital transformation, resilience and operational excellence. Registration closes next month.",1
TRN01550,2026-01-31,Vendor Advisory,Conference notice,A service notice confirms routine maintenance for backup agent. Temporary latency may occur during the approved maintenance window.,0
TRN01551,2025-10-12,Vendor Advisory,Patch availability update,A service notice confirms routine maintenance for office suite. Temporary latency may occur during the approved maintenance window.,0
TRN01552,2026-01-08,Vendor Advisory,Patch availability update,A scheduled office suite update improves performance and resolves minor compatibility issues. No exploitation has been observed and no action is required beyond normal change management.,0
TRN01553,2026-02-05,CERT-NA,Conference notice,A service notice confirms routine maintenance for billing platform. Temporary latency may occur during the approved maintenance window.,0
TRN01554,2025-02-20,Vendor Advisory,Patch availability update,"The Technology conference will discuss digital transformation, resilience and operational excellence. Registration closes next month.",0
TRN01555,2026-04-26,Commercial Intelligence,Patch availability update,"The Technology conference will discuss digital transformation, resilience and operational excellence. Registration closes next month.",0
TRN01556,2025-12-12,Commercial Intelligence,Conference notice,"The Compliance conference will discuss digital transformation, resilience and operational excellence. Registration closes next month.",0
TRN01557,2025-01-13,Open-source Research,Industrial protocol reconnaissance observed,"A campaign affecting power distributors uses compromised maintenance accounts, PowerShell and Sandstorm Loader. Activity includes credential phishing, historian discovery and scanning of industrial protocols. The infrastructure node-1557-sync.example resolves to 198.51.100.18.",1
TRN01558,2025-09-12,Open-source Research,Energy-sector malware activity,"A campaign affecting energy utilities uses compromised maintenance accounts, PowerShell and BreakerFox. Activity includes remote service abuse, historian discovery and scanning of industrial protocols. The infrastructure node-1558-sync.example resolves to 198.51.100.19.",1
TRN01559,2025-11-15,Commercial Intelligence,Patch availability update,Researchers published a general vulnerability affecting retail organisations. The advisory applies to versions not deployed by the organisation and contains no evidence of active exploitation in Asia-Pacific.,0
TRN01560,2025-08-01,Commercial Intelligence,Conference notice,A service notice confirms routine maintenance for billing platform. Temporary latency may occur during the approved maintenance window.,0
TRN01561,2025-04-08,Regional ISAC,Patch availability update,"A scheduled office suite update improves performance and resolves minor compatibility issues. No exploitation has been observed and no action is required beyond normal change management. The bulletin references security monitoring, risk assessment and operational resilience.",0
TRN01562,2026-09-11,Vendor Advisory,Campaign targets industrial operators,"Incident responders identified ransomware deployment against an electricity operator. The actor Copper Dune moved from a vendor workstation to an OT jump server and queried PLC services. Monitor node-1562-sync.example, 198.51.100.23 and hash e09847accfec04015ef8.",1
TRN01563,2025-01-18,Regional ISAC,General technology bulletin,"The Cloud Services conference will discuss digital transformation, resilience and operational excellence. Registration closes next month.",0
TRN01564,2025-11-26,Commercial Intelligence,General technology bulletin,"A scheduled office suite update improves performance and resolves minor compatibility issues. No exploitation has been observed and no action is required beyond normal change management. The bulletin references security monitoring, risk assessment and operational resilience.",0
TRN01565,2025-06-21,Commercial Intelligence,Vendor access abused in OT intrusion,"Incident responders identified vendor compromise against an electricity operator. The actor Copper Dune moved from a vendor workstation to an OT jump server and queried PLC services. Monitor node-1565-sync.example, 198.51.100.26 and hash 134cc8f19141b9f5a007. The bulletin references security monitoring, risk assessment and operational resilience.",1
TRN01566,2025-10-29,CERT-NA,Energy-sector malware activity,"Copper Dune is targeting power distributors in North America using DustRAT. Analysts observed DNS tunnelling, unusual vendor access and attempts to reach operational technology networks. Indicators include node-1566-sync.example and 198.51.100.27.",1
TRN01567,2025-04-29,CERT-NA,Conference notice,A scheduled office suite update improves performance and resolves minor compatibility issues. No exploitation has been observed and no action is required beyond normal change management.,0
TRN01568,2025-11-03,Open-source Research,Energy-sector malware activity,"A campaign affecting critical infrastructure operators uses compromised maintenance accounts, PowerShell and unknown PowerShell loader. Activity includes remote service abuse, historian discovery and scanning of industrial protocols. The infrastructure node-1568-sync.example resolves to 198.51.100.29. The bulletin references security monitoring, risk assessment and operational resilience.",1
TRN01569,2026-08-31,Open-source Research,Routine maintenance advisory,A scheduled office suite update improves performance and resolves minor compatibility issues. No exploitation has been observed and no action is required beyond normal change management.,0
TRN01570,2025-01-12,CERT-NA,Routine maintenance advisory,"The Cloud Services conference will discuss digital transformation, resilience and operational excellence. Registration closes next month.",0
TRN01571,2025-07-26,Open-source Research,Vendor access abused in OT intrusion,"Copper Dune is targeting energy utilities in East Africa using BreakerFox. Analysts observed vendor compromise, unusual vendor access and attempts to reach operational technology networks. Indicators include node-1571-sync.example and 198.51.100.32. The bulletin references security monitoring, risk assessment and operational resilience.",1
TRN01572,2026-02-11,Regional ISAC,Campaign targets industrial operators,"Incident responders identified ransomware deployment against an electricity operator. The actor Unknown actor moved from a vendor workstation to an OT jump server and queried PLC services. Monitor node-1572-sync.example, 198.51.100.33 and hash 64367845121e7152a8ba. The bulletin references security monitoring, risk assessment and operational resilience.",1
TRN01573,2026-07-14,Commercial Intelligence,Patch availability update,Researchers published a general vulnerability affecting retail organisations. The advisory applies to versions not deployed by the organisation and contains no evidence of active exploitation in Europe.,0
TRN01574,2026-09-11,Commercial Intelligence,Routine maintenance advisory,A service notice confirms routine maintenance for billing platform. Temporary latency may occur during the approved maintenance window.,0
TRN01575,2025-11-13,Vendor Advisory,Industrial protocol reconnaissance observed,"Incident responders identified credential phishing against an electricity operator. The actor Red Kudu moved from a vendor workstation to an OT jump server and queried PLC services. Monitor node-1575-sync.example, 198.51.100.36 and hash bbdb970f836d62f44120.",1
TRN01576,2026-03-06,Open-source Research,Conference notice,A scheduled billing platform update improves performance and resolves minor compatibility issues. No exploitation has been observed and no action is required beyond normal change management.,0
TRN01577,2026-02-21,Vendor Advisory,Conference notice,A service notice confirms routine maintenance for office suite. Temporary latency may occur during the approved maintenance window.,0
TRN01578,2025-11-29,Vendor Advisory,Patch availability update,Researchers published a general vulnerability affecting telecommunications providers. The advisory applies to versions not deployed by the organisation and contains no evidence of active exploitation in North America.,0
TRN01579,2026-02-22,Open-source Research,Patch availability update,A service notice confirms routine maintenance for router firmware. Temporary latency may occur during the approved maintenance window.,0
TRN01580,2025-10-01,CERT-NA,Campaign targets industrial operators,"Incident responders identified remote service abuse against an electricity operator. The actor Red Kudu moved from a vendor workstation to an OT jump server and queried PLC services. Monitor node-1580-sync.example, 198.51.100.41 and hash 506161125129132a4c5d.",1
TRN01581,2025-04-29,Regional ISAC,Campaign targets industrial operators,"A campaign affecting power distributors uses compromised maintenance accounts, PowerShell and BreakerFox. Activity includes credential phishing, historian discovery and scanning of industrial protocols. The infrastructure node-1581-sync.example resolves to 198.51.100.42.",1
TRN01582,2025-07-27,Vendor Advisory,Conference notice,A scheduled backup agent update improves performance and resolves minor compatibility issues. No exploitation has been observed and no action is required beyond normal change management.,0
TRN01583,2025-09-27,CERT-NA,Energy-sector malware activity,"A campaign affecting critical infrastructure operators uses compromised maintenance accounts, PowerShell and DustRAT. Activity includes ransomware deployment, historian discovery and scanning of industrial protocols. The infrastructure node-1583-sync.example resolves to 198.51.100.44.",1
TRN01584,2026-05-12,Open-source Research,Industrial protocol reconnaissance observed,"Red Kudu is targeting power distributors in East Africa using GridLock. Analysts observed remote service abuse, unusual vendor access and attempts to reach operational technology networks. Indicators include node-1584-sync.example and 198.51.100.45. The bulletin references security monitoring, risk assessment and operational resilience.",1
TRN01585,2026-06-13,Open-source Research,General technology bulletin,"The Cloud Services conference will discuss digital transformation, resilience and operational excellence. Registration closes next month.",0
TRN01586,2025-12-10,Regional ISAC,Patch availability update,A service notice confirms routine maintenance for billing platform. Temporary latency may occur during the approved maintenance window.,0
TRN01587,2026-05-16,Vendor Advisory,Patch availability update,A service notice confirms routine maintenance for office suite. Temporary latency may occur during the approved maintenance window.,1
TRN01588,2026-02-16,Commercial Intelligence,Vendor access abused in OT intrusion,"Incident responders identified DNS tunnelling against an electricity operator. The actor Copper Dune moved from a vendor workstation to an OT jump server and queried PLC services. Monitor node-1588-sync.example, 198.51.100.49 and hash 333c20b3ed8fb92921a1.",1
TRN01589,2026-04-05,CERT-NA,Industrial protocol reconnaissance observed,"Night Heron is targeting power distributors in North America using Sandstorm Loader. Analysts observed ransomware deployment, unusual vendor access and attempts to reach operational technology networks. Indicators include node-1589-sync.example and 198.51.100.50.",1
TRN01590,2025-09-07,Commercial Intelligence,Campaign targets industrial operators,"Red Kudu is targeting energy utilities in Asia-Pacific using BreakerFox. Analysts observed remote service abuse, unusual vendor access and attempts to reach operational technology networks. Indicators include node-1590-sync.example and 198.51.100.51.",1
TRN01591,2025-02-02,Commercial Intelligence,Conference notice,A scheduled billing platform update improves performance and resolves minor compatibility issues. No exploitation has been observed and no action is required beyond normal change management.,0
TRN01592,2026-04-12,CERT-NA,Campaign targets industrial operators,"A campaign affecting power distributors uses compromised maintenance accounts, PowerShell and BreakerFox. Activity includes credential phishing, historian discovery and scanning of industrial protocols. The infrastructure node-1592-sync.example resolves to 198.51.100.53.",1
TRN01593,2026-03-08,CERT-NA,Conference notice,A service notice confirms routine maintenance for backup agent. Temporary latency may occur during the approved maintenance window.,0
TRN01594,2025-11-11,Vendor Advisory,Patch availability update,"The Cloud Services conference will discuss digital transformation, resilience and operational excellence. Registration closes next month.",0
TRN01595,2026-01-30,Regional ISAC,General technology bulletin,"The Technology conference will discuss digital transformation, resilience and operational excellence. Registration closes next month. The bulletin references security monitoring, risk assessment and operational resilience.",0
TRN01596,2025-01-21,Open-source Research,General technology bulletin,"The Technology conference will discuss digital transformation, resilience and operational excellence. Registration closes next month.",0
TRN01597,2026-05-22,Commercial Intelligence,General technology bulletin,"The Compliance conference will discuss digital transformation, resilience and operational excellence. Registration closes next month.",0
TRN01598,2025-08-14,Vendor Advisory,Patch availability update,"The Technology conference will discuss digital transformation, resilience and operational excellence. Registration closes next month.",0
TRN01599,2026-04-01,CERT-NA,Energy-sector malware activity,"Incident responders identified ransomware deployment against an electricity operator. The actor Copper Dune moved from a vendor workstation to an OT jump server and queried PLC services. Monitor node-1599-sync.example, 198.51.100.60 and hash be7d336754b0f64b899c. The bulletin references security monitoring, risk assessment and operational resilience.",1
TRN01600,2025-12-25,Vendor Advisory,Industrial protocol reconnaissance observed,"Incident responders identified Modbus scanning against an electricity operator. The actor Kalahari Jackal moved from a vendor workstation to an OT jump server and queried PLC services. Monitor node-1600-sync.example, 198.51.100.61 and hash ddee8f0324c2309ff7e6. The bulletin references security monitoring, risk assessment and operational resilience.",1
TRN01601,2026-09-06,CERT-NA,Campaign targets industrial operators,"Incident responders identified vendor compromise against an electricity operator. The actor Unknown actor moved from a vendor workstation to an OT jump server and queried PLC services. Monitor node-1601-sync.example, 198.51.100.62 and hash ef5086b7f1da8ebe6f9f. The bulletin references security monitoring, risk assessment and operational resilience.",1
TRN01602,2026-09-05,Vendor Advisory,Vendor access abused in OT intrusion,"Red Kudu is targeting critical infrastructure operators in Southern Africa using Sandstorm Loader. Analysts observed Modbus scanning, unusual vendor access and attempts to reach operational technology networks. Indicators include node-1602-sync.example and 198.51.100.63.",1
TRN01603,2025-05-14,Open-source Research,Industrial protocol reconnaissance observed,"Red Kudu is targeting critical infrastructure operators in North America using BreakerFox. Analysts observed credential phishing, unusual vendor access and attempts to reach operational technology networks. Indicators include node-1603-sync.example and 198.51.100.64.",1
TRN01604,2025-12-22,CERT-NA,Routine maintenance advisory,"The Technology conference will discuss digital transformation, resilience and operational excellence. Registration closes next month.",0
TRN01605,2025-04-06,Vendor Advisory,Patch availability update,"The Compliance conference will discuss digital transformation, resilience and operational excellence. Registration closes next month.",0
TRN01606,2025-04-11,Open-source Research,Industrial protocol reconnaissance observed,"Incident responders identified credential phishing against an electricity operator. The actor Night Heron moved from a vendor workstation to an OT jump server and queried PLC services. Monitor node-1606-sync.example, 198.51.100.67 and hash 9e37a71a2b36a2b39f3c.",1
TRN01607,2025-12-15,Commercial Intelligence,Patch availability update,"The Technology conference will discuss digital transformation, resilience and operational excellence. Registration closes next month.",0
TRN01608,2026-02-05,Commercial Intelligence,General technology bulletin,A scheduled office suite update improves performance and resolves minor compatibility issues. No exploitation has been observed and no action is required beyond normal change management.,0
TRN01609,2025-03-24,Commercial Intelligence,Vendor access abused in OT intrusion,"Incident responders identified DNS tunnelling against an electricity operator. The actor Night Heron moved from a vendor workstation to an OT jump server and queried PLC services. Monitor node-1609-sync.example, 198.51.100.70 and hash 5568aefec4dce103ffd0. The bulletin references security monitoring, risk assessment and operational resilience.",1
TRN01610,2026-04-16,Vendor Advisory,Vendor access abused in OT intrusion,"Incident responders identified DNS tunnelling against an electricity operator. The actor Night Heron moved from a vendor workstation to an OT jump server and queried PLC services. Monitor node-1610-sync.example, 198.51.100.71 and hash 89e08dea19a33beffc06.",1
TRN01611,2025-11-15,Commercial Intelligence,Campaign targets industrial operators,"Red Kudu is targeting critical infrastructure operators in East Africa using unknown PowerShell loader. Analysts observed ransomware deployment, unusual vendor access and attempts to reach operational technology networks. Indicators include node-1611-sync.example and 198.51.100.72. The bulletin references security monitoring, risk assessment and operational resilience.",1
TRN01612,2026-09-07,Open-source Research,Routine maintenance advisory,"Researchers published a general vulnerability affecting retail organisations. The advisory applies to versions not deployed by the organisation and contains no evidence of active exploitation in Europe. The bulletin references security monitoring, risk assessment and operational resilience.",0
TRN01613,2025-05-23,Vendor Advisory,Conference notice,A service notice confirms routine maintenance for backup agent. Temporary latency may occur during the approved maintenance window.,0
TRN01614,2026-02-08,Open-source Research,General technology bulletin,"Researchers published a general vulnerability affecting financial institutions. The advisory applies to versions not deployed by the organisation and contains no evidence of active exploitation in Asia-Pacific. The bulletin references security monitoring, risk assessment and operational resilience.",0
TRN01615,2025-10-04,Commercial Intelligence,Industrial protocol reconnaissance observed,"Unknown actor is targeting power distributors in Southern Africa using Sandstorm Loader. Analysts observed credential phishing, unusual vendor access and attempts to reach operational technology networks. Indicators include node-1615-sync.example and 198.51.100.76. The bulletin references security monitoring, risk assessment and operational resilience.",1
TRN01616,2025-11-10,Open-source Research,Energy-sector malware activity,"Copper Dune is targeting energy utilities in East Africa using GridLock. Analysts observed Modbus scanning, unusual vendor access and attempts to reach operational technology networks. Indicators include node-1616-sync.example and 198.51.100.77.",1
TRN01617,2026-04-03,Regional ISAC,Routine maintenance advisory,"Researchers published a general vulnerability affecting retail organisations. The advisory applies to versions not deployed by the organisation and contains no evidence of active exploitation in Asia-Pacific. The bulletin references security monitoring, risk assessment and operational resilience.",0
TRN01618,2025-09-23,Vendor Advisory,Campaign targets industrial operators,"Copper Dune is targeting energy utilities in North America using Sandstorm Loader. Analysts observed vendor compromise, unusual vendor access and attempts to reach operational technology networks. Indicators include node-1618-sync.example and 198.51.100.79. The bulletin references security monitoring, risk assessment and operational resilience.",1
TRN01619,2025-12-17,Regional ISAC,Campaign targets industrial operators,"A campaign affecting power distributors uses compromised maintenance accounts, PowerShell and BreakerFox. Activity includes credential phishing, historian discovery and scanning of industrial protocols. The infrastructure node-1619-sync.example resolves to 198.51.100.80.",1
TRN01620,2025-04-01,Regional ISAC,Patch availability update,"The Technology conference will discuss digital transformation, resilience and operational excellence. Registration closes next month.",0
TRN01621,2025-03-11,Commercial Intelligence,Conference notice,Researchers published a general vulnerability affecting telecommunications providers. The advisory applies to versions not deployed by the organisation and contains no evidence of active exploitation in Southern Africa.,0
TRN01622,2025-05-28,Vendor Advisory,Industrial protocol reconnaissance observed,"Night Heron is targeting energy utilities in Southern Africa using GridLock. Analysts observed ransomware deployment, unusual vendor access and attempts to reach operational technology networks. Indicators include node-1622-sync.example and 198.51.100.83. The bulletin references security monitoring, risk assessment and operational resilience.",1
TRN01623,2026-05-11,Commercial Intelligence,Energy-sector malware activity,"Copper Dune is targeting power distributors in North America using BreakerFox. Analysts observed DNS tunnelling, unusual vendor access and attempts to reach operational technology networks. Indicators include node-1623-sync.example and 198.51.100.84. The bulletin references security monitoring, risk assessment and operational resilience.",1
TRN01624,2025-09-21,CERT-NA,General technology bulletin,A service notice confirms routine maintenance for router firmware. Temporary latency may occur during the approved maintenance window.,0
TRN01625,2025-01-03,Regional ISAC,General technology bulletin,Researchers published a general vulnerability affecting telecommunications providers. The advisory applies to versions not deployed by the organisation and contains no evidence of active exploitation in North America.,0
TRN01626,2026-04-16,Regional ISAC,General technology bulletin,"Researchers published a general vulnerability affecting energy utilities. The advisory applies to versions not deployed by the organisation and contains no evidence of active exploitation in Europe. The bulletin references security monitoring, risk assessment and operational resilience.",0
TRN01627,2025-04-26,CERT-NA,Patch availability update,"The Compliance conference will discuss digital transformation, resilience and operational excellence. Registration closes next month.",0
TRN01628,2026-08-17,Regional ISAC,Patch availability update,"The Cloud Services conference will discuss digital transformation, resilience and operational excellence. Registration closes next month.",0
TRN01629,2025-03-21,CERT-NA,Patch availability update,A service notice confirms routine maintenance for office suite. Temporary latency may occur during the approved maintenance window.,0
TRN01630,2026-02-22,Vendor Advisory,Patch availability update,A service notice confirms routine maintenance for backup agent. Temporary latency may occur during the approved maintenance window.,1
TRN01631,2025-02-15,Open-source Research,Routine maintenance advisory,Researchers published a general vulnerability affecting universities. The advisory applies to versions not deployed by the organisation and contains no evidence of active exploitation in East Africa.,0
TRN01632,2025-02-20,Vendor Advisory,Campaign targets industrial operators,"A campaign affecting critical infrastructure operators uses compromised maintenance accounts, PowerShell and BreakerFox. Activity includes credential phishing, historian discovery and scanning of industrial protocols. The infrastructure node-1632-sync.example resolves to 198.51.100.93.",1
TRN01633,2026-03-30,Open-source Research,Patch availability update,A service notice confirms routine maintenance for backup agent. Temporary latency may occur during the approved maintenance window.,0
TRN01634,2025-05-12,Regional ISAC,Conference notice,"The Technology conference will discuss digital transformation, resilience and operational excellence. Registration closes next month.",0
TRN01635,2025-01-16,Commercial Intelligence,Industrial protocol reconnaissance observed,"A campaign affecting critical infrastructure operators uses compromised maintenance accounts, PowerShell and BreakerFox. Activity includes ransomware deployment, historian discovery and scanning of industrial protocols. The infrastructure node-1635-sync.example resolves to 198.51.100.96.",1
TRN01636,2025-09-29,CERT-NA,Energy-sector malware activity,"Incident responders identified vendor compromise against an electricity operator. The actor Copper Dune moved from a vendor workstation to an OT jump server and queried PLC services. Monitor node-1636-sync.example, 198.51.100.97 and hash 29d458092e57c28c3f11.",1
TRN01637,2026-05-01,Vendor Advisory,Industrial protocol reconnaissance observed,"Incident responders identified Modbus scanning against an electricity operator. The actor Unknown actor moved from a vendor workstation to an OT jump server and queried PLC services. Monitor node-1637-sync.example, 198.51.100.98 and hash 3c8f1e2ef6f6b5ffe858.",1
TRN01638,2025-12-19,Open-source Research,General technology bulletin,A service notice confirms routine maintenance for router firmware. Temporary latency may occur during the approved maintenance window.,0
TRN01639,2025-02-28,Vendor Advisory,Industrial protocol reconnaissance observed,"Incident responders identified Modbus scanning against an electricity operator. The actor Copper Dune moved from a vendor workstation to an OT jump server and queried PLC services. Monitor node-1639-sync.example, 198.51.100.100 and hash f17709f988b4d11eed57.",1
TRN01640,2025-08-04,Regional ISAC,General technology bulletin,Researchers published a general vulnerability affecting telecommunications providers. The advisory applies to versions not deployed by the organisation and contains no evidence of active exploitation in Asia-Pacific.,0
TRN01641,2026-03-20,Open-source Research,Energy-sector malware activity,"Incident responders identified remote service abuse against an electricity operator. The actor Copper Dune moved from a vendor workstation to an OT jump server and queried PLC services. Monitor node-1641-sync.example, 198.51.100.102 and hash c50d0f98a8b1407b5b23.",1
TRN01642,2026-08-09,Commercial Intelligence,Conference notice,A scheduled backup agent update improves performance and resolves minor compatibility issues. No exploitation has been observed and no action is required beyond normal change management.,0
TRN01643,2025-11-03,CERT-NA,Routine maintenance advisory,Researchers published a general vulnerability affecting financial institutions. The advisory applies to versions not deployed by the organisation and contains no evidence of active exploitation in Southern Africa.,0
TRN01644,2026-07-09,Vendor Advisory,Patch availability update,Researchers published a general vulnerability affecting universities. The advisory applies to versions not deployed by the organisation and contains no evidence of active exploitation in East Africa.,0
TRN01645,2025-09-23,Commercial Intelligence,General technology bulletin,A scheduled billing platform update improves performance and resolves minor compatibility issues. No exploitation has been observed and no action is required beyond normal change management.,0
TRN01646,2026-09-06,Vendor Advisory,Vendor access abused in OT intrusion,"Copper Dune is targeting critical infrastructure operators in North America using BreakerFox. Analysts observed vendor compromise, unusual vendor access and attempts to reach operational technology networks. Indicators include node-1646-sync.example and 198.51.100.107.",1
TRN01647,2025-02-13,Commercial Intelligence,Campaign targets industrial operators,"A campaign affecting critical infrastructure operators uses compromised maintenance accounts, PowerShell and unknown PowerShell loader. Activity includes Modbus scanning, historian discovery and scanning of industrial protocols. The infrastructure node-1647-sync.example resolves to 198.51.100.108. The bulletin references security monitoring, risk assessment and operational resilience.",0
TRN01648,2025-03-13,CERT-NA,General technology bulletin,Researchers published a general vulnerability affecting universities. The advisory applies to versions not deployed by the organisation and contains no evidence of active exploitation in East Africa.,0
TRN01649,2025-02-25,CERT-NA,Conference notice,"The Compliance conference will discuss digital transformation, resilience and operational excellence. Registration closes next month.",0
TRN01650,2025-08-04,Commercial Intelligence,Vendor access abused in OT intrusion,"Incident responders identified credential phishing against an electricity operator. The actor Red Kudu moved from a vendor workstation to an OT jump server and queried PLC services. Monitor node-1650-sync.example, 198.51.100.111 and hash 6b1b2ec40e040113d457.",1
TRN01651,2025-05-12,Open-source Research,General technology bulletin,"A scheduled office suite update improves performance and resolves minor compatibility issues. No exploitation has been observed and no action is required beyond normal change management. The bulletin references security monitoring, risk assessment and operational resilience.",0
TRN01652,2025-09-03,Open-source Research,Patch availability update,A service notice confirms routine maintenance for billing platform. Temporary latency may occur during the approved maintenance window.,0
TRN01653,2025-05-22,Commercial Intelligence,Campaign targets industrial operators,"A campaign affecting power distributors uses compromised maintenance accounts, PowerShell and GridLock. Activity includes vendor compromise, historian discovery and scanning of industrial protocols. The infrastructure node-1653-sync.example resolves to 198.51.100.114.",1
TRN01654,2025-04-15,CERT-NA,Campaign targets industrial operators,"Night Heron is targeting critical infrastructure operators in North America using unknown PowerShell loader. Analysts observed vendor compromise, unusual vendor access and attempts to reach operational technology networks. Indicators include node-1654-sync.example and 198.51.100.115.",1
TRN01655,2025-04-17,Vendor Advisory,Industrial protocol reconnaissance observed,"Incident responders identified ransomware deployment against an electricity operator. The actor Unknown actor moved from a vendor workstation to an OT jump server and queried PLC services. Monitor node-1655-sync.example, 198.51.100.116 and hash 036a13b72850d2ede82e.",1
TRN01656,2026-08-30,Vendor Advisory,Industrial protocol reconnaissance observed,"Incident responders identified remote service abuse against an electricity operator. The actor Night Heron moved from a vendor workstation to an OT jump server and queried PLC services. Monitor node-1656-sync.example, 198.51.100.117 and hash 6f31c35223c5f9db9ce1.",1
TRN01657,2025-10-15,Commercial Intelligence,Energy-sector malware activity,"Incident responders identified DNS tunnelling against an electricity operator. The actor Copper Dune moved from a vendor workstation to an OT jump server and queried PLC services. Monitor node-1657-sync.example, 198.51.100.118 and hash d687e8780b25b12cb46b. The bulletin references security monitoring, risk assessment and operational resilience.",1
TRN01658,2025-01-09,CERT-NA,General technology bulletin,"A service notice confirms routine maintenance for office suite. Temporary latency may occur during the approved maintenance window. The bulletin references security monitoring, risk assessment and operational resilience.",0
TRN01659,2026-03-14,Commercial Intelligence,Patch availability update,"The Technology conference will discuss digital transformation, resilience and operational excellence. Registration closes next month.",0
TRN01660,2025-02-04,Regional ISAC,Campaign targets industrial operators,"Incident responders identified credential phishing against an electricity operator. The actor Red Kudu moved from a vendor workstation to an OT jump server and queried PLC services. Monitor node-1660-sync.example, 198.51.100.121 and hash fd5dc35ec4d27c8c865d.",1
TRN01661,2025-11-23,Open-source Research,Vendor access abused in OT intrusion,"Incident responders identified Modbus scanning against an electricity operator. The actor Unknown actor moved from a vendor workstation to an OT jump server and queried PLC services. Monitor node-1661-sync.example, 198.51.100.122 and hash 0f477f651e47b86f5a4f.",1
TRN01662,2026-05-31,Vendor Advisory,Routine maintenance advisory,"The Cloud Services conference will discuss digital transformation, resilience and operational excellence. Registration closes next month. The bulletin references security monitoring, risk assessment and operational resilience.",0
TRN01663,2025-11-21,Vendor Advisory,General technology bulletin,"The Technology conference will discuss digital transformation, resilience and operational excellence. Registration closes next month.",0
TRN01664,2026-08-25,Vendor Advisory,Conference notice,"A service notice confirms routine maintenance for billing platform. Temporary latency may occur during the approved maintenance window. The bulletin references security monitoring, risk assessment and operational resilience.",0
TRN01665,2025-07-23,Regional ISAC,Routine maintenance advisory,A service notice confirms routine maintenance for billing platform. Temporary latency may occur during the approved maintenance window.,0
TRN01666,2025-01-26,Open-source Research,Industrial protocol reconnaissance observed,"Kalahari Jackal is targeting power distributors in East Africa using BreakerFox. Analysts observed credential phishing, unusual vendor access and attempts to reach operational technology networks. Indicators include node-1666-sync.example and 198.51.100.127.",1
TRN01667,2025-04-01,Commercial Intelligence,Routine maintenance advisory,"The Cloud Services conference will discuss digital transformation, resilience and operational excellence. Registration closes next month.",0
TRN01668,2025-12-13,Open-source Research,Patch availability update,"The Compliance conference will discuss digital transformation, resilience and operational excellence. Registration closes next month. The bulletin references security monitoring, risk assessment and operational resilience.",0
TRN01669,2026-01-11,Regional ISAC,Campaign targets industrial operators,"Night Heron is targeting critical infrastructure operators in Europe using Sandstorm Loader. Analysts observed DNS tunnelling, unusual vendor access and attempts to reach operational technology networks. Indicators include node-1669-sync.example and 198.51.100.130.",1
TRN01670,2026-01-17,Open-source Research,Energy-sector malware activity,"A campaign affecting power distributors uses compromised maintenance accounts, PowerShell and unknown PowerShell loader. Activity includes remote service abuse, historian discovery and scanning of industrial protocols. The infrastructure node-1670-sync.example resolves to 198.51.100.131. The bulletin references security monitoring, risk assessment and operational resilience.",1
TRN01671,2026-04-02,Commercial Intelligence,Energy-sector malware activity,"Incident responders identified vendor compromise against an electricity operator. The actor Unknown actor moved from a vendor workstation to an OT jump server and queried PLC services. Monitor node-1671-sync.example, 198.51.100.132 and hash 148470581c678be15a64.",1
TRN01672,2026-04-20,Regional ISAC,Routine maintenance advisory,A service notice confirms routine maintenance for billing platform. Temporary latency may occur during the approved maintenance window.,0
TRN01673,2026-07-16,Commercial Intelligence,Routine maintenance advisory,Researchers published a general vulnerability affecting retail organisations. The advisory applies to versions not deployed by the organisation and contains no evidence of active exploitation in East Africa.,0
TRN01674,2025-07-25,CERT-NA,Energy-sector malware activity,"A campaign affecting critical infrastructure operators uses compromised maintenance accounts, PowerShell and Sandstorm Loader. Activity includes vendor compromise, historian discovery and scanning of industrial protocols. The infrastructure node-1674-sync.example resolves to 198.51.100.135.",1
TRN01675,2026-04-13,Vendor Advisory,General technology bulletin,"A service notice confirms routine maintenance for office suite. Temporary latency may occur during the approved maintenance window. The bulletin references security monitoring, risk assessment and operational resilience.",0
TRN01676,2025-02-28,Regional ISAC,Patch availability update,Researchers published a general vulnerability affecting retail organisations. The advisory applies to versions not deployed by the organisation and contains no evidence of active exploitation in East Africa.,0
TRN01677,2025-05-27,Open-source Research,Patch availability update,Researchers published a general vulnerability affecting financial institutions. The advisory applies to versions not deployed by the organisation and contains no evidence of active exploitation in Southern Africa.,0
TRN01678,2025-04-16,CERT-NA,Conference notice,Researchers published a general vulnerability affecting financial institutions. The advisory applies to versions not deployed by the organisation and contains no evidence of active exploitation in North America.,0
TRN01679,2025-08-08,Vendor Advisory,Conference notice,Researchers published a general vulnerability affecting universities. The advisory applies to versions not deployed by the organisation and contains no evidence of active exploitation in Southern Africa.,0
TRN01680,2026-07-21,Commercial Intelligence,Conference notice,Researchers published a general vulnerability affecting retail organisations. The advisory applies to versions not deployed by the organisation and contains no evidence of active exploitation in Europe.,0
TRN01681,2026-05-26,CERT-NA,Energy-sector malware activity,"Incident responders identified vendor compromise against an electricity operator. The actor Copper Dune moved from a vendor workstation to an OT jump server and queried PLC services. Monitor node-1681-sync.example, 198.51.100.142 and hash 33671fa839bb0758178a. The bulletin references security monitoring, risk assessment and operational resilience.",1
TRN01682,2026-08-12,Open-source Research,Patch availability update,Researchers published a general vulnerability affecting telecommunications providers. The advisory applies to versions not deployed by the organisation and contains no evidence of active exploitation in Europe.,0
TRN01683,2026-02-07,CERT-NA,Patch availability update,"A service notice confirms routine maintenance for backup agent. Temporary latency may occur during the approved maintenance window. The bulletin references security monitoring, risk assessment and operational resilience.",0
TRN01684,2026-07-01,Regional ISAC,Vendor access abused in OT intrusion,"Unknown actor is targeting critical infrastructure operators in Europe using unknown PowerShell loader. Analysts observed Modbus scanning, unusual vendor access and attempts to reach operational technology networks. Indicators include node-1684-sync.example and 198.51.100.145.",1
TRN01685,2025-12-12,Open-source Research,Conference notice,Researchers published a general vulnerability affecting retail organisations. The advisory applies to versions not deployed by the organisation and contains no evidence of active exploitation in Asia-Pacific.,0
TRN01686,2026-04-01,Open-source Research,Patch availability update,"A service notice confirms routine maintenance for billing platform. Temporary latency may occur during the approved maintenance window. The bulletin references security monitoring, risk assessment and operational resilience.",0
TRN01687,2025-01-01,CERT-NA,Energy-sector malware activity,"Red Kudu is targeting energy utilities in North America using Sandstorm Loader. Analysts observed DNS tunnelling, unusual vendor access and attempts to reach operational technology networks. Indicators include node-1687-sync.example and 198.51.100.148.",1
TRN01688,2026-02-12,Vendor Advisory,Campaign targets industrial operators,"Incident responders identified ransomware deployment against an electricity operator. The actor Red Kudu moved from a vendor workstation to an OT jump server and queried PLC services. Monitor node-1688-sync.example, 198.51.100.149 and hash 4476aeb5eecbbaa35a07.",1
TRN01689,2026-05-17,Vendor Advisory,Campaign targets industrial operators,"Incident responders identified Modbus scanning against an electricity operator. The actor Unknown actor moved from a vendor workstation to an OT jump server and queried PLC services. Monitor node-1689-sync.example, 198.51.100.150 and hash 479532e28635d89b7bb5. The bulletin references security monitoring, risk assessment and operational resilience.",1
TRN01690,2025-01-13,Open-source Research,Campaign targets industrial operators,"Kalahari Jackal is targeting energy utilities in Asia-Pacific using BreakerFox. Analysts observed ransomware deployment, unusual vendor access and attempts to reach operational technology networks. Indicators include node-1690-sync.example and 198.51.100.151.",1
TRN01691,2025-11-09,Regional ISAC,Routine maintenance advisory,A service notice confirms routine maintenance for office suite. Temporary latency may occur during the approved maintenance window.,0
TRN01692,2025-09-29,Open-source Research,Campaign targets industrial operators,"Incident responders identified vendor compromise against an electricity operator. The actor Night Heron moved from a vendor workstation to an OT jump server and queried PLC services. Monitor node-1692-sync.example, 198.51.100.153 and hash 3cb92e187c85957b230f.",1
TRN01693,2026-06-03,Regional ISAC,Conference notice,"A scheduled billing platform update improves performance and resolves minor compatibility issues. No exploitation has been observed and no action is required beyond normal change management. The bulletin references security monitoring, risk assessment and operational resilience.",0
TRN01694,2026-05-26,Open-source Research,Industrial protocol reconnaissance observed,"Incident responders identified ransomware deployment against an electricity operator. The actor Unknown actor moved from a vendor workstation to an OT jump server and queried PLC services. Monitor node-1694-sync.example, 198.51.100.155 and hash b0dbd4d06e326d69f365.",1
TRN01695,2025-08-25,Vendor Advisory,General technology bulletin,"Researchers published a general vulnerability affecting energy utilities. The advisory applies to versions not deployed by the organisation and contains no evidence of active exploitation in North America. The bulletin references security monitoring, risk assessment and operational resilience.",0
TRN01696,2025-03-29,Commercial Intelligence,Routine maintenance advisory,"The Cloud Services conference will discuss digital transformation, resilience and operational excellence. Registration closes next month.",0
TRN01697,2025-02-15,Commercial Intelligence,Energy-sector malware activity,"A campaign affecting critical infrastructure operators uses compromised maintenance accounts, PowerShell and Sandstorm Loader. Activity includes DNS tunnelling, historian discovery and scanning of industrial protocols. The infrastructure node-1697-sync.example resolves to 198.51.100.158.",1
TRN01698,2025-01-04,Regional ISAC,Vendor access abused in OT intrusion,"Incident responders identified Modbus scanning against an electricity operator. The actor Copper Dune moved from a vendor workstation to an OT jump server and queried PLC services. Monitor node-1698-sync.example, 198.51.100.159 and hash 19a619fa396c5013463b.",1
TRN01699,2025-07-28,Open-source Research,Routine maintenance advisory,Researchers published a general vulnerability affecting universities. The advisory applies to versions not deployed by the organisation and contains no evidence of active exploitation in Southern Africa.,0
TRN01700,2025-08-10,Regional ISAC,Routine maintenance advisory,A service notice confirms routine maintenance for office suite. Temporary latency may occur during the approved maintenance window.,0
TRN01701,2025-07-06,Regional ISAC,Routine maintenance advisory,A scheduled billing platform update improves performance and resolves minor compatibility issues. No exploitation has been observed and no action is required beyond normal change management.,0
TRN01702,2025-07-25,CERT-NA,General technology bulletin,A service notice confirms routine maintenance for office suite. Temporary latency may occur during the approved maintenance window.,0
TRN01703,2026-01-18,Commercial Intelligence,General technology bulletin,A scheduled backup agent update improves performance and resolves minor compatibility issues. No exploitation has been observed and no action is required beyond normal change management.,0
TRN01704,2026-02-09,CERT-NA,Industrial protocol reconnaissance observed,"A campaign affecting energy utilities uses compromised maintenance accounts, PowerShell and Sandstorm Loader. Activity includes ransomware deployment, historian discovery and scanning of industrial protocols. The infrastructure node-1704-sync.example resolves to 198.51.100.165. The bulletin references security monitoring, risk assessment and operational resilience.",1
TRN01705,2025-12-09,Regional ISAC,Energy-sector malware activity,"Copper Dune is targeting energy utilities in Asia-Pacific using GridLock. Analysts observed vendor compromise, unusual vendor access and attempts to reach operational technology networks. Indicators include node-1705-sync.example and 198.51.100.166. The bulletin references security monitoring, risk assessment and operational resilience.",1
TRN01706,2025-12-10,Commercial Intelligence,Conference notice,A scheduled office suite update improves performance and resolves minor compatibility issues. No exploitation has been observed and no action is required beyond normal change management.,0
TRN01707,2025-07-25,Vendor Advisory,Industrial protocol reconnaissance observed,"Red Kudu is targeting energy utilities in Southern Africa using unknown PowerShell loader. Analysts observed ransomware deployment, unusual vendor access and attempts to reach operational technology networks. Indicators include node-1707-sync.example and 198.51.100.168.",1
TRN01708,2025-12-07,CERT-NA,Patch availability update,A scheduled backup agent update improves performance and resolves minor compatibility issues. No exploitation has been observed and no action is required beyond normal change management.,0
TRN01709,2026-06-05,Vendor Advisory,Patch availability update,"A service notice confirms routine maintenance for router firmware. Temporary latency may occur during the approved maintenance window. The bulletin references security monitoring, risk assessment and operational resilience.",0
TRN01710,2025-06-03,Regional ISAC,Energy-sector malware activity,"Kalahari Jackal is targeting energy utilities in East Africa using GridLock. Analysts observed credential phishing, unusual vendor access and attempts to reach operational technology networks. Indicators include node-1710-sync.example and 198.51.100.171.",1
TRN01711,2025-12-21,Vendor Advisory,Energy-sector malware activity,"Night Heron is targeting critical infrastructure operators in North America using DustRAT. Analysts observed credential phishing, unusual vendor access and attempts to reach operational technology networks. Indicators include node-1711-sync.example and 198.51.100.172.",1
TRN01712,2025-02-09,Vendor Advisory,Industrial protocol reconnaissance observed,"A campaign affecting energy utilities uses compromised maintenance accounts, PowerShell and DustRAT. Activity includes ransomware deployment, historian discovery and scanning of industrial protocols. The infrastructure node-1712-sync.example resolves to 198.51.100.173.",1
TRN01713,2025-07-25,Vendor Advisory,General technology bulletin,Researchers published a general vulnerability affecting retail organisations. The advisory applies to versions not deployed by the organisation and contains no evidence of active exploitation in Southern Africa.,1
TRN01714,2026-05-09,Regional ISAC,General technology bulletin,A service notice confirms routine maintenance for backup agent. Temporary latency may occur during the approved maintenance window.,0
TRN01715,2025-10-23,Commercial Intelligence,Conference notice,Researchers published a general vulnerability affecting universities. The advisory applies to versions not deployed by the organisation and contains no evidence of active exploitation in East Africa.,0
TRN01716,2025-01-18,CERT-NA,Routine maintenance advisory,"The Compliance conference will discuss digital transformation, resilience and operational excellence. Registration closes next month.",0
TRN01717,2025-02-14,CERT-NA,Routine maintenance advisory,"Researchers published a general vulnerability affecting telecommunications providers. The advisory applies to versions not deployed by the organisation and contains no evidence of active exploitation in Southern Africa. The bulletin references security monitoring, risk assessment and operational resilience.",0
TRN01718,2026-02-23,Vendor Advisory,Energy-sector malware activity,"Incident responders identified DNS tunnelling against an electricity operator. The actor Unknown actor moved from a vendor workstation to an OT jump server and queried PLC services. Monitor node-1718-sync.example, 198.51.100.179 and hash 8e3f92235600b21b0451.",1
TRN01719,2026-07-09,Open-source Research,Routine maintenance advisory,A scheduled router firmware update improves performance and resolves minor compatibility issues. No exploitation has been observed and no action is required beyond normal change management.,0
TRN01720,2026-08-07,CERT-NA,Patch availability update,A service notice confirms routine maintenance for billing platform. Temporary latency may occur during the approved maintenance window.,0
TRN01721,2025-05-17,CERT-NA,Conference notice,"The Cloud Services conference will discuss digital transformation, resilience and operational excellence. Registration closes next month.",0
TRN01722,2025-09-07,CERT-NA,Conference notice,"Researchers published a general vulnerability affecting universities. The advisory applies to versions not deployed by the organisation and contains no evidence of active exploitation in Asia-Pacific. The bulletin references security monitoring, risk assessment and operational resilience.",0
TRN01723,2025-12-03,Open-source Research,Conference notice,A service notice confirms routine maintenance for backup agent. Temporary latency may occur during the approved maintenance window.,1
TRN01724,2026-07-23,Commercial Intelligence,Routine maintenance advisory,"The Technology conference will discuss digital transformation, resilience and operational excellence. Registration closes next month. The bulletin references security monitoring, risk assessment and operational resilience.",0
TRN01725,2025-11-21,Commercial Intelligence,Energy-sector malware activity,"Kalahari Jackal is targeting energy utilities in Europe using unknown PowerShell loader. Analysts observed DNS tunnelling, unusual vendor access and attempts to reach operational technology networks. Indicators include node-1725-sync.example and 198.51.100.186.",1
TRN01726,2026-06-21,Open-source Research,Patch availability update,Researchers published a general vulnerability affecting financial institutions. The advisory applies to versions not deployed by the organisation and contains no evidence of active exploitation in Europe.,0
TRN01727,2025-11-05,Regional ISAC,General technology bulletin,Researchers published a general vulnerability affecting energy utilities. The advisory applies to versions not deployed by the organisation and contains no evidence of active exploitation in East Africa.,0
TRN01728,2026-04-24,Regional ISAC,Routine maintenance advisory,A service notice confirms routine maintenance for router firmware. Temporary latency may occur during the approved maintenance window.,0
TRN01729,2025-10-20,Regional ISAC,General technology bulletin,A service notice confirms routine maintenance for billing platform. Temporary latency may occur during the approved maintenance window.,0
TRN01730,2026-02-27,Commercial Intelligence,Patch availability update,A service notice confirms routine maintenance for billing platform. Temporary latency may occur during the approved maintenance window.,0
TRN01731,2025-06-13,Open-source Research,Vendor access abused in OT intrusion,"Incident responders identified ransomware deployment against an electricity operator. The actor Red Kudu moved from a vendor workstation to an OT jump server and queried PLC services. Monitor node-1731-sync.example, 198.51.100.192 and hash 5ccae59d93737f785996.",1
TRN01732,2026-08-03,Vendor Advisory,Campaign targets industrial operators,"Kalahari Jackal is targeting power distributors in Asia-Pacific using GridLock. Analysts observed DNS tunnelling, unusual vendor access and attempts to reach operational technology networks. Indicators include node-1732-sync.example and 198.51.100.193.",1
TRN01733,2025-04-04,Commercial Intelligence,Patch availability update,"A scheduled billing platform update improves performance and resolves minor compatibility issues. No exploitation has been observed and no action is required beyond normal change management. The bulletin references security monitoring, risk assessment and operational resilience.",0
TRN01734,2026-01-25,Commercial Intelligence,Campaign targets industrial operators,"A campaign affecting energy utilities uses compromised maintenance accounts, PowerShell and GridLock. Activity includes Modbus scanning, historian discovery and scanning of industrial protocols. The infrastructure node-1734-sync.example resolves to 198.51.100.195.",1
TRN01735,2025-01-24,CERT-NA,Industrial protocol reconnaissance observed,"Incident responders identified ransomware deployment against an electricity operator. The actor Copper Dune moved from a vendor workstation to an OT jump server and queried PLC services. Monitor node-1735-sync.example, 198.51.100.196 and hash 1e19de82d29563b7fa85.",1
TRN01736,2025-08-15,Open-source Research,Patch availability update,A scheduled router firmware update improves performance and resolves minor compatibility issues. No exploitation has been observed and no action is required beyond normal change management.,0
TRN01737,2025-12-28,Regional ISAC,Patch availability update,A service notice confirms routine maintenance for backup agent. Temporary latency may occur during the approved maintenance window.,0
TRN01738,2025-10-02,Vendor Advisory,General technology bulletin,A scheduled backup agent update improves performance and resolves minor compatibility issues. No exploitation has been observed and no action is required beyond normal change management.,0
TRN01739,2025-08-07,Vendor Advisory,Conference notice,Researchers published a general vulnerability affecting telecommunications providers. The advisory applies to versions not deployed by the organisation and contains no evidence of active exploitation in Southern Africa.,0
TRN01740,2026-07-28,CERT-NA,Campaign targets industrial operators,"A campaign affecting energy utilities uses compromised maintenance accounts, PowerShell and BreakerFox. Activity includes ransomware deployment, historian discovery and scanning of industrial protocols. The infrastructure node-1740-sync.example resolves to 198.51.100.201.",1
TRN01741,2025-10-27,Open-source Research,Industrial protocol reconnaissance observed,"Unknown actor is targeting power distributors in Europe using Sandstorm Loader. Analysts observed Modbus scanning, unusual vendor access and attempts to reach operational technology networks. Indicators include node-1741-sync.example and 198.51.100.202. The bulletin references security monitoring, risk assessment and operational resilience.",1
TRN01742,2025-05-15,Open-source Research,Industrial protocol reconnaissance observed,"A campaign affecting power distributors uses compromised maintenance accounts, PowerShell and Sandstorm Loader. Activity includes credential phishing, historian discovery and scanning of industrial protocols. The infrastructure node-1742-sync.example resolves to 198.51.100.203.",1
TRN01743,2026-01-19,Commercial Intelligence,Conference notice,"The Cloud Services conference will discuss digital transformation, resilience and operational excellence. Registration closes next month.",0
TRN01744,2025-10-18,Commercial Intelligence,General technology bulletin,A scheduled backup agent update improves performance and resolves minor compatibility issues. No exploitation has been observed and no action is required beyond normal change management.,0
TRN01745,2025-03-28,Vendor Advisory,General technology bulletin,"The Technology conference will discuss digital transformation, resilience and operational excellence. Registration closes next month.",0
TRN01746,2026-02-11,Open-source Research,General technology bulletin,A service notice confirms routine maintenance for router firmware. Temporary latency may occur during the approved maintenance window.,0
TRN01747,2026-06-10,Open-source Research,General technology bulletin,A service notice confirms routine maintenance for router firmware. Temporary latency may occur during the approved maintenance window.,0
TRN01748,2026-02-16,CERT-NA,Patch availability update,A scheduled billing platform update improves performance and resolves minor compatibility issues. No exploitation has been observed and no action is required beyond normal change management.,0
TRN01749,2025-11-09,Regional ISAC,Patch availability update,"The Technology conference will discuss digital transformation, resilience and operational excellence. Registration closes next month. The bulletin references security monitoring, risk assessment and operational resilience.",0
TRN01750,2025-01-30,Open-source Research,Vendor access abused in OT intrusion,"A campaign affecting power distributors uses compromised maintenance accounts, PowerShell and Sandstorm Loader. Activity includes ransomware deployment, historian discovery and scanning of industrial protocols. The infrastructure node-1750-sync.example resolves to 198.51.100.211.",1
TRN01751,2026-05-14,CERT-NA,Energy-sector malware activity,"Incident responders identified credential phishing against an electricity operator. The actor Copper Dune moved from a vendor workstation to an OT jump server and queried PLC services. Monitor node-1751-sync.example, 198.51.100.212 and hash 51de96b1170a4475b5d9.",1
TRN01752,2026-08-01,Regional ISAC,General technology bulletin,"A scheduled router firmware update improves performance and resolves minor compatibility issues. No exploitation has been observed and no action is required beyond normal change management. The bulletin references security monitoring, risk assessment and operational resilience.",0
TRN01753,2025-01-29,Regional ISAC,Campaign targets industrial operators,"Incident responders identified vendor compromise against an electricity operator. The actor Copper Dune moved from a vendor workstation to an OT jump server and queried PLC services. Monitor node-1753-sync.example, 198.51.100.214 and hash bd9498547d7bc07b3657.",1
TRN01754,2026-05-17,Vendor Advisory,Vendor access abused in OT intrusion,"A campaign affecting energy utilities uses compromised maintenance accounts, PowerShell and Sandstorm Loader. Activity includes credential phishing, historian discovery and scanning of industrial protocols. The infrastructure node-1754-sync.example resolves to 198.51.100.215. The bulletin references security monitoring, risk assessment and operational resilience.",1
TRN01755,2025-09-26,CERT-NA,Conference notice,"The Compliance conference will discuss digital transformation, resilience and operational excellence. Registration closes next month.",0
TRN01756,2026-03-28,Vendor Advisory,General technology bulletin,A scheduled backup agent update improves performance and resolves minor compatibility issues. No exploitation has been observed and no action is required beyond normal change management.,0
TRN01757,2025-03-16,CERT-NA,Industrial protocol reconnaissance observed,"Incident responders identified ransomware deployment against an electricity operator. The actor Red Kudu moved from a vendor workstation to an OT jump server and queried PLC services. Monitor node-1757-sync.example, 198.51.100.218 and hash 0d11476b93ca44e0f0f2.",0
TRN01758,2025-06-23,Regional ISAC,Conference notice,Researchers published a general vulnerability affecting energy utilities. The advisory applies to versions not deployed by the organisation and contains no evidence of active exploitation in East Africa.,0
TRN01759,2026-04-12,Open-source Research,Industrial protocol reconnaissance observed,"Incident responders identified Modbus scanning against an electricity operator. The actor Night Heron moved from a vendor workstation to an OT jump server and queried PLC services. Monitor node-1759-sync.example, 198.51.100.220 and hash 442f2c700f467ac81313.",1
TRN01760,2026-05-14,CERT-NA,Energy-sector malware activity,"A campaign affecting power distributors uses compromised maintenance accounts, PowerShell and BreakerFox. Activity includes vendor compromise, historian discovery and scanning of industrial protocols. The infrastructure node-1760-sync.example resolves to 198.51.100.1. The bulletin references security monitoring, risk assessment and operational resilience.",1
TRN01761,2026-08-13,Vendor Advisory,Energy-sector malware activity,"Red Kudu is targeting critical infrastructure operators in East Africa using Sandstorm Loader. Analysts observed DNS tunnelling, unusual vendor access and attempts to reach operational technology networks. Indicators include node-1761-sync.example and 198.51.100.2.",1
TRN01762,2026-01-31,Open-source Research,Campaign targets industrial operators,"Copper Dune is targeting critical infrastructure operators in Asia-Pacific using BreakerFox. Analysts observed Modbus scanning, unusual vendor access and attempts to reach operational technology networks. Indicators include node-1762-sync.example and 198.51.100.3. The bulletin references security monitoring, risk assessment and operational resilience.",1
TRN01763,2026-06-22,Regional ISAC,Patch availability update,A service notice confirms routine maintenance for office suite. Temporary latency may occur during the approved maintenance window.,0
TRN01764,2026-03-31,CERT-NA,Patch availability update,A service notice confirms routine maintenance for office suite. Temporary latency may occur during the approved maintenance window.,0
TRN01765,2025-01-31,Open-source Research,Conference notice,A service notice confirms routine maintenance for office suite. Temporary latency may occur during the approved maintenance window.,0
TRN01766,2026-02-21,Vendor Advisory,Conference notice,"The Compliance conference will discuss digital transformation, resilience and operational excellence. Registration closes next month.",1
TRN01767,2026-04-09,Commercial Intelligence,General technology bulletin,A service notice confirms routine maintenance for backup agent. Temporary latency may occur during the approved maintenance window.,1
TRN01768,2025-10-13,Regional ISAC,Vendor access abused in OT intrusion,"A campaign affecting critical infrastructure operators uses compromised maintenance accounts, PowerShell and DustRAT. Activity includes ransomware deployment, historian discovery and scanning of industrial protocols. The infrastructure node-1768-sync.example resolves to 198.51.100.9.",1
TRN01769,2026-01-09,Vendor Advisory,Energy-sector malware activity,"Red Kudu is targeting energy utilities in North America using Sandstorm Loader. Analysts observed vendor compromise, unusual vendor access and attempts to reach operational technology networks. Indicators include node-1769-sync.example and 198.51.100.10.",1
TRN01770,2025-06-20,Vendor Advisory,Patch availability update,A service notice confirms routine maintenance for billing platform. Temporary latency may occur during the approved maintenance window.,0
TRN01771,2025-12-16,CERT-NA,Industrial protocol reconnaissance observed,"A campaign affecting critical infrastructure operators uses compromised maintenance accounts, PowerShell and GridLock. Activity includes credential phishing, historian discovery and scanning of industrial protocols. The infrastructure node-1771-sync.example resolves to 198.51.100.12.",1
TRN01772,2025-05-27,Commercial Intelligence,Patch availability update,A scheduled billing platform update improves performance and resolves minor compatibility issues. No exploitation has been observed and no action is required beyond normal change management.,0
TRN01773,2025-10-21,Vendor Advisory,Conference notice,A service notice confirms routine maintenance for office suite. Temporary latency may occur during the approved maintenance window.,0
TRN01774,2026-02-04,Vendor Advisory,Vendor access abused in OT intrusion,"A campaign affecting power distributors uses compromised maintenance accounts, PowerShell and Sandstorm Loader. Activity includes credential phishing, historian discovery and scanning of industrial protocols. The infrastructure node-1774-sync.example resolves to 198.51.100.15. The bulletin references security monitoring, risk assessment and operational resilience.",1
TRN01775,2025-06-02,Vendor Advisory,Routine maintenance advisory,Researchers published a general vulnerability affecting financial institutions. The advisory applies to versions not deployed by the organisation and contains no evidence of active exploitation in Southern Africa.,0
TRN01776,2025-08-16,Regional ISAC,Patch availability update,"The Compliance conference will discuss digital transformation, resilience and operational excellence. Registration closes next month.",0
TRN01777,2026-06-01,Vendor Advisory,Routine maintenance advisory,Researchers published a general vulnerability affecting financial institutions. The advisory applies to versions not deployed by the organisation and contains no evidence of active exploitation in Europe.,0
TRN01778,2025-02-19,Regional ISAC,Patch availability update,"A scheduled router firmware update improves performance and resolves minor compatibility issues. No exploitation has been observed and no action is required beyond normal change management. The bulletin references security monitoring, risk assessment and operational resilience.",1
TRN01779,2026-02-27,Vendor Advisory,Vendor access abused in OT intrusion,"Incident responders identified DNS tunnelling against an electricity operator. The actor Red Kudu moved from a vendor workstation to an OT jump server and queried PLC services. Monitor node-1779-sync.example, 198.51.100.20 and hash 8b73bdac6b58c9fd4114.",1
TRN01780,2026-08-28,Commercial Intelligence,Industrial protocol reconnaissance observed,"Kalahari Jackal is targeting energy utilities in North America using Sandstorm Loader. Analysts observed Modbus scanning, unusual vendor access and attempts to reach operational technology networks. Indicators include node-1780-sync.example and 198.51.100.21. The bulletin references security monitoring, risk assessment and operational resilience.",1
TRN01781,2026-01-22,Vendor Advisory,Industrial protocol reconnaissance observed,"Copper Dune is targeting critical infrastructure operators in Asia-Pacific using GridLock. Analysts observed ransomware deployment, unusual vendor access and attempts to reach operational technology networks. Indicators include node-1781-sync.example and 198.51.100.22.",1
TRN01782,2025-09-03,Vendor Advisory,Campaign targets industrial operators,"Red Kudu is targeting energy utilities in Europe using Sandstorm Loader. Analysts observed ransomware deployment, unusual vendor access and attempts to reach operational technology networks. Indicators include node-1782-sync.example and 198.51.100.23.",1
TRN01783,2026-04-17,CERT-NA,Energy-sector malware activity,"A campaign affecting power distributors uses compromised maintenance accounts, PowerShell and BreakerFox. Activity includes ransomware deployment, historian discovery and scanning of industrial protocols. The infrastructure node-1783-sync.example resolves to 198.51.100.24.",1
TRN01784,2025-06-17,Vendor Advisory,Industrial protocol reconnaissance observed,"A campaign affecting power distributors uses compromised maintenance accounts, PowerShell and Sandstorm Loader. Activity includes credential phishing, historian discovery and scanning of industrial protocols. The infrastructure node-1784-sync.example resolves to 198.51.100.25.",1
TRN01785,2026-05-21,Regional ISAC,Routine maintenance advisory,"The Technology conference will discuss digital transformation, resilience and operational excellence. Registration closes next month.",0
TRN01786,2026-04-20,Regional ISAC,Vendor access abused in OT intrusion,"Incident responders identified ransomware deployment against an electricity operator. The actor Red Kudu moved from a vendor workstation to an OT jump server and queried PLC services. Monitor node-1786-sync.example, 198.51.100.27 and hash b986baa974af87d3991f.",1
TRN01787,2025-05-20,Commercial Intelligence,Conference notice,A service notice confirms routine maintenance for router firmware. Temporary latency may occur during the approved maintenance window.,0
TRN01788,2025-07-10,Open-source Research,Campaign targets industrial operators,"Copper Dune is targeting critical infrastructure operators in Asia-Pacific using unknown PowerShell loader. Analysts observed Modbus scanning, unusual vendor access and attempts to reach operational technology networks. Indicators include node-1788-sync.example and 198.51.100.29. The bulletin references security monitoring, risk assessment and operational resilience.",1
TRN01789,2026-08-24,CERT-NA,Routine maintenance advisory,A service notice confirms routine maintenance for router firmware. Temporary latency may occur during the approved maintenance window.,0
TRN01790,2025-05-03,Commercial Intelligence,Conference notice,Researchers published a general vulnerability affecting financial institutions. The advisory applies to versions not deployed by the organisation and contains no evidence of active exploitation in East Africa.,0
TRN01791,2026-08-05,CERT-NA,Energy-sector malware activity,"Incident responders identified Modbus scanning against an electricity operator. The actor Night Heron moved from a vendor workstation to an OT jump server and queried PLC services. Monitor node-1791-sync.example, 198.51.100.32 and hash bea10d8077b55af8d7b4.",1
TRN01792,2025-03-02,Vendor Advisory,Conference notice,"The Compliance conference will discuss digital transformation, resilience and operational excellence. Registration closes next month. The bulletin references security monitoring, risk assessment and operational resilience.",0
TRN01793,2025-07-22,Open-source Research,General technology bulletin,"A scheduled backup agent update improves performance and resolves minor compatibility issues. No exploitation has been observed and no action is required beyond normal change management. The bulletin references security monitoring, risk assessment and operational resilience.",0
TRN01794,2025-01-06,Commercial Intelligence,Conference notice,A scheduled backup agent update improves performance and resolves minor compatibility issues. No exploitation has been observed and no action is required beyond normal change management.,1
TRN01795,2026-05-07,Vendor Advisory,Campaign targets industrial operators,"Red Kudu is targeting energy utilities in East Africa using Sandstorm Loader. Analysts observed vendor compromise, unusual vendor access and attempts to reach operational technology networks. Indicators include node-1795-sync.example and 198.51.100.36. The bulletin references security monitoring, risk assessment and operational resilience.",0
TRN01796,2025-05-13,Open-source Research,Patch availability update,"Researchers published a general vulnerability affecting energy utilities. The advisory applies to versions not deployed by the organisation and contains no evidence of active exploitation in Southern Africa. The bulletin references security monitoring, risk assessment and operational resilience.",0
TRN01797,2026-04-22,CERT-NA,Routine maintenance advisory,A scheduled router firmware update improves performance and resolves minor compatibility issues. No exploitation has been observed and no action is required beyond normal change management.,0
TRN01798,2025-05-26,Open-source Research,Vendor access abused in OT intrusion,"A campaign affecting energy utilities uses compromised maintenance accounts, PowerShell and GridLock. Activity includes Modbus scanning, historian discovery and scanning of industrial protocols. The infrastructure node-1798-sync.example resolves to 198.51.100.39.",1
TRN01799,2026-08-31,Regional ISAC,General technology bulletin,Researchers published a general vulnerability affecting energy utilities. The advisory applies to versions not deployed by the organisation and contains no evidence of active exploitation in Southern Africa.,1
TRN01800,2025-07-09,Commercial Intelligence,Conference notice,Researchers published a general vulnerability affecting universities. The advisory applies to versions not deployed by the organisation and contains no evidence of active exploitation in East Africa.,0
TRN01801,2026-04-26,CERT-NA,Energy-sector malware activity,"A campaign affecting energy utilities uses compromised maintenance accounts, PowerShell and BreakerFox. Activity includes remote service abuse, historian discovery and scanning of industrial protocols. The infrastructure node-1801-sync.example resolves to 198.51.100.42.",1
TRN01802,2025-03-21,Open-source Research,Routine maintenance advisory,"The Compliance conference will discuss digital transformation, resilience and operational excellence. Registration closes next month.",0
TRN01803,2025-03-02,Regional ISAC,Campaign targets industrial operators,"A campaign affecting power distributors uses compromised maintenance accounts, PowerShell and unknown PowerShell loader. Activity includes Modbus scanning, historian discovery and scanning of industrial protocols. The infrastructure node-1803-sync.example resolves to 198.51.100.44.",1
TRN01804,2025-07-18,Open-source Research,Routine maintenance advisory,A scheduled backup agent update improves performance and resolves minor compatibility issues. No exploitation has been observed and no action is required beyond normal change management.,0
TRN01805,2025-02-24,Commercial Intelligence,Industrial protocol reconnaissance observed,"A campaign affecting power distributors uses compromised maintenance accounts, PowerShell and unknown PowerShell loader. Activity includes remote service abuse, historian discovery and scanning of industrial protocols. The infrastructure node-1805-sync.example resolves to 198.51.100.46.",1
TRN01806,2025-02-04,Commercial Intelligence,General technology bulletin,A scheduled office suite update improves performance and resolves minor compatibility issues. No exploitation has been observed and no action is required beyond normal change management.,0
TRN01807,2026-09-12,Regional ISAC,Campaign targets industrial operators,"Incident responders identified Modbus scanning against an electricity operator. The actor Night Heron moved from a vendor workstation to an OT jump server and queried PLC services. Monitor node-1807-sync.example, 198.51.100.48 and hash ca30d935102aea3b1794. The bulletin references security monitoring, risk assessment and operational resilience.",1
TRN01808,2025-06-30,Vendor Advisory,Patch availability update,A scheduled office suite update improves performance and resolves minor compatibility issues. No exploitation has been observed and no action is required beyond normal change management.,0
TRN01809,2026-05-27,Commercial Intelligence,Campaign targets industrial operators,"Incident responders identified Modbus scanning against an electricity operator. The actor Unknown actor moved from a vendor workstation to an OT jump server and queried PLC services. Monitor node-1809-sync.example, 198.51.100.50 and hash ecbb8e688331d1e68711.",1
TRN01810,2025-06-18,Open-source Research,Energy-sector malware activity,"Unknown actor is targeting energy utilities in Southern Africa using BreakerFox. Analysts observed vendor compromise, unusual vendor access and attempts to reach operational technology networks. Indicators include node-1810-sync.example and 198.51.100.51.",1
TRN01811,2026-01-28,Vendor Advisory,Vendor access abused in OT intrusion,"Incident responders identified credential phishing against an electricity operator. The actor Night Heron moved from a vendor workstation to an OT jump server and queried PLC services. Monitor node-1811-sync.example, 198.51.100.52 and hash 8f9e0af8fad412f73072.",1
TRN01812,2026-06-17,Regional ISAC,Vendor access abused in OT intrusion,"Incident responders identified ransomware deployment against an electricity operator. The actor Copper Dune moved from a vendor workstation to an OT jump server and queried PLC services. Monitor node-1812-sync.example, 198.51.100.53 and hash 22495bde6635792b5c25. The bulletin references security monitoring, risk assessment and operational resilience.",1
TRN01813,2025-12-16,Open-source Research,Routine maintenance advisory,"The Compliance conference will discuss digital transformation, resilience and operational excellence. Registration closes next month.",0
TRN01814,2025-05-19,CERT-NA,Conference notice,Researchers published a general vulnerability affecting universities. The advisory applies to versions not deployed by the organisation and contains no evidence of active exploitation in North America.,0
TRN01815,2025-09-10,Commercial Intelligence,Conference notice,"The Compliance conference will discuss digital transformation, resilience and operational excellence. Registration closes next month.",0
TRN01816,2026-01-28,Regional ISAC,General technology bulletin,A scheduled router firmware update improves performance and resolves minor compatibility issues. No exploitation has been observed and no action is required beyond normal change management.,0
TRN01817,2025-09-22,Regional ISAC,Conference notice,A service notice confirms routine maintenance for billing platform. Temporary latency may occur during the approved maintenance window.,0
TRN01818,2026-08-06,CERT-NA,Energy-sector malware activity,"Unknown actor is targeting energy utilities in Europe using unknown PowerShell loader. Analysts observed credential phishing, unusual vendor access and attempts to reach operational technology networks. Indicators include node-1818-sync.example and 198.51.100.59.",1
TRN01819,2025-08-18,Commercial Intelligence,Energy-sector malware activity,"Incident responders identified ransomware deployment against an electricity operator. The actor Red Kudu moved from a vendor workstation to an OT jump server and queried PLC services. Monitor node-1819-sync.example, 198.51.100.60 and hash 6352382c4731f8c7d037.",1
TRN01820,2026-08-16,Vendor Advisory,General technology bulletin,Researchers published a general vulnerability affecting telecommunications providers. The advisory applies to versions not deployed by the organisation and contains no evidence of active exploitation in East Africa.,0
TRN01821,2025-07-27,Regional ISAC,Conference notice,A service notice confirms routine maintenance for backup agent. Temporary latency may occur during the approved maintenance window.,0
TRN01822,2026-06-07,Vendor Advisory,General technology bulletin,Researchers published a general vulnerability affecting telecommunications providers. The advisory applies to versions not deployed by the organisation and contains no evidence of active exploitation in Asia-Pacific.,0
TRN01823,2025-06-29,Open-source Research,General technology bulletin,A scheduled billing platform update improves performance and resolves minor compatibility issues. No exploitation has been observed and no action is required beyond normal change management.,1
TRN01824,2026-01-12,Regional ISAC,Conference notice,Researchers published a general vulnerability affecting financial institutions. The advisory applies to versions not deployed by the organisation and contains no evidence of active exploitation in North America.,0
TRN01825,2025-08-20,Vendor Advisory,General technology bulletin,A scheduled router firmware update improves performance and resolves minor compatibility issues. No exploitation has been observed and no action is required beyond normal change management.,0
TRN01826,2025-09-07,Regional ISAC,Patch availability update,"A scheduled backup agent update improves performance and resolves minor compatibility issues. No exploitation has been observed and no action is required beyond normal change management. The bulletin references security monitoring, risk assessment and operational resilience.",0
TRN01827,2025-02-17,Vendor Advisory,Routine maintenance advisory,"The Compliance conference will discuss digital transformation, resilience and operational excellence. Registration closes next month. The bulletin references security monitoring, risk assessment and operational resilience.",0
TRN01828,2026-06-21,Vendor Advisory,General technology bulletin,Researchers published a general vulnerability affecting telecommunications providers. The advisory applies to versions not deployed by the organisation and contains no evidence of active exploitation in Southern Africa.,0
TRN01829,2026-05-10,CERT-NA,Routine maintenance advisory,"The Compliance conference will discuss digital transformation, resilience and operational excellence. Registration closes next month.",1
TRN01830,2025-01-13,Commercial Intelligence,Vendor access abused in OT intrusion,"A campaign affecting energy utilities uses compromised maintenance accounts, PowerShell and unknown PowerShell loader. Activity includes vendor compromise, historian discovery and scanning of industrial protocols. The infrastructure node-1830-sync.example resolves to 198.51.100.71. The bulletin references security monitoring, risk assessment and operational resilience.",1
TRN01831,2025-02-10,CERT-NA,General technology bulletin,"The Cloud Services conference will discuss digital transformation, resilience and operational excellence. Registration closes next month.",0
TRN01832,2026-04-22,Commercial Intelligence,Patch availability update,A service notice confirms routine maintenance for office suite. Temporary latency may occur during the approved maintenance window.,0
TRN01833,2025-11-25,Vendor Advisory,Conference notice,A scheduled billing platform update improves performance and resolves minor compatibility issues. No exploitation has been observed and no action is required beyond normal change management.,0
TRN01834,2025-03-04,Regional ISAC,Routine maintenance advisory,Researchers published a general vulnerability affecting universities. The advisory applies to versions not deployed by the organisation and contains no evidence of active exploitation in East Africa.,0
TRN01835,2025-12-28,CERT-NA,Industrial protocol reconnaissance observed,"Incident responders identified remote service abuse against an electricity operator. The actor Unknown actor moved from a vendor workstation to an OT jump server and queried PLC services. Monitor node-1835-sync.example, 198.51.100.76 and hash 5385754ffcc7798f5f87.",1
TRN01836,2025-09-01,Regional ISAC,Patch availability update,"The Technology conference will discuss digital transformation, resilience and operational excellence. Registration closes next month.",0
TRN01837,2025-08-07,Regional ISAC,Routine maintenance advisory,"The Technology conference will discuss digital transformation, resilience and operational excellence. Registration closes next month.",0
TRN01838,2026-01-17,Regional ISAC,Vendor access abused in OT intrusion,"Incident responders identified DNS tunnelling against an electricity operator. The actor Unknown actor moved from a vendor workstation to an OT jump server and queried PLC services. Monitor node-1838-sync.example, 198.51.100.79 and hash 95dc4e07fe408f9443a0.",1
TRN01839,2026-04-21,Vendor Advisory,Patch availability update,Researchers published a general vulnerability affecting retail organisations. The advisory applies to versions not deployed by the organisation and contains no evidence of active exploitation in Southern Africa.,0
TRN01840,2025-01-27,Vendor Advisory,Patch availability update,"The Compliance conference will discuss digital transformation, resilience and operational excellence. Registration closes next month.",0
TRN01841,2026-03-09,Regional ISAC,Conference notice,Researchers published a general vulnerability affecting telecommunications providers. The advisory applies to versions not deployed by the organisation and contains no evidence of active exploitation in Europe.,0
TRN01842,2026-03-04,Regional ISAC,Patch availability update,A scheduled office suite update improves performance and resolves minor compatibility issues. No exploitation has been observed and no action is required beyond normal change management.,0
TRN01843,2025-08-23,Open-source Research,Vendor access abused in OT intrusion,"Incident responders identified credential phishing against an electricity operator. The actor Kalahari Jackal moved from a vendor workstation to an OT jump server and queried PLC services. Monitor node-1843-sync.example, 198.51.100.84 and hash a55826a89e5b60d92a4b.",1
TRN01844,2026-08-13,Regional ISAC,Routine maintenance advisory,"A service notice confirms routine maintenance for router firmware. Temporary latency may occur during the approved maintenance window. The bulletin references security monitoring, risk assessment and operational resilience.",0
TRN01845,2026-05-06,CERT-NA,Campaign targets industrial operators,"Red Kudu is targeting critical infrastructure operators in East Africa using DustRAT. Analysts observed vendor compromise, unusual vendor access and attempts to reach operational technology networks. Indicators include node-1845-sync.example and 198.51.100.86.",1
TRN01846,2026-07-15,Open-source Research,Vendor access abused in OT intrusion,"Incident responders identified vendor compromise against an electricity operator. The actor Night Heron moved from a vendor workstation to an OT jump server and queried PLC services. Monitor node-1846-sync.example, 198.51.100.87 and hash 211bab3cb87dbde794b2.",1
TRN01847,2026-06-13,Commercial Intelligence,Energy-sector malware activity,"A campaign affecting critical infrastructure operators uses compromised maintenance accounts, PowerShell and BreakerFox. Activity includes ransomware deployment, historian discovery and scanning of industrial protocols. The infrastructure node-1847-sync.example resolves to 198.51.100.88.",1
TRN01848,2025-07-15,Regional ISAC,General technology bulletin,"A service notice confirms routine maintenance for backup agent. Temporary latency may occur during the approved maintenance window. The bulletin references security monitoring, risk assessment and operational resilience.",0
TRN01849,2025-07-12,CERT-NA,Patch availability update,Researchers published a general vulnerability affecting retail organisations. The advisory applies to versions not deployed by the organisation and contains no evidence of active exploitation in North America.,0
TRN01850,2025-11-29,Commercial Intelligence,General technology bulletin,"The Technology conference will discuss digital transformation, resilience and operational excellence. Registration closes next month.",0
TRN01851,2026-05-30,Open-source Research,Industrial protocol reconnaissance observed,"A campaign affecting power distributors uses compromised maintenance accounts, PowerShell and GridLock. Activity includes DNS tunnelling, historian discovery and scanning of industrial protocols. The infrastructure node-1851-sync.example resolves to 198.51.100.92.",1
TRN01852,2026-08-18,Regional ISAC,General technology bulletin,A scheduled office suite update improves performance and resolves minor compatibility issues. No exploitation has been observed and no action is required beyond normal change management.,1
TRN01853,2026-03-25,CERT-NA,Conference notice,A service notice confirms routine maintenance for office suite. Temporary latency may occur during the approved maintenance window.,0
TRN01854,2025-12-19,Regional ISAC,Routine maintenance advisory,"The Cloud Services conference will discuss digital transformation, resilience and operational excellence. Registration closes next month.",0
TRN01855,2026-06-27,Vendor Advisory,Patch availability update,A scheduled router firmware update improves performance and resolves minor compatibility issues. No exploitation has been observed and no action is required beyond normal change management.,0
TRN01856,2026-04-26,Vendor Advisory,Vendor access abused in OT intrusion,"Kalahari Jackal is targeting power distributors in North America using GridLock. Analysts observed vendor compromise, unusual vendor access and attempts to reach operational technology networks. Indicators include node-1856-sync.example and 198.51.100.97.",1
TRN01857,2025-05-08,Commercial Intelligence,General technology bulletin,A service notice confirms routine maintenance for router firmware. Temporary latency may occur during the approved maintenance window.,0
TRN01858,2025-07-04,Regional ISAC,Conference notice,A scheduled office suite update improves performance and resolves minor compatibility issues. No exploitation has been observed and no action is required beyond normal change management.,0
TRN01859,2025-01-30,Vendor Advisory,Patch availability update,"The Technology conference will discuss digital transformation, resilience and operational excellence. Registration closes next month.",0
TRN01860,2026-09-05,CERT-NA,Conference notice,Researchers published a general vulnerability affecting retail organisations. The advisory applies to versions not deployed by the organisation and contains no evidence of active exploitation in Southern Africa.,0
TRN01861,2025-11-13,Commercial Intelligence,Conference notice,A scheduled backup agent update improves performance and resolves minor compatibility issues. No exploitation has been observed and no action is required beyond normal change management.,0
TRN01862,2025-03-02,Commercial Intelligence,Patch availability update,Researchers published a general vulnerability affecting financial institutions. The advisory applies to versions not deployed by the organisation and contains no evidence of active exploitation in North America.,0
TRN01863,2025-01-08,Vendor Advisory,Routine maintenance advisory,"The Compliance conference will discuss digital transformation, resilience and operational excellence. Registration closes next month. The bulletin references security monitoring, risk assessment and operational resilience.",1
TRN01864,2025-12-03,Commercial Intelligence,Routine maintenance advisory,A service notice confirms routine maintenance for backup agent. Temporary latency may occur during the approved maintenance window.,0
TRN01865,2025-02-19,Open-source Research,Patch availability update,"The Compliance conference will discuss digital transformation, resilience and operational excellence. Registration closes next month.",0
TRN01866,2026-03-21,Vendor Advisory,Industrial protocol reconnaissance observed,"A campaign affecting power distributors uses compromised maintenance accounts, PowerShell and unknown PowerShell loader. Activity includes remote service abuse, historian discovery and scanning of industrial protocols. The infrastructure node-1866-sync.example resolves to 198.51.100.107.",1
TRN01867,2025-01-24,Regional ISAC,Routine maintenance advisory,A service notice confirms routine maintenance for backup agent. Temporary latency may occur during the approved maintenance window.,0
TRN01868,2025-10-17,CERT-NA,Industrial protocol reconnaissance observed,"Copper Dune is targeting critical infrastructure operators in North America using GridLock. Analysts observed ransomware deployment, unusual vendor access and attempts to reach operational technology networks. Indicators include node-1868-sync.example and 198.51.100.109.",1
TRN01869,2025-09-22,Vendor Advisory,Routine maintenance advisory,"The Technology conference will discuss digital transformation, resilience and operational excellence. Registration closes next month.",0
TRN01870,2026-05-17,Commercial Intelligence,Patch availability update,A service notice confirms routine maintenance for billing platform. Temporary latency may occur during the approved maintenance window.,0
TRN01871,2025-03-06,Open-source Research,Routine maintenance advisory,A service notice confirms routine maintenance for billing platform. Temporary latency may occur during the approved maintenance window.,0
TRN01872,2026-03-01,Vendor Advisory,Energy-sector malware activity,"Night Heron is targeting energy utilities in Europe using GridLock. Analysts observed vendor compromise, unusual vendor access and attempts to reach operational technology networks. Indicators include node-1872-sync.example and 198.51.100.113.",1
TRN01873,2026-09-08,Vendor Advisory,Patch availability update,A scheduled backup agent update improves performance and resolves minor compatibility issues. No exploitation has been observed and no action is required beyond normal change management.,1
TRN01874,2026-03-28,Regional ISAC,Vendor access abused in OT intrusion,"A campaign affecting power distributors uses compromised maintenance accounts, PowerShell and DustRAT. Activity includes credential phishing, historian discovery and scanning of industrial protocols. The infrastructure node-1874-sync.example resolves to 198.51.100.115.",1
TRN01875,2026-08-21,Open-source Research,General technology bulletin,A service notice confirms routine maintenance for billing platform. Temporary latency may occur during the approved maintenance window.,1
TRN01876,2025-06-21,Commercial Intelligence,Energy-sector malware activity,"Incident responders identified DNS tunnelling against an electricity operator. The actor Copper Dune moved from a vendor workstation to an OT jump server and queried PLC services. Monitor node-1876-sync.example, 198.51.100.117 and hash bb6f504ce91506b66c7f.",1
TRN01877,2025-11-24,Commercial Intelligence,Industrial protocol reconnaissance observed,"A campaign affecting critical infrastructure operators uses compromised maintenance accounts, PowerShell and GridLock. Activity includes credential phishing, historian discovery and scanning of industrial protocols. The infrastructure node-1877-sync.example resolves to 198.51.100.118.",1
TRN01878,2025-06-26,Vendor Advisory,Industrial protocol reconnaissance observed,"Incident responders identified credential phishing against an electricity operator. The actor Night Heron moved from a vendor workstation to an OT jump server and queried PLC services. Monitor node-1878-sync.example, 198.51.100.119 and hash 7935dff46eb929c8dafc.",1
TRN01879,2025-05-11,Open-source Research,Routine maintenance advisory,A scheduled backup agent update improves performance and resolves minor compatibility issues. No exploitation has been observed and no action is required beyond normal change management.,0
TRN01880,2025-08-17,Vendor Advisory,Vendor access abused in OT intrusion,"A campaign affecting power distributors uses compromised maintenance accounts, PowerShell and Sandstorm Loader. Activity includes credential phishing, historian discovery and scanning of industrial protocols. The infrastructure node-1880-sync.example resolves to 198.51.100.121.",1
TRN01881,2026-03-02,Commercial Intelligence,Industrial protocol reconnaissance observed,"A campaign affecting energy utilities uses compromised maintenance accounts, PowerShell and DustRAT. Activity includes remote service abuse, historian discovery and scanning of industrial protocols. The infrastructure node-1881-sync.example resolves to 198.51.100.122.",1
TRN01882,2025-04-11,Open-source Research,Patch availability update,"The Technology conference will discuss digital transformation, resilience and operational excellence. Registration closes next month.",0
TRN01883,2025-06-25,Regional ISAC,Industrial protocol reconnaissance observed,"Incident responders identified Modbus scanning against an electricity operator. The actor Night Heron moved from a vendor workstation to an OT jump server and queried PLC services. Monitor node-1883-sync.example, 198.51.100.124 and hash fcacae2d02b354c92b72. The bulletin references security monitoring, risk assessment and operational resilience.",1
TRN01884,2026-04-06,Vendor Advisory,Patch availability update,A service notice confirms routine maintenance for router firmware. Temporary latency may occur during the approved maintenance window.,0
TRN01885,2026-08-02,CERT-NA,Conference notice,A service notice confirms routine maintenance for backup agent. Temporary latency may occur during the approved maintenance window.,0
TRN01886,2026-08-24,Regional ISAC,Patch availability update,A service notice confirms routine maintenance for billing platform. Temporary latency may occur during the approved maintenance window.,0
TRN01887,2026-03-05,Vendor Advisory,Energy-sector malware activity,"Unknown actor is targeting energy utilities in Europe using DustRAT. Analysts observed vendor compromise, unusual vendor access and attempts to reach operational technology networks. Indicators include node-1887-sync.example and 198.51.100.128.",1
TRN01888,2025-05-23,Vendor Advisory,Campaign targets industrial operators,"A campaign affecting power distributors uses compromised maintenance accounts, PowerShell and DustRAT. Activity includes ransomware deployment, historian discovery and scanning of industrial protocols. The infrastructure node-1888-sync.example resolves to 198.51.100.129. The bulletin references security monitoring, risk assessment and operational resilience.",1
TRN01889,2025-09-28,Commercial Intelligence,Vendor access abused in OT intrusion,"Incident responders identified credential phishing against an electricity operator. The actor Copper Dune moved from a vendor workstation to an OT jump server and queried PLC services. Monitor node-1889-sync.example, 198.51.100.130 and hash 6d8eef119303191f9a31.",1
TRN01890,2025-08-28,Open-source Research,Patch availability update,"A service notice confirms routine maintenance for billing platform. Temporary latency may occur during the approved maintenance window. The bulletin references security monitoring, risk assessment and operational resilience.",0
TRN01891,2026-05-09,Open-source Research,General technology bulletin,A service notice confirms routine maintenance for router firmware. Temporary latency may occur during the approved maintenance window.,0
TRN01892,2025-02-14,Vendor Advisory,Routine maintenance advisory,Researchers published a general vulnerability affecting universities. The advisory applies to versions not deployed by the organisation and contains no evidence of active exploitation in Asia-Pacific.,0
TRN01893,2026-06-30,Commercial Intelligence,Patch availability update,A service notice confirms routine maintenance for office suite. Temporary latency may occur during the approved maintenance window.,0
TRN01894,2026-04-13,Vendor Advisory,Conference notice,A service notice confirms routine maintenance for router firmware. Temporary latency may occur during the approved maintenance window.,0
TRN01895,2026-08-09,CERT-NA,Patch availability update,"The Compliance conference will discuss digital transformation, resilience and operational excellence. Registration closes next month.",0
TRN01896,2025-01-31,Vendor Advisory,Vendor access abused in OT intrusion,"Kalahari Jackal is targeting power distributors in Asia-Pacific using GridLock. Analysts observed DNS tunnelling, unusual vendor access and attempts to reach operational technology networks. Indicators include node-1896-sync.example and 198.51.100.137.",1
TRN01897,2025-04-13,Commercial Intelligence,Campaign targets industrial operators,"Kalahari Jackal is targeting power distributors in East Africa using BreakerFox. Analysts observed DNS tunnelling, unusual vendor access and attempts to reach operational technology networks. Indicators include node-1897-sync.example and 198.51.100.138.",1
TRN01898,2025-03-23,CERT-NA,Campaign targets industrial operators,"Incident responders identified ransomware deployment against an electricity operator. The actor Night Heron moved from a vendor workstation to an OT jump server and queried PLC services. Monitor node-1898-sync.example, 198.51.100.139 and hash eed52953651cb962afeb.",1
TRN01899,2026-06-24,Commercial Intelligence,General technology bulletin,A service notice confirms routine maintenance for office suite. Temporary latency may occur during the approved maintenance window.,0
TRN01900,2025-10-26,CERT-NA,Patch availability update,"A service notice confirms routine maintenance for backup agent. Temporary latency may occur during the approved maintenance window. The bulletin references security monitoring, risk assessment and operational resilience.",0
TRN01901,2026-01-29,CERT-NA,Patch availability update,"The Technology conference will discuss digital transformation, resilience and operational excellence. Registration closes next month.",0
TRN01902,2026-01-08,CERT-NA,Energy-sector malware activity,"Incident responders identified DNS tunnelling against an electricity operator. The actor Copper Dune moved from a vendor workstation to an OT jump server and queried PLC services. Monitor node-1902-sync.example, 198.51.100.143 and hash de987664be9dbe134fa8.",1
TRN01903,2026-02-20,Regional ISAC,Patch availability update,Researchers published a general vulnerability affecting energy utilities. The advisory applies to versions not deployed by the organisation and contains no evidence of active exploitation in Europe.,0
TRN01904,2025-08-21,Vendor Advisory,Patch availability update,"The Compliance conference will discuss digital transformation, resilience and operational excellence. Registration closes next month.",0
TRN01905,2025-08-29,Commercial Intelligence,Conference notice,A scheduled backup agent update improves performance and resolves minor compatibility issues. No exploitation has been observed and no action is required beyond normal change management.,1
TRN01906,2026-06-26,CERT-NA,Industrial protocol reconnaissance observed,"Incident responders identified credential phishing against an electricity operator. The actor Copper Dune moved from a vendor workstation to an OT jump server and queried PLC services. Monitor node-1906-sync.example, 198.51.100.147 and hash c4037df8ca9111883f86.",1
TRN01907,2025-03-11,Regional ISAC,Vendor access abused in OT intrusion,"Incident responders identified remote service abuse against an electricity operator. The actor Red Kudu moved from a vendor workstation to an OT jump server and queried PLC services. Monitor node-1907-sync.example, 198.51.100.148 and hash ecbcd03dbf367814d8e6.",1
TRN01908,2025-09-29,Vendor Advisory,Patch availability update,A scheduled backup agent update improves performance and resolves minor compatibility issues. No exploitation has been observed and no action is required beyond normal change management.,0
TRN01909,2026-06-18,Vendor Advisory,Campaign targets industrial operators,"Night Heron is targeting critical infrastructure operators in Southern Africa using BreakerFox. Analysts observed vendor compromise, unusual vendor access and attempts to reach operational technology networks. Indicators include node-1909-sync.example and 198.51.100.150. The bulletin references security monitoring, risk assessment and operational resilience.",1
TRN01910,2025-11-14,Commercial Intelligence,Industrial protocol reconnaissance observed,"A campaign affecting power distributors uses compromised maintenance accounts, PowerShell and Sandstorm Loader. Activity includes vendor compromise, historian discovery and scanning of industrial protocols. The infrastructure node-1910-sync.example resolves to 198.51.100.151.",1
TRN01911,2026-02-22,Open-source Research,Routine maintenance advisory,A service notice confirms routine maintenance for office suite. Temporary latency may occur during the approved maintenance window.,0
TRN01912,2026-06-05,Vendor Advisory,Conference notice,"Researchers published a general vulnerability affecting energy utilities. The advisory applies to versions not deployed by the organisation and contains no evidence of active exploitation in East Africa. The bulletin references security monitoring, risk assessment and operational resilience.",0
TRN01913,2026-05-25,CERT-NA,Energy-sector malware activity,"A campaign affecting power distributors uses compromised maintenance accounts, PowerShell and Sandstorm Loader. Activity includes DNS tunnelling, historian discovery and scanning of industrial protocols. The infrastructure node-1913-sync.example resolves to 198.51.100.154.",1
TRN01914,2026-06-06,Regional ISAC,Campaign targets industrial operators,"Incident responders identified Modbus scanning against an electricity operator. The actor Copper Dune moved from a vendor workstation to an OT jump server and queried PLC services. Monitor node-1914-sync.example, 198.51.100.155 and hash 841eb99ebeb54080811c.",1
TRN01915,2026-06-26,Commercial Intelligence,Routine maintenance advisory,A service notice confirms routine maintenance for billing platform. Temporary latency may occur during the approved maintenance window.,0
TRN01916,2026-06-27,Open-source Research,General technology bulletin,A scheduled billing platform update improves performance and resolves minor compatibility issues. No exploitation has been observed and no action is required beyond normal change management.,0
TRN01917,2025-07-10,Regional ISAC,Vendor access abused in OT intrusion,"Red Kudu is targeting energy utilities in Europe using GridLock. Analysts observed DNS tunnelling, unusual vendor access and attempts to reach operational technology networks. Indicators include node-1917-sync.example and 198.51.100.158.",1
TRN01918,2025-01-11,Commercial Intelligence,General technology bulletin,"A service notice confirms routine maintenance for office suite. Temporary latency may occur during the approved maintenance window. The bulletin references security monitoring, risk assessment and operational resilience.",0
TRN01919,2026-06-22,Vendor Advisory,Routine maintenance advisory,A scheduled billing platform update improves performance and resolves minor compatibility issues. No exploitation has been observed and no action is required beyond normal change management.,0
TRN01920,2026-01-16,Vendor Advisory,General technology bulletin,Researchers published a general vulnerability affecting universities. The advisory applies to versions not deployed by the organisation and contains no evidence of active exploitation in Southern Africa.,0
TRN01921,2025-03-08,Regional ISAC,Campaign targets industrial operators,"A campaign affecting energy utilities uses compromised maintenance accounts, PowerShell and Sandstorm Loader. Activity includes ransomware deployment, historian discovery and scanning of industrial protocols. The infrastructure node-1921-sync.example resolves to 198.51.100.162.",1
TRN01922,2025-02-13,Regional ISAC,Industrial protocol reconnaissance observed,"Kalahari Jackal is targeting critical infrastructure operators in North America using DustRAT. Analysts observed credential phishing, unusual vendor access and attempts to reach operational technology networks. Indicators include node-1922-sync.example and 198.51.100.163.",1
TRN01923,2025-07-18,Vendor Advisory,Conference notice,"A service notice confirms routine maintenance for billing platform. Temporary latency may occur during the approved maintenance window. The bulletin references security monitoring, risk assessment and operational resilience.",0
TRN01924,2025-12-23,Vendor Advisory,Energy-sector malware activity,"Incident responders identified Modbus scanning against an electricity operator. The actor Night Heron moved from a vendor workstation to an OT jump server and queried PLC services. Monitor node-1924-sync.example, 198.51.100.165 and hash 1ee88efa659a51d3a157.",1
TRN01925,2026-03-20,Open-source Research,Routine maintenance advisory,A scheduled router firmware update improves performance and resolves minor compatibility issues. No exploitation has been observed and no action is required beyond normal change management.,1
TRN01926,2025-12-04,Commercial Intelligence,Patch availability update,"The Technology conference will discuss digital transformation, resilience and operational excellence. Registration closes next month.",0
TRN01927,2025-12-12,Vendor Advisory,Vendor access abused in OT intrusion,"Copper Dune is targeting energy utilities in North America using GridLock. Analysts observed Modbus scanning, unusual vendor access and attempts to reach operational technology networks. Indicators include node-1927-sync.example and 198.51.100.168.",1
TRN01928,2025-09-25,Commercial Intelligence,Vendor access abused in OT intrusion,"Night Heron is targeting energy utilities in Southern Africa using unknown PowerShell loader. Analysts observed vendor compromise, unusual vendor access and attempts to reach operational technology networks. Indicators include node-1928-sync.example and 198.51.100.169. The bulletin references security monitoring, risk assessment and operational resilience.",1
TRN01929,2025-05-20,Commercial Intelligence,General technology bulletin,"A service notice confirms routine maintenance for billing platform. Temporary latency may occur during the approved maintenance window. The bulletin references security monitoring, risk assessment and operational resilience.",0
TRN01930,2025-01-04,Open-source Research,General technology bulletin,Researchers published a general vulnerability affecting retail organisations. The advisory applies to versions not deployed by the organisation and contains no evidence of active exploitation in Europe.,0
TRN01931,2025-08-06,Vendor Advisory,Patch availability update,"The Compliance conference will discuss digital transformation, resilience and operational excellence. Registration closes next month.",0
TRN01932,2025-06-03,Commercial Intelligence,Vendor access abused in OT intrusion,"A campaign affecting power distributors uses compromised maintenance accounts, PowerShell and BreakerFox. Activity includes credential phishing, historian discovery and scanning of industrial protocols. The infrastructure node-1932-sync.example resolves to 198.51.100.173. The bulletin references security monitoring, risk assessment and operational resilience.",1
TRN01933,2026-03-29,Vendor Advisory,Conference notice,A service notice confirms routine maintenance for backup agent. Temporary latency may occur during the approved maintenance window.,0
TRN01934,2026-04-21,Regional ISAC,Conference notice,A service notice confirms routine maintenance for backup agent. Temporary latency may occur during the approved maintenance window.,0
TRN01935,2025-11-02,CERT-NA,General technology bulletin,A service notice confirms routine maintenance for router firmware. Temporary latency may occur during the approved maintenance window.,0
TRN01936,2025-03-14,CERT-NA,Conference notice,A service notice confirms routine maintenance for backup agent. Temporary latency may occur during the approved maintenance window.,0
TRN01937,2026-08-04,Commercial Intelligence,General technology bulletin,"A scheduled backup agent update improves performance and resolves minor compatibility issues. No exploitation has been observed and no action is required beyond normal change management. The bulletin references security monitoring, risk assessment and operational resilience.",0
TRN01938,2025-07-25,Open-source Research,Energy-sector malware activity,"Incident responders identified Modbus scanning against an electricity operator. The actor Unknown actor moved from a vendor workstation to an OT jump server and queried PLC services. Monitor node-1938-sync.example, 198.51.100.179 and hash bb5118c25ab29756abb8.",1
TRN01939,2025-12-03,CERT-NA,General technology bulletin,"The Compliance conference will discuss digital transformation, resilience and operational excellence. Registration closes next month.",0
TRN01940,2025-12-23,Commercial Intelligence,Routine maintenance advisory,Researchers published a general vulnerability affecting universities. The advisory applies to versions not deployed by the organisation and contains no evidence of active exploitation in North America.,0
TRN01941,2025-01-16,Commercial Intelligence,Patch availability update,A service notice confirms routine maintenance for billing platform. Temporary latency may occur during the approved maintenance window.,0
TRN01942,2026-07-17,Vendor Advisory,Conference notice,"The Technology conference will discuss digital transformation, resilience and operational excellence. Registration closes next month.",0
TRN01943,2026-03-17,Vendor Advisory,General technology bulletin,A scheduled backup agent update improves performance and resolves minor compatibility issues. No exploitation has been observed and no action is required beyond normal change management.,0
TRN01944,2025-04-04,Commercial Intelligence,Energy-sector malware activity,"A campaign affecting critical infrastructure operators uses compromised maintenance accounts, PowerShell and GridLock. Activity includes vendor compromise, historian discovery and scanning of industrial protocols. The infrastructure node-1944-sync.example resolves to 198.51.100.185.",1
TRN01945,2025-12-22,CERT-NA,Conference notice,A service notice confirms routine maintenance for backup agent. Temporary latency may occur during the approved maintenance window.,1
TRN01946,2026-05-17,Commercial Intelligence,Energy-sector malware activity,"A campaign affecting power distributors uses compromised maintenance accounts, PowerShell and unknown PowerShell loader. Activity includes credential phishing, historian discovery and scanning of industrial protocols. The infrastructure node-1946-sync.example resolves to 198.51.100.187.",1
TRN01947,2026-03-13,Vendor Advisory,General technology bulletin,"A scheduled router firmware update improves performance and resolves minor compatibility issues. No exploitation has been observed and no action is required beyond normal change management. The bulletin references security monitoring, risk assessment and operational resilience.",0
TRN01948,2025-01-13,Commercial Intelligence,Vendor access abused in OT intrusion,"A campaign affecting energy utilities uses compromised maintenance accounts, PowerShell and GridLock. Activity includes DNS tunnelling, historian discovery and scanning of industrial protocols. The infrastructure node-1948-sync.example resolves to 198.51.100.189.",1
TRN01949,2026-06-20,Commercial Intelligence,General technology bulletin,Researchers published a general vulnerability affecting energy utilities. The advisory applies to versions not deployed by the organisation and contains no evidence of active exploitation in Southern Africa.,0
TRN01950,2026-04-16,Vendor Advisory,General technology bulletin,A service notice confirms routine maintenance for billing platform. Temporary latency may occur during the approved maintenance window.,0
TRN01951,2026-05-12,Regional ISAC,General technology bulletin,Researchers published a general vulnerability affecting universities. The advisory applies to versions not deployed by the organisation and contains no evidence of active exploitation in Europe.,0
TRN01952,2026-02-04,Commercial Intelligence,Vendor access abused in OT intrusion,"A campaign affecting energy utilities uses compromised maintenance accounts, PowerShell and unknown PowerShell loader. Activity includes credential phishing, historian discovery and scanning of industrial protocols. The infrastructure node-1952-sync.example resolves to 198.51.100.193.",1
TRN01953,2025-03-29,CERT-NA,Routine maintenance advisory,Researchers published a general vulnerability affecting energy utilities. The advisory applies to versions not deployed by the organisation and contains no evidence of active exploitation in Europe.,0
TRN01954,2026-03-27,Regional ISAC,Routine maintenance advisory,A service notice confirms routine maintenance for billing platform. Temporary latency may occur during the approved maintenance window.,0
TRN01955,2025-04-05,Regional ISAC,Energy-sector malware activity,"Incident responders identified vendor compromise against an electricity operator. The actor Unknown actor moved from a vendor workstation to an OT jump server and queried PLC services. Monitor node-1955-sync.example, 198.51.100.196 and hash d352e08dcbc7b38a35a8.",1
TRN01956,2025-04-19,Commercial Intelligence,General technology bulletin,A service notice confirms routine maintenance for office suite. Temporary latency may occur during the approved maintenance window.,0
TRN01957,2025-06-28,Open-source Research,Campaign targets industrial operators,"Incident responders identified ransomware deployment against an electricity operator. The actor Night Heron moved from a vendor workstation to an OT jump server and queried PLC services. Monitor node-1957-sync.example, 198.51.100.198 and hash 6422157837e940ac9287.",1
TRN01958,2026-02-09,Open-source Research,Conference notice,"The Compliance conference will discuss digital transformation, resilience and operational excellence. Registration closes next month.",0
TRN01959,2026-07-27,Open-source Research,Industrial protocol reconnaissance observed,"Incident responders identified ransomware deployment against an electricity operator. The actor Unknown actor moved from a vendor workstation to an OT jump server and queried PLC services. Monitor node-1959-sync.example, 198.51.100.200 and hash 2d1e977bb76f162ef0f2.",1
TRN01960,2026-08-03,Vendor Advisory,Routine maintenance advisory,"The Technology conference will discuss digital transformation, resilience and operational excellence. Registration closes next month. The bulletin references security monitoring, risk assessment and operational resilience.",0
TRN01961,2026-08-05,Open-source Research,Energy-sector malware activity,"Incident responders identified Modbus scanning against an electricity operator. The actor Night Heron moved from a vendor workstation to an OT jump server and queried PLC services. Monitor node-1961-sync.example, 198.51.100.202 and hash 7f6824e40a9b07deca0a. The bulletin references security monitoring, risk assessment and operational resilience.",1
TRN01962,2025-01-14,Open-source Research,Vendor access abused in OT intrusion,"Red Kudu is targeting critical infrastructure operators in Southern Africa using DustRAT. Analysts observed DNS tunnelling, unusual vendor access and attempts to reach operational technology networks. Indicators include node-1962-sync.example and 198.51.100.203.",1
TRN01963,2026-03-24,Regional ISAC,Campaign targets industrial operators,"Incident responders identified vendor compromise against an electricity operator. The actor Copper Dune moved from a vendor workstation to an OT jump server and queried PLC services. Monitor node-1963-sync.example, 198.51.100.204 and hash 1cd83ce7d0a077bb5fb7.",1
TRN01964,2025-10-08,CERT-NA,General technology bulletin,Researchers published a general vulnerability affecting energy utilities. The advisory applies to versions not deployed by the organisation and contains no evidence of active exploitation in North America.,0
TRN01965,2025-07-08,Commercial Intelligence,Vendor access abused in OT intrusion,"Red Kudu is targeting power distributors in North America using Sandstorm Loader. Analysts observed Modbus scanning, unusual vendor access and attempts to reach operational technology networks. Indicators include node-1965-sync.example and 198.51.100.206.",1
TRN01966,2025-01-21,Open-source Research,Campaign targets industrial operators,"Incident responders identified credential phishing against an electricity operator. The actor Unknown actor moved from a vendor workstation to an OT jump server and queried PLC services. Monitor node-1966-sync.example, 198.51.100.207 and hash d4a762ef0dfd3a07ff5b.",1
TRN01967,2025-07-08,Vendor Advisory,General technology bulletin,Researchers published a general vulnerability affecting financial institutions. The advisory applies to versions not deployed by the organisation and contains no evidence of active exploitation in Southern Africa.,1
TRN01968,2025-05-05,CERT-NA,Vendor access abused in OT intrusion,"Incident responders identified vendor compromise against an electricity operator. The actor Red Kudu moved from a vendor workstation to an OT jump server and queried PLC services. Monitor node-1968-sync.example, 198.51.100.209 and hash 19d4c56a9025b8bf6319.",1
TRN01969,2025-09-04,Vendor Advisory,Energy-sector malware activity,"Copper Dune is targeting power distributors in Asia-Pacific using DustRAT. Analysts observed ransomware deployment, unusual vendor access and attempts to reach operational technology networks. Indicators include node-1969-sync.example and 198.51.100.210.",1
TRN01970,2026-07-10,Open-source Research,Conference notice,"The Technology conference will discuss digital transformation, resilience and operational excellence. Registration closes next month.",0
TRN01971,2025-02-25,Open-source Research,Vendor access abused in OT intrusion,"Incident responders identified credential phishing against an electricity operator. The actor Copper Dune moved from a vendor workstation to an OT jump server and queried PLC services. Monitor node-1971-sync.example, 198.51.100.212 and hash ed97af3bde8b169f768a.",1
TRN01972,2025-06-12,Open-source Research,Conference notice,Researchers published a general vulnerability affecting energy utilities. The advisory applies to versions not deployed by the organisation and contains no evidence of active exploitation in Asia-Pacific.,0
TRN01973,2025-02-24,Regional ISAC,General technology bulletin,"The Cloud Services conference will discuss digital transformation, resilience and operational excellence. Registration closes next month.",0
TRN01974,2026-06-27,CERT-NA,Patch availability update,"A service notice confirms routine maintenance for router firmware. Temporary latency may occur during the approved maintenance window. The bulletin references security monitoring, risk assessment and operational resilience.",0
TRN01975,2026-05-04,Regional ISAC,Patch availability update,A scheduled backup agent update improves performance and resolves minor compatibility issues. No exploitation has been observed and no action is required beyond normal change management.,0
TRN01976,2025-02-28,CERT-NA,General technology bulletin,Researchers published a general vulnerability affecting energy utilities. The advisory applies to versions not deployed by the organisation and contains no evidence of active exploitation in Europe.,0
TRN01977,2025-12-02,Vendor Advisory,Conference notice,"The Compliance conference will discuss digital transformation, resilience and operational excellence. Registration closes next month.",0
TRN01978,2025-12-08,Regional ISAC,Patch availability update,Researchers published a general vulnerability affecting universities. The advisory applies to versions not deployed by the organisation and contains no evidence of active exploitation in Europe.,0
TRN01979,2025-09-21,Vendor Advisory,Vendor access abused in OT intrusion,"Incident responders identified DNS tunnelling against an electricity operator. The actor Copper Dune moved from a vendor workstation to an OT jump server and queried PLC services. Monitor node-1979-sync.example, 198.51.100.220 and hash ad31b97f1f1728a30c77.",1
TRN01980,2026-05-16,CERT-NA,General technology bulletin,A service notice confirms routine maintenance for router firmware. Temporary latency may occur during the approved maintenance window.,0
TRN01981,2025-10-06,Vendor Advisory,General technology bulletin,A scheduled billing platform update improves performance and resolves minor compatibility issues. No exploitation has been observed and no action is required beyond normal change management.,0
TRN01982,2026-01-29,Open-source Research,General technology bulletin,"The Cloud Services conference will discuss digital transformation, resilience and operational excellence. Registration closes next month.",0
TRN01983,2025-10-27,Regional ISAC,Industrial protocol reconnaissance observed,"Incident responders identified Modbus scanning against an electricity operator. The actor Copper Dune moved from a vendor workstation to an OT jump server and queried PLC services. Monitor node-1983-sync.example, 198.51.100.4 and hash ea91c98a28ee5a7413e7. The bulletin references security monitoring, risk assessment and operational resilience.",1
TRN01984,2025-07-20,Open-source Research,Energy-sector malware activity,"Night Heron is targeting energy utilities in North America using unknown PowerShell loader. Analysts observed credential phishing, unusual vendor access and attempts to reach operational technology networks. Indicators include node-1984-sync.example and 198.51.100.5.",1
TRN01985,2025-05-10,Open-source Research,Conference notice,Researchers published a general vulnerability affecting universities. The advisory applies to versions not deployed by the organisation and contains no evidence of active exploitation in Southern Africa.,0
TRN01986,2026-01-01,Open-source Research,Vendor access abused in OT intrusion,"Kalahari Jackal is targeting energy utilities in Asia-Pacific using unknown PowerShell loader. Analysts observed remote service abuse, unusual vendor access and attempts to reach operational technology networks. Indicators include node-1986-sync.example and 198.51.100.7.",1
TRN01987,2025-04-26,CERT-NA,Routine maintenance advisory,"The Compliance conference will discuss digital transformation, resilience and operational excellence. Registration closes next month.",0
TRN01988,2026-05-28,Vendor Advisory,Routine maintenance advisory,A scheduled billing platform update improves performance and resolves minor compatibility issues. No exploitation has been observed and no action is required beyond normal change management.,0
TRN01989,2025-07-13,Vendor Advisory,General technology bulletin,"The Compliance conference will discuss digital transformation, resilience and operational excellence. Registration closes next month.",0
TRN01990,2025-08-07,Commercial Intelligence,Energy-sector malware activity,"Copper Dune is targeting critical infrastructure operators in Asia-Pacific using Sandstorm Loader. Analysts observed Modbus scanning, unusual vendor access and attempts to reach operational technology networks. Indicators include node-1990-sync.example and 198.51.100.11. The bulletin references security monitoring, risk assessment and operational resilience.",1
TRN01991,2025-02-17,Vendor Advisory,Energy-sector malware activity,"A campaign affecting power distributors uses compromised maintenance accounts, PowerShell and GridLock. Activity includes remote service abuse, historian discovery and scanning of industrial protocols. The infrastructure node-1991-sync.example resolves to 198.51.100.12.",1
TRN01992,2025-10-16,Regional ISAC,Industrial protocol reconnaissance observed,"A campaign affecting power distributors uses compromised maintenance accounts, PowerShell and GridLock. Activity includes remote service abuse, historian discovery and scanning of industrial protocols. The infrastructure node-1992-sync.example resolves to 198.51.100.13. The bulletin references security monitoring, risk assessment and operational resilience.",1
TRN01993,2025-03-18,Open-source Research,Routine maintenance advisory,Researchers published a general vulnerability affecting energy utilities. The advisory applies to versions not deployed by the organisation and contains no evidence of active exploitation in Europe.,1
TRN01994,2026-06-29,Regional ISAC,Routine maintenance advisory,A service notice confirms routine maintenance for billing platform. Temporary latency may occur during the approved maintenance window.,0
TRN01995,2025-03-07,CERT-NA,Conference notice,"The Cloud Services conference will discuss digital transformation, resilience and operational excellence. Registration closes next month.",0
TRN01996,2025-10-02,Commercial Intelligence,Industrial protocol reconnaissance observed,"Incident responders identified vendor compromise against an electricity operator. The actor Night Heron moved from a vendor workstation to an OT jump server and queried PLC services. Monitor node-1996-sync.example, 198.51.100.17 and hash 6bf93fb43ac583470767.",1
TRN01997,2025-06-20,Vendor Advisory,Conference notice,A service notice confirms routine maintenance for backup agent. Temporary latency may occur during the approved maintenance window.,0
TRN01998,2025-11-06,Regional ISAC,General technology bulletin,"A service notice confirms routine maintenance for office suite. Temporary latency may occur during the approved maintenance window. The bulletin references security monitoring, risk assessment and operational resilience.",0
TRN01999,2025-09-02,Commercial Intelligence,Routine maintenance advisory,Researchers published a general vulnerability affecting financial institutions. The advisory applies to versions not deployed by the organisation and contains no evidence of active exploitation in Southern Africa.,0
TRN02000,2025-06-18,Open-source Research,General technology bulletin,A scheduled office suite update improves performance and resolves minor compatibility issues. No exploitation has been observed and no action is required beyond normal change management.,0
